level,url,status,seconds,platform,publisher,kind,declared
collection,https://openactive.io/data-catalogs/data-catalog-collection.jsonld,COMPLETE,0.23,,,,
catalogue,https://opendata.leisurecloud.live/api/datacatalog,COMPLETE,0.14,,,,31
catalogue,https://openactivedatacatalog.legendonlineservices.co.uk/api/DataCatalog,COMPLETE,0.16,,,,31
catalogue,https://openactive.io/data-catalogs/singular.jsonld,COMPLETE,0.18,,,,23
catalogue,https://app.bookteq.com/api/openactive/catalogue,COMPLETE,0.5,,,,88
site,https://activehartlepool.gs-signature.cloud/OpenActive/,COMPLETE,,opendata.leisurecloud.live,Active Hartlepool,,5
feed,https://opendata.leisurecloud.live/api/feeds/HartlepoolBoroughCouncil-live-course-instance,COMPLETE,0.1,opendata.leisurecloud.live,Active Hartlepool,CourseInstance,
feed,https://opendata.leisurecloud.live/api/feeds/HartlepoolBoroughCouncil-live-course-instance?afterTimestamp=0&afterId=,COMPLETE,0.14,opendata.leisurecloud.live,Active Hartlepool,CourseInstance,
feed,https://opendata.leisurecloud.live/api/feeds/HartlepoolBoroughCouncil-live-session-series,COMPLETE,0.13,opendata.leisurecloud.live,Active Hartlepool,SessionSeries,
feed,https://opendata.leisurecloud.live/api/feeds/HartlepoolBoroughCouncil-live-session-series?afterTimestamp=5936069&afterId=4H0630BSLSM0726,COMPLETE,0.1,opendata.leisurecloud.live,Active Hartlepool,SessionSeries,
feed,https://opendata.leisurecloud.live/api/feeds/HartlepoolBoroughCouncil-live-scheduled-sessions,COMPLETE,0.1,opendata.leisurecloud.live,Active Hartlepool,ScheduledSession,
feed,https://opendata.leisurecloud.live/api/feeds/HartlepoolBoroughCouncil-live-scheduled-sessions?afterTimestamp=5951270&afterId=00000000000050054602,COMPLETE,0.1,opendata.leisurecloud.live,Active Hartlepool,ScheduledSession,
feed,https://opendata.leisurecloud.live/api/feeds/HartlepoolBoroughCouncil-live-facility-uses,COMPLETE,0.09,opendata.leisurecloud.live,Active Hartlepool,FacilityUse,
feed,https://opendata.leisurecloud.live/api/feeds/HartlepoolBoroughCouncil-live-facility-uses?afterTimestamp=5720720&afterId=HSACT0004,COMPLETE,0.11,opendata.leisurecloud.live,Active Hartlepool,FacilityUse,
feed,https://opendata.leisurecloud.live/api/feeds/HartlepoolBoroughCouncil-live-slots,COMPLETE,0.12,opendata.leisurecloud.live,Active Hartlepool,Slot,
feed,https://opendata.leisurecloud.live/api/feeds/HartlepoolBoroughCouncil-live-slots?afterTimestamp=0&afterId=,COMPLETE,0.12,opendata.leisurecloud.live,Active Hartlepool,Slot,
site,https://activeleeds-oa.leisurecloud.net/OpenActive/,COMPLETE,,opendata.leisurecloud.live,Active Leeds,,5
feed,https://opendata.leisurecloud.live/api/feeds/ActiveLeeds-live-course-instance,COMPLETE,0.12,opendata.leisurecloud.live,Active Leeds,CourseInstance,
feed,https://opendata.leisurecloud.live/api/feeds/ActiveLeeds-live-course-instance?afterTimestamp=0&afterId=,COMPLETE,0.12,opendata.leisurecloud.live,Active Leeds,CourseInstance,
feed,https://opendata.leisurecloud.live/api/feeds/ActiveLeeds-live-session-series,COMPLETE,0.11,opendata.leisurecloud.live,Active Leeds,SessionSeries,
feed,https://opendata.leisurecloud.live/api/feeds/ActiveLeeds-live-session-series?afterTimestamp=114168827&afterId=GA2CLPI18200222,COMPLETE,0.1,opendata.leisurecloud.live,Active Leeds,SessionSeries,
feed,https://opendata.leisurecloud.live/api/feeds/ActiveLeeds-live-scheduled-sessions,COMPLETE,0.11,opendata.leisurecloud.live,Active Leeds,ScheduledSession,
feed,https://opendata.leisurecloud.live/api/feeds/ActiveLeeds-live-scheduled-sessions?afterTimestamp=118538982&afterId=00000000000010099869,COMPLETE,0.09,opendata.leisurecloud.live,Active Leeds,ScheduledSession,
feed,https://opendata.leisurecloud.live/api/feeds/ActiveLeeds-live-facility-uses,COMPLETE,0.09,opendata.leisurecloud.live,Active Leeds,FacilityUse,
feed,https://opendata.leisurecloud.live/api/feeds/ActiveLeeds-live-facility-uses?afterTimestamp=117885627&afterId=MIACT00011,COMPLETE,0.13,opendata.leisurecloud.live,Active Leeds,FacilityUse,
feed,https://opendata.leisurecloud.live/api/feeds/ActiveLeeds-live-slots,COMPLETE,0.12,opendata.leisurecloud.live,Active Leeds,Slot,
feed,https://opendata.leisurecloud.live/api/feeds/ActiveLeeds-live-slots?afterTimestamp=117723116&afterId=ARACT00103_2026-07-16T13-00-00,COMPLETE,0.09,opendata.leisurecloud.live,Active Leeds,Slot,
site,https://bccleisure.gs-signature.cloud/OpenActive/,COMPLETE,,opendata.leisurecloud.live,Birmingham City Council,,5
feed,https://opendata.leisurecloud.live/api/feeds/BirminghamCityCouncil-live-course-instance,COMPLETE,0.11,opendata.leisurecloud.live,Birmingham City Council,CourseInstance,
feed,https://opendata.leisurecloud.live/api/feeds/BirminghamCityCouncil-live-course-instance?afterTimestamp=0&afterId=,COMPLETE,0.1,opendata.leisurecloud.live,Birmingham City Council,CourseInstance,
feed,https://opendata.leisurecloud.live/api/feeds/BirminghamCityCouncil-live-session-series,COMPLETE,0.11,opendata.leisurecloud.live,Birmingham City Council,SessionSeries,
feed,https://opendata.leisurecloud.live/api/feeds/BirminghamCityCouncil-live-session-series?afterTimestamp=41801938&afterId=KS2SWIM19450626,COMPLETE,0.11,opendata.leisurecloud.live,Birmingham City Council,SessionSeries,
feed,https://opendata.leisurecloud.live/api/feeds/BirminghamCityCouncil-live-scheduled-sessions,COMPLETE,0.09,opendata.leisurecloud.live,Birmingham City Council,ScheduledSession,
feed,https://opendata.leisurecloud.live/api/feeds/BirminghamCityCouncil-live-scheduled-sessions?afterTimestamp=41827861&afterId=00000000000110062394,COMPLETE,0.09,opendata.leisurecloud.live,Birmingham City Council,ScheduledSession,
feed,https://opendata.leisurecloud.live/api/feeds/BirminghamCityCouncil-live-facility-uses,COMPLETE,0.09,opendata.leisurecloud.live,Birmingham City Council,FacilityUse,
feed,https://opendata.leisurecloud.live/api/feeds/BirminghamCityCouncil-live-facility-uses?afterTimestamp=33543621&afterId=SHACT00102,COMPLETE,0.1,opendata.leisurecloud.live,Birmingham City Council,FacilityUse,
feed,https://opendata.leisurecloud.live/api/feeds/BirminghamCityCouncil-live-slots,COMPLETE,0.1,opendata.leisurecloud.live,Birmingham City Council,Slot,
feed,https://opendata.leisurecloud.live/api/feeds/BirminghamCityCouncil-live-slots?afterTimestamp=41319157&afterId=HWACT00001_2026-07-21T11-00-00,COMPLETE,0.09,opendata.leisurecloud.live,Birmingham City Council,Slot,
site,https://bewellwigan.gs-signature.cloud/OpenActive/,COMPLETE,,opendata.leisurecloud.live,Wigan Leisure and Culture Trust,,5
feed,https://opendata.leisurecloud.live/api/feeds/WiganLeisureandCultureTrust-live-course-instance,COMPLETE,0.1,opendata.leisurecloud.live,Wigan Leisure and Culture Trust,CourseInstance,
feed,https://opendata.leisurecloud.live/api/feeds/WiganLeisureandCultureTrust-live-course-instance?afterTimestamp=62877957&afterId=RPL3009010126,COMPLETE,0.14,opendata.leisurecloud.live,Wigan Leisure and Culture Trust,CourseInstance,
feed,https://opendata.leisurecloud.live/api/feeds/WiganLeisureandCultureTrust-live-session-series,COMPLETE,0.11,opendata.leisurecloud.live,Wigan Leisure and Culture Trust,SessionSeries,
feed,https://opendata.leisurecloud.live/api/feeds/WiganLeisureandCultureTrust-live-session-series?afterTimestamp=53813492&afterId=WLC1GYM19000524,COMPLETE,0.1,opendata.leisurecloud.live,Wigan Leisure and Culture Trust,SessionSeries,
feed,https://opendata.leisurecloud.live/api/feeds/WiganLeisureandCultureTrust-live-scheduled-sessions,ERROR_HTTP_404,0.13,opendata.leisurecloud.live,Wigan Leisure and Culture Trust,ScheduledSession,
feed,https://opendata.leisurecloud.live/api/feeds/WiganLeisureandCultureTrust-live-facility-uses,COMPLETE,0.1,opendata.leisurecloud.live,Wigan Leisure and Culture Trust,FacilityUse,
feed,https://opendata.leisurecloud.live/api/feeds/WiganLeisureandCultureTrust-live-facility-uses?afterTimestamp=60886617&afterId=RPLACT0508,COMPLETE,0.13,opendata.leisurecloud.live,Wigan Leisure and Culture Trust,FacilityUse,
feed,https://opendata.leisurecloud.live/api/feeds/WiganLeisureandCultureTrust-live-slots,COMPLETE,0.09,opendata.leisurecloud.live,Wigan Leisure and Culture Trust,Slot,
feed,https://opendata.leisurecloud.live/api/feeds/WiganLeisureandCultureTrust-live-slots?afterTimestamp=62382194&afterId=ALCACT0302_2026-07-16T15-00-00,COMPLETE,0.09,opendata.leisurecloud.live,Wigan Leisure and Culture Trust,Slot,
site,https://brimhamsactive.gs-signature.cloud/OpenActive/,COMPLETE,,opendata.leisurecloud.live,Brimhams Active,,5
feed,https://opendata.leisurecloud.live/api/feeds/BrimhamsActive-live-course-instance,COMPLETE,0.11,opendata.leisurecloud.live,Brimhams Active,CourseInstance,
feed,https://opendata.leisurecloud.live/api/feeds/BrimhamsActive-live-course-instance?afterTimestamp=0&afterId=,COMPLETE,0.12,opendata.leisurecloud.live,Brimhams Active,CourseInstance,
feed,https://opendata.leisurecloud.live/api/feeds/BrimhamsActive-live-session-series,COMPLETE,0.12,opendata.leisurecloud.live,Brimhams Active,SessionSeries,
feed,https://opendata.leisurecloud.live/api/feeds/BrimhamsActive-live-session-series?afterTimestamp=78972431&afterId=KP3LS080001223,COMPLETE,0.11,opendata.leisurecloud.live,Brimhams Active,SessionSeries,
feed,https://opendata.leisurecloud.live/api/feeds/BrimhamsActive-live-scheduled-sessions,COMPLETE,0.09,opendata.leisurecloud.live,Brimhams Active,ScheduledSession,
feed,https://opendata.leisurecloud.live/api/feeds/BrimhamsActive-live-scheduled-sessions?afterTimestamp=87782607&afterId=00000000000020032529,COMPLETE,0.09,opendata.leisurecloud.live,Brimhams Active,ScheduledSession,
feed,https://opendata.leisurecloud.live/api/feeds/BrimhamsActive-live-facility-uses,COMPLETE,0.08,opendata.leisurecloud.live,Brimhams Active,FacilityUse,
feed,https://opendata.leisurecloud.live/api/feeds/BrimhamsActive-live-facility-uses?afterTimestamp=86548230&afterId=NPACT00103,COMPLETE,0.1,opendata.leisurecloud.live,Brimhams Active,FacilityUse,
feed,https://opendata.leisurecloud.live/api/feeds/BrimhamsActive-live-slots,COMPLETE,0.1,opendata.leisurecloud.live,Brimhams Active,Slot,
feed,https://opendata.leisurecloud.live/api/feeds/BrimhamsActive-live-slots?afterTimestamp=87006860&afterId=KPACT00104_2026-07-19T19-00-00,COMPLETE,0.09,opendata.leisurecloud.live,Brimhams Active,Slot,
site,https://castlepoint.gs-signature.cloud/OpenActive/,COMPLETE,,opendata.leisurecloud.live,Castlepoint,,5
feed,https://opendata.leisurecloud.live/api/feeds/Castlepoint-live-course-instance,COMPLETE,0.12,opendata.leisurecloud.live,Castlepoint,CourseInstance,
feed,https://opendata.leisurecloud.live/api/feeds/Castlepoint-live-course-instance?afterTimestamp=0&afterId=,COMPLETE,0.1,opendata.leisurecloud.live,Castlepoint,CourseInstance,
feed,https://opendata.leisurecloud.live/api/feeds/Castlepoint-live-session-series,COMPLETE,0.15,opendata.leisurecloud.live,Castlepoint,SessionSeries,
feed,https://opendata.leisurecloud.live/api/feeds/Castlepoint-live-session-series?afterTimestamp=92792263&afterId=W11500SOFTP0831,COMPLETE,0.21,opendata.leisurecloud.live,Castlepoint,SessionSeries,
feed,https://opendata.leisurecloud.live/api/feeds/Castlepoint-live-scheduled-sessions,COMPLETE,0.13,opendata.leisurecloud.live,Castlepoint,ScheduledSession,
feed,https://opendata.leisurecloud.live/api/feeds/Castlepoint-live-scheduled-sessions?afterTimestamp=109701836&afterId=00000000000051045279,COMPLETE,0.09,opendata.leisurecloud.live,Castlepoint,ScheduledSession,
feed,https://opendata.leisurecloud.live/api/feeds/Castlepoint-live-facility-uses,COMPLETE,0.09,opendata.leisurecloud.live,Castlepoint,FacilityUse,
feed,https://opendata.leisurecloud.live/api/feeds/Castlepoint-live-facility-uses?afterTimestamp=80368538&afterId=WMGENIRE1,COMPLETE,0.19,opendata.leisurecloud.live,Castlepoint,FacilityUse,
feed,https://opendata.leisurecloud.live/api/feeds/Castlepoint-live-slots,COMPLETE,0.09,opendata.leisurecloud.live,Castlepoint,Slot,
feed,https://opendata.leisurecloud.live/api/feeds/Castlepoint-live-slots?afterTimestamp=108521304&afterId=WMGENIRE6_2026-07-15T21-00-00,COMPLETE,0.13,opendata.leisurecloud.live,Castlepoint,Slot,
site,https://chelmsfordcitysports.gs-signature.cloud/OpenActive/,COMPLETE,,opendata.leisurecloud.live,Chelmsford City Sports,,5
feed,https://opendata.leisurecloud.live/api/feeds/ChelmsfordCitySports-live-course-instance,COMPLETE,0.1,opendata.leisurecloud.live,Chelmsford City Sports,CourseInstance,
feed,https://opendata.leisurecloud.live/api/feeds/ChelmsfordCitySports-live-course-instance?afterTimestamp=43042870&afterId=C707060940,COMPLETE,0.09,opendata.leisurecloud.live,Chelmsford City Sports,CourseInstance,
feed,https://opendata.leisurecloud.live/api/feeds/ChelmsfordCitySports-live-session-series,COMPLETE,0.13,opendata.leisurecloud.live,Chelmsford City Sports,SessionSeries,
feed,https://opendata.leisurecloud.live/api/feeds/ChelmsfordCitySports-live-session-series?afterTimestamp=40881362&afterId=C6CLDAA09450125,COMPLETE,0.13,opendata.leisurecloud.live,Chelmsford City Sports,SessionSeries,
feed,https://opendata.leisurecloud.live/api/feeds/ChelmsfordCitySports-live-scheduled-sessions,COMPLETE,0.09,opendata.leisurecloud.live,Chelmsford City Sports,ScheduledSession,
feed,https://opendata.leisurecloud.live/api/feeds/ChelmsfordCitySports-live-scheduled-sessions?afterTimestamp=44347544&afterId=00000000000010519087,COMPLETE,0.09,opendata.leisurecloud.live,Chelmsford City Sports,ScheduledSession,
feed,https://opendata.leisurecloud.live/api/feeds/ChelmsfordCitySports-live-facility-uses,COMPLETE,0.11,opendata.leisurecloud.live,Chelmsford City Sports,FacilityUse,
feed,https://opendata.leisurecloud.live/api/feeds/ChelmsfordCitySports-live-facility-uses?afterTimestamp=44337604&afterId=CQUICKINDUCTION,COMPLETE,0.12,opendata.leisurecloud.live,Chelmsford City Sports,FacilityUse,
feed,https://opendata.leisurecloud.live/api/feeds/ChelmsfordCitySports-live-slots,COMPLETE,0.14,opendata.leisurecloud.live,Chelmsford City Sports,Slot,
feed,https://opendata.leisurecloud.live/api/feeds/ChelmsfordCitySports-live-slots?afterTimestamp=42607341&afterId=CFOOTBALL_2026-07-15T19-00-00,COMPLETE,0.13,opendata.leisurecloud.live,Chelmsford City Sports,Slot,
site,https://chelmsfordcitysports.leisurecloud.net/OpenActive/,COMPLETE,,opendata.leisurecloud.live,Chelmsford City Sports,,5
feed,https://opendata.leisurecloud.live/api/feeds/ChelmsfordCitySports-live-course-instance,COMPLETE,0.09,opendata.leisurecloud.live,Chelmsford City Sports,CourseInstance,
feed,https://opendata.leisurecloud.live/api/feeds/ChelmsfordCitySports-live-course-instance?afterTimestamp=43042870&afterId=C707060940,COMPLETE,0.08,opendata.leisurecloud.live,Chelmsford City Sports,CourseInstance,
feed,https://opendata.leisurecloud.live/api/feeds/ChelmsfordCitySports-live-session-series,COMPLETE,0.11,opendata.leisurecloud.live,Chelmsford City Sports,SessionSeries,
feed,https://opendata.leisurecloud.live/api/feeds/ChelmsfordCitySports-live-session-series?afterTimestamp=40881362&afterId=C6CLDAA09450125,COMPLETE,0.1,opendata.leisurecloud.live,Chelmsford City Sports,SessionSeries,
feed,https://opendata.leisurecloud.live/api/feeds/ChelmsfordCitySports-live-scheduled-sessions,COMPLETE,0.08,opendata.leisurecloud.live,Chelmsford City Sports,ScheduledSession,
feed,https://opendata.leisurecloud.live/api/feeds/ChelmsfordCitySports-live-scheduled-sessions?afterTimestamp=44347544&afterId=00000000000010519087,COMPLETE,0.09,opendata.leisurecloud.live,Chelmsford City Sports,ScheduledSession,
feed,https://opendata.leisurecloud.live/api/feeds/ChelmsfordCitySports-live-facility-uses,COMPLETE,0.09,opendata.leisurecloud.live,Chelmsford City Sports,FacilityUse,
feed,https://opendata.leisurecloud.live/api/feeds/ChelmsfordCitySports-live-facility-uses?afterTimestamp=44337604&afterId=CQUICKINDUCTION,COMPLETE,0.1,opendata.leisurecloud.live,Chelmsford City Sports,FacilityUse,
feed,https://opendata.leisurecloud.live/api/feeds/ChelmsfordCitySports-live-slots,COMPLETE,0.1,opendata.leisurecloud.live,Chelmsford City Sports,Slot,
feed,https://opendata.leisurecloud.live/api/feeds/ChelmsfordCitySports-live-slots?afterTimestamp=42607341&afterId=CFOOTBALL_2026-07-15T19-00-00,COMPLETE,0.1,opendata.leisurecloud.live,Chelmsford City Sports,Slot,
site,https://connect.pembrokeshire.gov.uk/OpenActive/,COMPLETE,,opendata.leisurecloud.live,Pembrokeshire Leisure,,5
feed,https://opendata.leisurecloud.live/api/feeds/Pembrokeshire-live-course-instance,COMPLETE,0.11,opendata.leisurecloud.live,Pembrokeshire Leisure,CourseInstance,
feed,https://opendata.leisurecloud.live/api/feeds/Pembrokeshire-live-course-instance?afterTimestamp=0&afterId=,COMPLETE,0.11,opendata.leisurecloud.live,Pembrokeshire Leisure,CourseInstance,
feed,https://opendata.leisurecloud.live/api/feeds/Pembrokeshire-live-session-series,COMPLETE,0.18,opendata.leisurecloud.live,Pembrokeshire Leisure,SessionSeries,
feed,https://opendata.leisurecloud.live/api/feeds/Pembrokeshire-live-session-series?afterTimestamp=237993635&afterId=PLCMX4THUREVE,COMPLETE,0.25,opendata.leisurecloud.live,Pembrokeshire Leisure,SessionSeries,
feed,https://opendata.leisurecloud.live/api/feeds/Pembrokeshire-live-scheduled-sessions,COMPLETE,0.08,opendata.leisurecloud.live,Pembrokeshire Leisure,ScheduledSession,
feed,https://opendata.leisurecloud.live/api/feeds/Pembrokeshire-live-scheduled-sessions?afterTimestamp=246306866&afterId=00000000000801318287,COMPLETE,0.1,opendata.leisurecloud.live,Pembrokeshire Leisure,ScheduledSession,
feed,https://opendata.leisurecloud.live/api/feeds/Pembrokeshire-live-facility-uses,COMPLETE,0.09,opendata.leisurecloud.live,Pembrokeshire Leisure,FacilityUse,
feed,https://opendata.leisurecloud.live/api/feeds/Pembrokeshire-live-facility-uses?afterTimestamp=246717772&afterId=S007,COMPLETE,0.1,opendata.leisurecloud.live,Pembrokeshire Leisure,FacilityUse,
feed,https://opendata.leisurecloud.live/api/feeds/Pembrokeshire-live-slots,COMPLETE,0.11,opendata.leisurecloud.live,Pembrokeshire Leisure,Slot,
feed,https://opendata.leisurecloud.live/api/feeds/Pembrokeshire-live-slots?afterTimestamp=246124793&afterId=PABAC1TS_2026-07-15T00-00-00,COMPLETE,0.12,opendata.leisurecloud.live,Pembrokeshire Leisure,Slot,
site,https://conwy.gs-signature.cloud/OpenActive/,COMPLETE,,opendata.leisurecloud.live,Conwy,,5
feed,https://opendata.leisurecloud.live/api/feeds/Conwy-live-course-instance,COMPLETE,0.13,opendata.leisurecloud.live,Conwy,CourseInstance,
feed,https://opendata.leisurecloud.live/api/feeds/Conwy-live-course-instance?afterTimestamp=0&afterId=,COMPLETE,0.1,opendata.leisurecloud.live,Conwy,CourseInstance,
feed,https://opendata.leisurecloud.live/api/feeds/Conwy-live-session-series,COMPLETE,0.13,opendata.leisurecloud.live,Conwy,SessionSeries,
feed,https://opendata.leisurecloud.live/api/feeds/Conwy-live-session-series?afterTimestamp=26249427&afterId=J1FT1AB17001225,COMPLETE,0.11,opendata.leisurecloud.live,Conwy,SessionSeries,
feed,https://opendata.leisurecloud.live/api/feeds/Conwy-live-scheduled-sessions,COMPLETE,0.09,opendata.leisurecloud.live,Conwy,ScheduledSession,
feed,https://opendata.leisurecloud.live/api/feeds/Conwy-live-scheduled-sessions?afterTimestamp=41212763&afterId=00000000000010709487,COMPLETE,0.08,opendata.leisurecloud.live,Conwy,ScheduledSession,
feed,https://opendata.leisurecloud.live/api/feeds/Conwy-live-facility-uses,COMPLETE,0.1,opendata.leisurecloud.live,Conwy,FacilityUse,
feed,https://opendata.leisurecloud.live/api/feeds/Conwy-live-facility-uses?afterTimestamp=35550199&afterId=BIHSQ01,COMPLETE,0.1,opendata.leisurecloud.live,Conwy,FacilityUse,
feed,https://opendata.leisurecloud.live/api/feeds/Conwy-live-slots,COMPLETE,0.16,opendata.leisurecloud.live,Conwy,Slot,
feed,https://opendata.leisurecloud.live/api/feeds/Conwy-live-slots?afterTimestamp=39180152&afterId=HFTFS03_2026-07-15T15-15-00,COMPLETE,0.13,opendata.leisurecloud.live,Conwy,Slot,
site,https://data.everyoneactive.com/OpenActive/,COMPLETE,,opendata.leisurecloud.live,Everyone Active,,5
feed,https://opendata.leisurecloud.live/api/feeds/EveryoneActive-live-course-instance,COMPLETE,0.11,opendata.leisurecloud.live,Everyone Active,CourseInstance,
feed,https://opendata.leisurecloud.live/api/feeds/EveryoneActive-live-course-instance?afterTimestamp=259997453&afterId=3844R28C1800226,COMPLETE,0.25,opendata.leisurecloud.live,Everyone Active,CourseInstance,
feed,https://opendata.leisurecloud.live/api/feeds/EveryoneActive-live-session-series,COMPLETE,0.13,opendata.leisurecloud.live,Everyone Active,SessionSeries,
feed,https://opendata.leisurecloud.live/api/feeds/EveryoneActive-live-session-series?afterTimestamp=4818074099&afterId=2051B4307000425,COMPLETE,0.13,opendata.leisurecloud.live,Everyone Active,SessionSeries,
feed,https://opendata.leisurecloud.live/api/feeds/EveryoneActive-live-scheduled-sessions,COMPLETE,0.09,opendata.leisurecloud.live,Everyone Active,ScheduledSession,
feed,https://opendata.leisurecloud.live/api/feeds/EveryoneActive-live-scheduled-sessions?afterTimestamp=346279906&afterId=00000000000865163071,COMPLETE,0.09,opendata.leisurecloud.live,Everyone Active,ScheduledSession,
feed,https://opendata.leisurecloud.live/api/feeds/EveryoneActive-live-facility-uses,COMPLETE,0.14,opendata.leisurecloud.live,Everyone Active,FacilityUse,
feed,https://opendata.leisurecloud.live/api/feeds/EveryoneActive-live-facility-uses?afterTimestamp=4820192531&afterId=169PICK060SH002,COMPLETE,0.13,opendata.leisurecloud.live,Everyone Active,FacilityUse,
feed,https://opendata.leisurecloud.live/api/feeds/EveryoneActive-live-slots,COMPLETE,0.13,opendata.leisurecloud.live,Everyone Active,Slot,
feed,https://opendata.leisurecloud.live/api/feeds/EveryoneActive-live-slots?afterTimestamp=0&afterId=,COMPLETE,0.12,opendata.leisurecloud.live,Everyone Active,Slot,
site,https://lamptonleisure.gs-signature.cloud/OpenActive/,COMPLETE,,opendata.leisurecloud.live,Lampton Leisure,,5
feed,https://opendata.leisurecloud.live/api/feeds/LamptonLeisure-live-course-instance,COMPLETE,0.11,opendata.leisurecloud.live,Lampton Leisure,CourseInstance,
feed,https://opendata.leisurecloud.live/api/feeds/LamptonLeisure-live-course-instance?afterTimestamp=0&afterId=,COMPLETE,0.11,opendata.leisurecloud.live,Lampton Leisure,CourseInstance,
feed,https://opendata.leisurecloud.live/api/feeds/LamptonLeisure-live-session-series,COMPLETE,0.13,opendata.leisurecloud.live,Lampton Leisure,SessionSeries,
feed,https://opendata.leisurecloud.live/api/feeds/LamptonLeisure-live-session-series?afterTimestamp=62552201&afterId=NCPJNG15300426,COMPLETE,0.12,opendata.leisurecloud.live,Lampton Leisure,SessionSeries,
feed,https://opendata.leisurecloud.live/api/feeds/LamptonLeisure-live-scheduled-sessions,COMPLETE,0.1,opendata.leisurecloud.live,Lampton Leisure,ScheduledSession,
feed,https://opendata.leisurecloud.live/api/feeds/LamptonLeisure-live-scheduled-sessions?afterTimestamp=72065076&afterId=00000000000010177118,COMPLETE,0.09,opendata.leisurecloud.live,Lampton Leisure,ScheduledSession,
feed,https://opendata.leisurecloud.live/api/feeds/LamptonLeisure-live-facility-uses,COMPLETE,0.1,opendata.leisurecloud.live,Lampton Leisure,FacilityUse,
feed,https://opendata.leisurecloud.live/api/feeds/LamptonLeisure-live-facility-uses?afterTimestamp=71449260&afterId=FALTENNIS,COMPLETE,0.11,opendata.leisurecloud.live,Lampton Leisure,FacilityUse,
feed,https://opendata.leisurecloud.live/api/feeds/LamptonLeisure-live-slots,COMPLETE,0.17,opendata.leisurecloud.live,Lampton Leisure,Slot,
feed,https://opendata.leisurecloud.live/api/feeds/LamptonLeisure-live-slots?afterTimestamp=70784764&afterId=FALGYMPROGRAMME_2026-07-16T20-15-00,COMPLETE,0.15,opendata.leisurecloud.live,Lampton Leisure,Slot,
site,https://ledleisure.gs-signature.cloud/OpenActive/,COMPLETE,,opendata.leisurecloud.live,LED Community Leisure Ltd,,5
feed,https://opendata.leisurecloud.live/api/feeds/LEDCommunityLeisureLtd-live-course-instance,COMPLETE,0.11,opendata.leisurecloud.live,LED Community Leisure Ltd,CourseInstance,
feed,https://opendata.leisurecloud.live/api/feeds/LEDCommunityLeisureLtd-live-course-instance?afterTimestamp=9736417&afterId=ELCJUNIORSEA4,COMPLETE,0.12,opendata.leisurecloud.live,LED Community Leisure Ltd,CourseInstance,
feed,https://opendata.leisurecloud.live/api/feeds/LEDCommunityLeisureLtd-live-session-series,COMPLETE,0.2,opendata.leisurecloud.live,LED Community Leisure Ltd,SessionSeries,
feed,https://opendata.leisurecloud.live/api/feeds/LEDCommunityLeisureLtd-live-session-series?afterTimestamp=5468456&afterId=VIRTTRIPMON1,COMPLETE,0.21,opendata.leisurecloud.live,LED Community Leisure Ltd,SessionSeries,
feed,https://opendata.leisurecloud.live/api/feeds/LEDCommunityLeisureLtd-live-scheduled-sessions,COMPLETE,0.13,opendata.leisurecloud.live,LED Community Leisure Ltd,ScheduledSession,
feed,https://opendata.leisurecloud.live/api/feeds/LEDCommunityLeisureLtd-live-scheduled-sessions?afterTimestamp=9114046&afterId=00000000000080918630,COMPLETE,0.09,opendata.leisurecloud.live,LED Community Leisure Ltd,ScheduledSession,
feed,https://opendata.leisurecloud.live/api/feeds/LEDCommunityLeisureLtd-live-facility-uses,COMPLETE,0.11,opendata.leisurecloud.live,LED Community Leisure Ltd,FacilityUse,
feed,https://opendata.leisurecloud.live/api/feeds/LEDCommunityLeisureLtd-live-facility-uses?afterTimestamp=9509672&afterId=MU40049,COMPLETE,0.09,opendata.leisurecloud.live,LED Community Leisure Ltd,FacilityUse,
feed,https://opendata.leisurecloud.live/api/feeds/LEDCommunityLeisureLtd-live-slots,COMPLETE,0.13,opendata.leisurecloud.live,LED Community Leisure Ltd,Slot,
feed,https://opendata.leisurecloud.live/api/feeds/LEDCommunityLeisureLtd-live-slots?afterTimestamp=7952354&afterId=STAFFTRAINING5_2026-07-15T20-00-00,COMPLETE,0.13,opendata.leisurecloud.live,LED Community Leisure Ltd,Slot,
site,https://leisuresk.leisurecloud.net/OpenActive/,COMPLETE,,opendata.leisurecloud.live,Leisure SK,,5
feed,https://opendata.leisurecloud.live/api/feeds/LeisureSK-live-course-instance,COMPLETE,0.2,opendata.leisurecloud.live,Leisure SK,CourseInstance,
feed,https://opendata.leisurecloud.live/api/feeds/LeisureSK-live-course-instance?afterTimestamp=0&afterId=,COMPLETE,0.15,opendata.leisurecloud.live,Leisure SK,CourseInstance,
feed,https://opendata.leisurecloud.live/api/feeds/LeisureSK-live-session-series,COMPLETE,0.13,opendata.leisurecloud.live,Leisure SK,SessionSeries,
feed,https://opendata.leisurecloud.live/api/feeds/LeisureSK-live-session-series?afterTimestamp=78480585&afterId=A7CLLSW12300921,COMPLETE,0.09,opendata.leisurecloud.live,Leisure SK,SessionSeries,
feed,https://opendata.leisurecloud.live/api/feeds/LeisureSK-live-scheduled-sessions,COMPLETE,0.08,opendata.leisurecloud.live,Leisure SK,ScheduledSession,
feed,https://opendata.leisurecloud.live/api/feeds/LeisureSK-live-scheduled-sessions?afterTimestamp=78653941&afterId=00000000000030094718,COMPLETE,0.08,opendata.leisurecloud.live,Leisure SK,ScheduledSession,
feed,https://opendata.leisurecloud.live/api/feeds/LeisureSK-live-facility-uses,COMPLETE,0.1,opendata.leisurecloud.live,Leisure SK,FacilityUse,
feed,https://opendata.leisurecloud.live/api/feeds/LeisureSK-live-facility-uses?afterTimestamp=71970604&afterId=SKAFITSESH,COMPLETE,0.1,opendata.leisurecloud.live,Leisure SK,FacilityUse,
feed,https://opendata.leisurecloud.live/api/feeds/LeisureSK-live-slots,COMPLETE,0.12,opendata.leisurecloud.live,Leisure SK,Slot,
feed,https://opendata.leisurecloud.live/api/feeds/LeisureSK-live-slots?afterTimestamp=78172898&afterId=SKAFITSESH_2026-07-20T19-00-00,COMPLETE,0.12,opendata.leisurecloud.live,Leisure SK,Slot,
site,https://leisureworldmembership.leisurecloud.net/OpenActive/,COMPLETE,,opendata.leisurecloud.live,Colchester Leisure World,,5
feed,https://opendata.leisurecloud.live/api/feeds/ColchesterLeisureWorld-live-course-instance,COMPLETE,0.11,opendata.leisurecloud.live,Colchester Leisure World,CourseInstance,
feed,https://opendata.leisurecloud.live/api/feeds/ColchesterLeisureWorld-live-course-instance?afterTimestamp=0&afterId=,COMPLETE,0.11,opendata.leisurecloud.live,Colchester Leisure World,CourseInstance,
feed,https://opendata.leisurecloud.live/api/feeds/ColchesterLeisureWorld-live-session-series,COMPLETE,0.15,opendata.leisurecloud.live,Colchester Leisure World,SessionSeries,
feed,https://opendata.leisurecloud.live/api/feeds/ColchesterLeisureWorld-live-session-series?afterTimestamp=87435641&afterId=N3CLLDI20300726,COMPLETE,0.12,opendata.leisurecloud.live,Colchester Leisure World,SessionSeries,
feed,https://opendata.leisurecloud.live/api/feeds/ColchesterLeisureWorld-live-scheduled-sessions,COMPLETE,0.08,opendata.leisurecloud.live,Colchester Leisure World,ScheduledSession,
feed,https://opendata.leisurecloud.live/api/feeds/ColchesterLeisureWorld-live-scheduled-sessions?afterTimestamp=90830730&afterId=00000000000050265612,COMPLETE,0.1,opendata.leisurecloud.live,Colchester Leisure World,ScheduledSession,
feed,https://opendata.leisurecloud.live/api/feeds/ColchesterLeisureWorld-live-facility-uses,COMPLETE,0.08,opendata.leisurecloud.live,Colchester Leisure World,FacilityUse,
feed,https://opendata.leisurecloud.live/api/feeds/ColchesterLeisureWorld-live-facility-uses?afterTimestamp=88186734&afterId=CACTINTROPT30,COMPLETE,0.11,opendata.leisurecloud.live,Colchester Leisure World,FacilityUse,
feed,https://opendata.leisurecloud.live/api/feeds/ColchesterLeisureWorld-live-slots,COMPLETE,0.11,opendata.leisurecloud.live,Colchester Leisure World,Slot,
feed,https://opendata.leisurecloud.live/api/feeds/ColchesterLeisureWorld-live-slots?afterTimestamp=88900526&afterId=NACTIVA2_2026-07-15T18-15-00,COMPLETE,0.13,opendata.leisurecloud.live,Colchester Leisure World,Slot,
site,https://lleisure.gs-signature.cloud/OpenActive/,COMPLETE,,opendata.leisurecloud.live,Liberty Leisure,,5
feed,https://opendata.leisurecloud.live/api/feeds/LibertyLeisure-live-course-instance,COMPLETE,0.12,opendata.leisurecloud.live,Liberty Leisure,CourseInstance,
feed,https://opendata.leisurecloud.live/api/feeds/LibertyLeisure-live-course-instance?afterTimestamp=0&afterId=,COMPLETE,0.21,opendata.leisurecloud.live,Liberty Leisure,CourseInstance,
feed,https://opendata.leisurecloud.live/api/feeds/LibertyLeisure-live-session-series,COMPLETE,0.21,opendata.leisurecloud.live,Liberty Leisure,SessionSeries,
feed,https://opendata.leisurecloud.live/api/feeds/LibertyLeisure-live-session-series?afterTimestamp=69688135&afterId=B3SPSWM12002907,COMPLETE,0.21,opendata.leisurecloud.live,Liberty Leisure,SessionSeries,
feed,https://opendata.leisurecloud.live/api/feeds/LibertyLeisure-live-scheduled-sessions,COMPLETE,0.09,opendata.leisurecloud.live,Liberty Leisure,ScheduledSession,
feed,https://opendata.leisurecloud.live/api/feeds/LibertyLeisure-live-scheduled-sessions?afterTimestamp=69680130&afterId=00000000000010214570,COMPLETE,0.09,opendata.leisurecloud.live,Liberty Leisure,ScheduledSession,
feed,https://opendata.leisurecloud.live/api/feeds/LibertyLeisure-live-facility-uses,COMPLETE,0.11,opendata.leisurecloud.live,Liberty Leisure,FacilityUse,
feed,https://opendata.leisurecloud.live/api/feeds/LibertyLeisure-live-facility-uses?afterTimestamp=64589558&afterId=CHOSPH0010,COMPLETE,0.12,opendata.leisurecloud.live,Liberty Leisure,FacilityUse,
feed,https://opendata.leisurecloud.live/api/feeds/LibertyLeisure-live-slots,COMPLETE,0.18,opendata.leisurecloud.live,Liberty Leisure,Slot,
feed,https://opendata.leisurecloud.live/api/feeds/LibertyLeisure-live-slots?afterTimestamp=68479711&afterId=SCPGYM0025_2026-07-16T20-00-00,COMPLETE,0.11,opendata.leisurecloud.live,Liberty Leisure,Slot,
site,https://ocll.gs-signature.cloud/OpenActive/,COMPLETE,,opendata.leisurecloud.live,Oldham Community Leisure,,5
feed,https://opendata.leisurecloud.live/api/feeds/OldhamCommunityLeisure-live-course-instance,COMPLETE,0.11,opendata.leisurecloud.live,Oldham Community Leisure,CourseInstance,
feed,https://opendata.leisurecloud.live/api/feeds/OldhamCommunityLeisure-live-course-instance?afterTimestamp=0&afterId=,COMPLETE,0.1,opendata.leisurecloud.live,Oldham Community Leisure,CourseInstance,
feed,https://opendata.leisurecloud.live/api/feeds/OldhamCommunityLeisure-live-session-series,COMPLETE,0.12,opendata.leisurecloud.live,Oldham Community Leisure,SessionSeries,
feed,https://opendata.leisurecloud.live/api/feeds/OldhamCommunityLeisure-live-session-series?afterTimestamp=12781660&afterId=WZ2VLF9UWTX96S3,COMPLETE,0.13,opendata.leisurecloud.live,Oldham Community Leisure,SessionSeries,
feed,https://opendata.leisurecloud.live/api/feeds/OldhamCommunityLeisure-live-scheduled-sessions,COMPLETE,0.08,opendata.leisurecloud.live,Oldham Community Leisure,ScheduledSession,
feed,https://opendata.leisurecloud.live/api/feeds/OldhamCommunityLeisure-live-scheduled-sessions?afterTimestamp=12863156&afterId=00000000000010483695,COMPLETE,0.09,opendata.leisurecloud.live,Oldham Community Leisure,ScheduledSession,
feed,https://opendata.leisurecloud.live/api/feeds/OldhamCommunityLeisure-live-facility-uses,COMPLETE,0.1,opendata.leisurecloud.live,Oldham Community Leisure,FacilityUse,
feed,https://opendata.leisurecloud.live/api/feeds/OldhamCommunityLeisure-live-facility-uses?afterTimestamp=12471326&afterId=OSCTEN,COMPLETE,0.15,opendata.leisurecloud.live,Oldham Community Leisure,FacilityUse,
feed,https://opendata.leisurecloud.live/api/feeds/OldhamCommunityLeisure-live-slots,COMPLETE,0.1,opendata.leisurecloud.live,Oldham Community Leisure,Slot,
feed,https://opendata.leisurecloud.live/api/feeds/OldhamCommunityLeisure-live-slots?afterTimestamp=12652226&afterId=OSCBAD_2026-07-24T17-00-00,COMPLETE,0.14,opendata.leisurecloud.live,Oldham Community Leisure,Slot,
site,https://oneleisure.gs-signature.cloud/OpenActive/,COMPLETE,,opendata.leisurecloud.live,Huntingdonshire District Council,,5
feed,https://opendata.leisurecloud.live/api/feeds/OneLeisure-live-course-instance,COMPLETE,0.12,opendata.leisurecloud.live,Huntingdonshire District Council,CourseInstance,
feed,https://opendata.leisurecloud.live/api/feeds/OneLeisure-live-course-instance?afterTimestamp=0&afterId=,COMPLETE,0.11,opendata.leisurecloud.live,Huntingdonshire District Council,CourseInstance,
feed,https://opendata.leisurecloud.live/api/feeds/OneLeisure-live-session-series,COMPLETE,0.14,opendata.leisurecloud.live,Huntingdonshire District Council,SessionSeries,
feed,https://opendata.leisurecloud.live/api/feeds/OneLeisure-live-session-series?afterTimestamp=81461522&afterId=I2SWMAQUANATSPP,COMPLETE,0.12,opendata.leisurecloud.live,Huntingdonshire District Council,SessionSeries,
feed,https://opendata.leisurecloud.live/api/feeds/OneLeisure-live-scheduled-sessions,COMPLETE,0.1,opendata.leisurecloud.live,Huntingdonshire District Council,ScheduledSession,
feed,https://opendata.leisurecloud.live/api/feeds/OneLeisure-live-scheduled-sessions?afterTimestamp=81576223&afterId=00000000000500640290,COMPLETE,0.08,opendata.leisurecloud.live,Huntingdonshire District Council,ScheduledSession,
feed,https://opendata.leisurecloud.live/api/feeds/OneLeisure-live-facility-uses,COMPLETE,0.11,opendata.leisurecloud.live,Huntingdonshire District Council,FacilityUse,
feed,https://opendata.leisurecloud.live/api/feeds/OneLeisure-live-facility-uses?afterTimestamp=80768268&afterId=IBL603B,COMPLETE,0.1,opendata.leisurecloud.live,Huntingdonshire District Council,FacilityUse,
feed,https://opendata.leisurecloud.live/api/feeds/OneLeisure-live-slots,COMPLETE,0.13,opendata.leisurecloud.live,Huntingdonshire District Council,Slot,
feed,https://opendata.leisurecloud.live/api/feeds/OneLeisure-live-slots?afterTimestamp=79481383&afterId=RR083_2026-07-15T15-00-00,COMPLETE,0.17,opendata.leisurecloud.live,Huntingdonshire District Council,Slot,
site,https://oxforduniversity.leisurecloud.net/OpenActive/,COMPLETE,,opendata.leisurecloud.live,Oxford University,,5
feed,https://opendata.leisurecloud.live/api/feeds/OxfordUniversity-live-course-instance,COMPLETE,0.11,opendata.leisurecloud.live,Oxford University,CourseInstance,
feed,https://opendata.leisurecloud.live/api/feeds/OxfordUniversity-live-course-instance?afterTimestamp=0&afterId=,COMPLETE,0.11,opendata.leisurecloud.live,Oxford University,CourseInstance,
feed,https://opendata.leisurecloud.live/api/feeds/OxfordUniversity-live-session-series,COMPLETE,0.09,opendata.leisurecloud.live,Oxford University,SessionSeries,
feed,https://opendata.leisurecloud.live/api/feeds/OxfordUniversity-live-session-series?afterTimestamp=85870075&afterId=3CLAABS17150326,COMPLETE,0.11,opendata.leisurecloud.live,Oxford University,SessionSeries,
feed,https://opendata.leisurecloud.live/api/feeds/OxfordUniversity-live-scheduled-sessions,COMPLETE,0.09,opendata.leisurecloud.live,Oxford University,ScheduledSession,
feed,https://opendata.leisurecloud.live/api/feeds/OxfordUniversity-live-scheduled-sessions?afterTimestamp=85938456&afterId=00000000000011404640,COMPLETE,0.09,opendata.leisurecloud.live,Oxford University,ScheduledSession,
feed,https://opendata.leisurecloud.live/api/feeds/OxfordUniversity-live-facility-uses,COMPLETE,0.12,opendata.leisurecloud.live,Oxford University,FacilityUse,
feed,https://opendata.leisurecloud.live/api/feeds/OxfordUniversity-live-facility-uses?afterTimestamp=85930080&afterId=ACTRFC0001,COMPLETE,0.12,opendata.leisurecloud.live,Oxford University,FacilityUse,
feed,https://opendata.leisurecloud.live/api/feeds/OxfordUniversity-live-slots,COMPLETE,0.11,opendata.leisurecloud.live,Oxford University,Slot,
feed,https://opendata.leisurecloud.live/api/feeds/OxfordUniversity-live-slots?afterTimestamp=85095921&afterId=ACTPRB0001_2026-07-17T03-30-00,COMPLETE,0.1,opendata.leisurecloud.live,Oxford University,Slot,
site,https://placesleisure.gs-signature.cloud/OpenActive/,COMPLETE,,opendata.leisurecloud.live,Places Leisure,,5
feed,https://opendata.leisurecloud.live/api/feeds/PlacesLeisure-live-course-instance,COMPLETE,0.09,opendata.leisurecloud.live,Places Leisure,CourseInstance,
feed,https://opendata.leisurecloud.live/api/feeds/PlacesLeisure-live-course-instance?afterTimestamp=297716570&afterId=04111030CBS0626,COMPLETE,0.11,opendata.leisurecloud.live,Places Leisure,CourseInstance,
feed,https://opendata.leisurecloud.live/api/feeds/PlacesLeisure-live-session-series,COMPLETE,0.19,opendata.leisurecloud.live,Places Leisure,SessionSeries,
feed,https://opendata.leisurecloud.live/api/feeds/PlacesLeisure-live-session-series?afterTimestamp=122820338&afterId=15001100STO0425,COMPLETE,0.17,opendata.leisurecloud.live,Places Leisure,SessionSeries,
feed,https://opendata.leisurecloud.live/api/feeds/PlacesLeisure-live-scheduled-sessions,COMPLETE,0.09,opendata.leisurecloud.live,Places Leisure,ScheduledSession,
feed,https://opendata.leisurecloud.live/api/feeds/PlacesLeisure-live-scheduled-sessions?afterTimestamp=289868102&afterId=00000000000380061748,COMPLETE,0.1,opendata.leisurecloud.live,Places Leisure,ScheduledSession,
feed,https://opendata.leisurecloud.live/api/feeds/PlacesLeisure-live-facility-uses,COMPLETE,0.32,opendata.leisurecloud.live,Places Leisure,FacilityUse,
feed,https://opendata.leisurecloud.live/api/feeds/PlacesLeisure-live-facility-uses?afterTimestamp=238716444&afterId=195A001008,COMPLETE,0.13,opendata.leisurecloud.live,Places Leisure,FacilityUse,
feed,https://opendata.leisurecloud.live/api/feeds/PlacesLeisure-live-slots,COMPLETE,0.12,opendata.leisurecloud.live,Places Leisure,Slot,
feed,https://opendata.leisurecloud.live/api/feeds/PlacesLeisure-live-slots?afterTimestamp=287116585&afterId=214ACT0108_2026-07-15T17-00-00,COMPLETE,0.14,opendata.leisurecloud.live,Places Leisure,Slot,
site,https://plymouthcouncil.gs-signature.cloud/OpenActive/,COMPLETE,,opendata.leisurecloud.live,Plymouth Active,,5
feed,https://opendata.leisurecloud.live/api/feeds/PlymouthCouncil-live-course-instance,COMPLETE,0.11,opendata.leisurecloud.live,Plymouth Active,CourseInstance,
feed,https://opendata.leisurecloud.live/api/feeds/PlymouthCouncil-live-course-instance?afterTimestamp=0&afterId=,COMPLETE,0.11,opendata.leisurecloud.live,Plymouth Active,CourseInstance,
feed,https://opendata.leisurecloud.live/api/feeds/PlymouthCouncil-live-session-series,COMPLETE,0.13,opendata.leisurecloud.live,Plymouth Active,SessionSeries,
feed,https://opendata.leisurecloud.live/api/feeds/PlymouthCouncil-live-session-series?afterTimestamp=121158434&afterId=PL7CLPLS1402426,COMPLETE,0.1,opendata.leisurecloud.live,Plymouth Active,SessionSeries,
feed,https://opendata.leisurecloud.live/api/feeds/PlymouthCouncil-live-scheduled-sessions,COMPLETE,0.09,opendata.leisurecloud.live,Plymouth Active,ScheduledSession,
feed,https://opendata.leisurecloud.live/api/feeds/PlymouthCouncil-live-scheduled-sessions?afterTimestamp=122357683&afterId=00000000000030541929,COMPLETE,0.09,opendata.leisurecloud.live,Plymouth Active,ScheduledSession,
feed,https://opendata.leisurecloud.live/api/feeds/PlymouthCouncil-live-facility-uses,COMPLETE,0.1,opendata.leisurecloud.live,Plymouth Active,FacilityUse,
feed,https://opendata.leisurecloud.live/api/feeds/PlymouthCouncil-live-facility-uses?afterTimestamp=122317621&afterId=PLCLIMBCASUAL,COMPLETE,0.11,opendata.leisurecloud.live,Plymouth Active,FacilityUse,
feed,https://opendata.leisurecloud.live/api/feeds/PlymouthCouncil-live-slots,COMPLETE,0.17,opendata.leisurecloud.live,Plymouth Active,Slot,
feed,https://opendata.leisurecloud.live/api/feeds/PlymouthCouncil-live-slots?afterTimestamp=120439174&afterId=BKTABLETENNIS_2026-07-16T16-30-00,COMPLETE,0.13,opendata.leisurecloud.live,Plymouth Active,Slot,
site,https://riversfitness.gs-signature.cloud/OpenActive/,COMPLETE,,opendata.leisurecloud.live,Rivers Fitness,,5
feed,https://opendata.leisurecloud.live/api/feeds/WychavonLeisure-live-course-instance,COMPLETE,0.12,opendata.leisurecloud.live,Rivers Fitness,CourseInstance,
feed,https://opendata.leisurecloud.live/api/feeds/WychavonLeisure-live-course-instance?afterTimestamp=0&afterId=,COMPLETE,0.13,opendata.leisurecloud.live,Rivers Fitness,CourseInstance,
feed,https://opendata.leisurecloud.live/api/feeds/WychavonLeisure-live-session-series,COMPLETE,0.28,opendata.leisurecloud.live,Rivers Fitness,SessionSeries,
feed,https://opendata.leisurecloud.live/api/feeds/WychavonLeisure-live-session-series?afterTimestamp=76349907&afterId=E6RPZ09300326,COMPLETE,0.37,opendata.leisurecloud.live,Rivers Fitness,SessionSeries,
feed,https://opendata.leisurecloud.live/api/feeds/WychavonLeisure-live-scheduled-sessions,COMPLETE,0.09,opendata.leisurecloud.live,Rivers Fitness,ScheduledSession,
feed,https://opendata.leisurecloud.live/api/feeds/WychavonLeisure-live-scheduled-sessions?afterTimestamp=79067099&afterId=00000000000001341047,COMPLETE,0.09,opendata.leisurecloud.live,Rivers Fitness,ScheduledSession,
feed,https://opendata.leisurecloud.live/api/feeds/WychavonLeisure-live-facility-uses,COMPLETE,0.1,opendata.leisurecloud.live,Rivers Fitness,FacilityUse,
feed,https://opendata.leisurecloud.live/api/feeds/WychavonLeisure-live-facility-uses?afterTimestamp=75310574&afterId=DH20003,COMPLETE,0.13,opendata.leisurecloud.live,Rivers Fitness,FacilityUse,
feed,https://opendata.leisurecloud.live/api/feeds/WychavonLeisure-live-slots,COMPLETE,0.14,opendata.leisurecloud.live,Rivers Fitness,Slot,
feed,https://opendata.leisurecloud.live/api/feeds/WychavonLeisure-live-slots?afterTimestamp=77905006&afterId=DH20002N_2026-07-20T20-40-00,COMPLETE,0.14,opendata.leisurecloud.live,Rivers Fitness,Slot,
site,https://rslonline.leisurecloud.net/OpenActive/,COMPLETE,,opendata.leisurecloud.live,Redbridge Sports Centre,,5
feed,https://opendata.leisurecloud.live/api/feeds/RedbridgeSportsCentre-live-course-instance,COMPLETE,0.14,opendata.leisurecloud.live,Redbridge Sports Centre,CourseInstance,
feed,https://opendata.leisurecloud.live/api/feeds/RedbridgeSportsCentre-live-course-instance?afterTimestamp=0&afterId=,COMPLETE,0.12,opendata.leisurecloud.live,Redbridge Sports Centre,CourseInstance,
feed,https://opendata.leisurecloud.live/api/feeds/RedbridgeSportsCentre-live-session-series,COMPLETE,0.11,opendata.leisurecloud.live,Redbridge Sports Centre,SessionSeries,
feed,https://opendata.leisurecloud.live/api/feeds/RedbridgeSportsCentre-live-session-series?afterTimestamp=0&afterId=,COMPLETE,0.11,opendata.leisurecloud.live,Redbridge Sports Centre,SessionSeries,
feed,https://opendata.leisurecloud.live/api/feeds/RedbridgeSportsCentre-live-scheduled-sessions,COMPLETE,0.11,opendata.leisurecloud.live,Redbridge Sports Centre,ScheduledSession,
feed,https://opendata.leisurecloud.live/api/feeds/RedbridgeSportsCentre-live-scheduled-sessions?afterTimestamp=0&afterId=,COMPLETE,0.11,opendata.leisurecloud.live,Redbridge Sports Centre,ScheduledSession,
feed,https://opendata.leisurecloud.live/api/feeds/RedbridgeSportsCentre-live-facility-uses,COMPLETE,0.09,opendata.leisurecloud.live,Redbridge Sports Centre,FacilityUse,
feed,https://opendata.leisurecloud.live/api/feeds/RedbridgeSportsCentre-live-facility-uses?afterTimestamp=36519316&afterId=14055,COMPLETE,0.11,opendata.leisurecloud.live,Redbridge Sports Centre,FacilityUse,
feed,https://opendata.leisurecloud.live/api/feeds/RedbridgeSportsCentre-live-slots,COMPLETE,0.12,opendata.leisurecloud.live,Redbridge Sports Centre,Slot,
feed,https://opendata.leisurecloud.live/api/feeds/RedbridgeSportsCentre-live-slots?afterTimestamp=0&afterId=,COMPLETE,0.12,opendata.leisurecloud.live,Redbridge Sports Centre,Slot,
site,https://southwarkcouncil-oa.leisurecloud.net/OpenActive/,COMPLETE,,opendata.leisurecloud.live,Southwark Council,,5
feed,https://opendata.leisurecloud.live/api/feeds/SouthwarkCouncil-live-course-instance,COMPLETE,0.11,opendata.leisurecloud.live,Southwark Council,CourseInstance,
feed,https://opendata.leisurecloud.live/api/feeds/SouthwarkCouncil-live-course-instance?afterTimestamp=136128694&afterId=SD1WSC10003426,COMPLETE,0.13,opendata.leisurecloud.live,Southwark Council,CourseInstance,
feed,https://opendata.leisurecloud.live/api/feeds/SouthwarkCouncil-live-session-series,COMPLETE,0.11,opendata.leisurecloud.live,Southwark Council,SessionSeries,
feed,https://opendata.leisurecloud.live/api/feeds/SouthwarkCouncil-live-session-series?afterTimestamp=117508142&afterId=DL6CL1400GY0523,COMPLETE,0.12,opendata.leisurecloud.live,Southwark Council,SessionSeries,
feed,https://opendata.leisurecloud.live/api/feeds/SouthwarkCouncil-live-scheduled-sessions,COMPLETE,0.09,opendata.leisurecloud.live,Southwark Council,ScheduledSession,
feed,https://opendata.leisurecloud.live/api/feeds/SouthwarkCouncil-live-scheduled-sessions?afterTimestamp=136235157&afterId=00000000000030094611,COMPLETE,0.12,opendata.leisurecloud.live,Southwark Council,ScheduledSession,
feed,https://opendata.leisurecloud.live/api/feeds/SouthwarkCouncil-live-facility-uses,COMPLETE,0.09,opendata.leisurecloud.live,Southwark Council,FacilityUse,
feed,https://opendata.leisurecloud.live/api/feeds/SouthwarkCouncil-live-facility-uses?afterTimestamp=131385102&afterId=CAACT00021,COMPLETE,0.11,opendata.leisurecloud.live,Southwark Council,FacilityUse,
feed,https://opendata.leisurecloud.live/api/feeds/SouthwarkCouncil-live-slots,COMPLETE,0.12,opendata.leisurecloud.live,Southwark Council,Slot,
feed,https://opendata.leisurecloud.live/api/feeds/SouthwarkCouncil-live-slots?afterTimestamp=135455454&afterId=CWACT00002_2026-07-23T15-00-00,COMPLETE,0.13,opendata.leisurecloud.live,Southwark Council,Slot,
site,https://tma.gs-signature.cloud/OpenActive/,COMPLETE,,opendata.leisurecloud.live,Tonbridge and Malling Leisure Trust,,5
feed,https://opendata.leisurecloud.live/api/feeds/tma-live-course-instance,COMPLETE,0.13,opendata.leisurecloud.live,Tonbridge and Malling Leisure Trust,CourseInstance,
feed,https://opendata.leisurecloud.live/api/feeds/tma-live-course-instance?afterTimestamp=0&afterId=,COMPLETE,0.1,opendata.leisurecloud.live,Tonbridge and Malling Leisure Trust,CourseInstance,
feed,https://opendata.leisurecloud.live/api/feeds/tma-live-session-series,COMPLETE,0.13,opendata.leisurecloud.live,Tonbridge and Malling Leisure Trust,SessionSeries,
feed,https://opendata.leisurecloud.live/api/feeds/tma-live-session-series?afterTimestamp=0&afterId=,COMPLETE,0.12,opendata.leisurecloud.live,Tonbridge and Malling Leisure Trust,SessionSeries,
feed,https://opendata.leisurecloud.live/api/feeds/tma-live-scheduled-sessions,COMPLETE,0.12,opendata.leisurecloud.live,Tonbridge and Malling Leisure Trust,ScheduledSession,
feed,https://opendata.leisurecloud.live/api/feeds/tma-live-scheduled-sessions?afterTimestamp=0&afterId=,COMPLETE,0.12,opendata.leisurecloud.live,Tonbridge and Malling Leisure Trust,ScheduledSession,
feed,https://opendata.leisurecloud.live/api/feeds/tma-live-facility-uses,COMPLETE,0.11,opendata.leisurecloud.live,Tonbridge and Malling Leisure Trust,FacilityUse,
feed,https://opendata.leisurecloud.live/api/feeds/tma-live-facility-uses?afterTimestamp=0&afterId=,COMPLETE,0.11,opendata.leisurecloud.live,Tonbridge and Malling Leisure Trust,FacilityUse,
feed,https://opendata.leisurecloud.live/api/feeds/tma-live-slots,COMPLETE,0.09,opendata.leisurecloud.live,Tonbridge and Malling Leisure Trust,Slot,
feed,https://opendata.leisurecloud.live/api/feeds/tma-live-slots?afterTimestamp=0&afterId=,COMPLETE,0.11,opendata.leisurecloud.live,Tonbridge and Malling Leisure Trust,Slot,
site,https://towerhamletscouncil.gs-signature.cloud/OpenActive/,COMPLETE,,opendata.leisurecloud.live,Be Well - London Borough of Tower Hamlets,,5
feed,https://opendata.leisurecloud.live/api/feeds/TowerHamletsCouncil-live-course-instance,COMPLETE,0.12,opendata.leisurecloud.live,Be Well - London Borough of Tower Hamlets,CourseInstance,
feed,https://opendata.leisurecloud.live/api/feeds/TowerHamletsCouncil-live-course-instance?afterTimestamp=0&afterId=,COMPLETE,0.1,opendata.leisurecloud.live,Be Well - London Borough of Tower Hamlets,CourseInstance,
feed,https://opendata.leisurecloud.live/api/feeds/TowerHamletsCouncil-live-session-series,COMPLETE,0.14,opendata.leisurecloud.live,Be Well - London Borough of Tower Hamlets,SessionSeries,
feed,https://opendata.leisurecloud.live/api/feeds/TowerHamletsCouncil-live-session-series?afterTimestamp=148714149&afterId=M31300CLMIN0124,COMPLETE,0.13,opendata.leisurecloud.live,Be Well - London Borough of Tower Hamlets,SessionSeries,
feed,https://opendata.leisurecloud.live/api/feeds/TowerHamletsCouncil-live-scheduled-sessions,COMPLETE,0.11,opendata.leisurecloud.live,Be Well - London Borough of Tower Hamlets,ScheduledSession,
feed,https://opendata.leisurecloud.live/api/feeds/TowerHamletsCouncil-live-scheduled-sessions?afterTimestamp=151176899&afterId=00000000000040076915,COMPLETE,0.1,opendata.leisurecloud.live,Be Well - London Borough of Tower Hamlets,ScheduledSession,
feed,https://opendata.leisurecloud.live/api/feeds/TowerHamletsCouncil-live-facility-uses,COMPLETE,0.09,opendata.leisurecloud.live,Be Well - London Borough of Tower Hamlets,FacilityUse,
feed,https://opendata.leisurecloud.live/api/feeds/TowerHamletsCouncil-live-facility-uses?afterTimestamp=149980049&afterId=JACT000030,COMPLETE,0.13,opendata.leisurecloud.live,Be Well - London Borough of Tower Hamlets,FacilityUse,
feed,https://opendata.leisurecloud.live/api/feeds/TowerHamletsCouncil-live-slots,COMPLETE,0.14,opendata.leisurecloud.live,Be Well - London Borough of Tower Hamlets,Slot,
feed,https://opendata.leisurecloud.live/api/feeds/TowerHamletsCouncil-live-slots?afterTimestamp=150227193&afterId=MACT000001_2026-07-22T12-40-00,COMPLETE,0.12,opendata.leisurecloud.live,Be Well - London Borough of Tower Hamlets,Slot,
site,https://traffordleisure.leisurecloud.net/OpenActive/,COMPLETE,,opendata.leisurecloud.live,Trafford Community Leisure Trust,,5
feed,https://opendata.leisurecloud.live/api/feeds/TraffordCommunityLeisureTrust-live-course-instance,COMPLETE,0.11,opendata.leisurecloud.live,Trafford Community Leisure Trust,CourseInstance,
feed,https://opendata.leisurecloud.live/api/feeds/TraffordCommunityLeisureTrust-live-course-instance?afterTimestamp=0&afterId=,COMPLETE,0.11,opendata.leisurecloud.live,Trafford Community Leisure Trust,CourseInstance,
feed,https://opendata.leisurecloud.live/api/feeds/TraffordCommunityLeisureTrust-live-session-series,COMPLETE,0.16,opendata.leisurecloud.live,Trafford Community Leisure Trust,SessionSeries,
feed,https://opendata.leisurecloud.live/api/feeds/TraffordCommunityLeisureTrust-live-session-series?afterTimestamp=119000053&afterId=E1CL0730SPR0325,COMPLETE,0.15,opendata.leisurecloud.live,Trafford Community Leisure Trust,SessionSeries,
feed,https://opendata.leisurecloud.live/api/feeds/TraffordCommunityLeisureTrust-live-scheduled-sessions,ERROR_HTTP_404,0.13,opendata.leisurecloud.live,Trafford Community Leisure Trust,ScheduledSession,
feed,https://opendata.leisurecloud.live/api/feeds/TraffordCommunityLeisureTrust-live-facility-uses,COMPLETE,0.11,opendata.leisurecloud.live,Trafford Community Leisure Trust,FacilityUse,
feed,https://opendata.leisurecloud.live/api/feeds/TraffordCommunityLeisureTrust-live-facility-uses?afterTimestamp=124833229&afterId=U5ASIDESPHALL50,COMPLETE,0.1,opendata.leisurecloud.live,Trafford Community Leisure Trust,FacilityUse,
feed,https://opendata.leisurecloud.live/api/feeds/TraffordCommunityLeisureTrust-live-slots,COMPLETE,0.14,opendata.leisurecloud.live,Trafford Community Leisure Trust,Slot,
feed,https://opendata.leisurecloud.live/api/feeds/TraffordCommunityLeisureTrust-live-slots?afterTimestamp=127217164&afterId=GWEBSQUASH12_2026-07-17T17-00-00,COMPLETE,0.14,opendata.leisurecloud.live,Trafford Community Leisure Trust,Slot,
site,https://visionredbridge.gs-signature.cloud/OpenActive/,COMPLETE,,opendata.leisurecloud.live,Vision Redbridge,,5
feed,https://opendata.leisurecloud.live/api/feeds/VisionRedbridge-live-course-instance,COMPLETE,0.12,opendata.leisurecloud.live,Vision Redbridge,CourseInstance,
feed,https://opendata.leisurecloud.live/api/feeds/VisionRedbridge-live-course-instance?afterTimestamp=0&afterId=,COMPLETE,0.12,opendata.leisurecloud.live,Vision Redbridge,CourseInstance,
feed,https://opendata.leisurecloud.live/api/feeds/VisionRedbridge-live-session-series,COMPLETE,0.11,opendata.leisurecloud.live,Vision Redbridge,SessionSeries,
feed,https://opendata.leisurecloud.live/api/feeds/VisionRedbridge-live-session-series?afterTimestamp=114307688&afterId=MF3CLWA19300120,COMPLETE,0.13,opendata.leisurecloud.live,Vision Redbridge,SessionSeries,
feed,https://opendata.leisurecloud.live/api/feeds/VisionRedbridge-live-scheduled-sessions,COMPLETE,0.09,opendata.leisurecloud.live,Vision Redbridge,ScheduledSession,
feed,https://opendata.leisurecloud.live/api/feeds/VisionRedbridge-live-scheduled-sessions?afterTimestamp=114609217&afterId=00000000000160071318,COMPLETE,0.09,opendata.leisurecloud.live,Vision Redbridge,ScheduledSession,
feed,https://opendata.leisurecloud.live/api/feeds/VisionRedbridge-live-facility-uses,COMPLETE,0.13,opendata.leisurecloud.live,Vision Redbridge,FacilityUse,
feed,https://opendata.leisurecloud.live/api/feeds/VisionRedbridge-live-facility-uses?afterTimestamp=0&afterId=,COMPLETE,0.1,opendata.leisurecloud.live,Vision Redbridge,FacilityUse,
feed,https://opendata.leisurecloud.live/api/feeds/VisionRedbridge-live-slots,COMPLETE,0.11,opendata.leisurecloud.live,Vision Redbridge,Slot,
feed,https://opendata.leisurecloud.live/api/feeds/VisionRedbridge-live-slots?afterTimestamp=0&afterId=,COMPLETE,0.11,opendata.leisurecloud.live,Vision Redbridge,Slot,
site,https://wellingtonclub.gs-signature.cloud/OpenActive/,COMPLETE,,opendata.leisurecloud.live,Wellington College,,5
feed,https://opendata.leisurecloud.live/api/feeds/WellingtonCollege-live-course-instance,COMPLETE,0.11,opendata.leisurecloud.live,Wellington College,CourseInstance,
feed,https://opendata.leisurecloud.live/api/feeds/WellingtonCollege-live-course-instance?afterTimestamp=0&afterId=,COMPLETE,0.12,opendata.leisurecloud.live,Wellington College,CourseInstance,
feed,https://opendata.leisurecloud.live/api/feeds/WellingtonCollege-live-session-series,COMPLETE,0.17,opendata.leisurecloud.live,Wellington College,SessionSeries,
feed,https://opendata.leisurecloud.live/api/feeds/WellingtonCollege-live-session-series?afterTimestamp=46965762&afterId=6E9RFAPN6H1UR1K,COMPLETE,0.12,opendata.leisurecloud.live,Wellington College,SessionSeries,
feed,https://opendata.leisurecloud.live/api/feeds/WellingtonCollege-live-scheduled-sessions,COMPLETE,0.09,opendata.leisurecloud.live,Wellington College,ScheduledSession,
feed,https://opendata.leisurecloud.live/api/feeds/WellingtonCollege-live-scheduled-sessions?afterTimestamp=46973876&afterId=00000000000010660836,COMPLETE,0.09,opendata.leisurecloud.live,Wellington College,ScheduledSession,
feed,https://opendata.leisurecloud.live/api/feeds/WellingtonCollege-live-facility-uses,COMPLETE,0.11,opendata.leisurecloud.live,Wellington College,FacilityUse,
feed,https://opendata.leisurecloud.live/api/feeds/WellingtonCollege-live-facility-uses?afterTimestamp=42078977&afterId=TENNIS1-6,COMPLETE,0.11,opendata.leisurecloud.live,Wellington College,FacilityUse,
feed,https://opendata.leisurecloud.live/api/feeds/WellingtonCollege-live-slots,COMPLETE,0.18,opendata.leisurecloud.live,Wellington College,Slot,
feed,https://opendata.leisurecloud.live/api/feeds/WellingtonCollege-live-slots?afterTimestamp=46453402&afterId=TENNIS1-6_2026-07-23T19-30-00,COMPLETE,0.15,opendata.leisurecloud.live,Wellington College,Slot,
site,https://wvactive.leisurecloud.net/OpenActive/,COMPLETE,,opendata.leisurecloud.live,WV Active,,5
feed,https://opendata.leisurecloud.live/api/feeds/WVActive-live-course-instance,COMPLETE,0.12,opendata.leisurecloud.live,WV Active,CourseInstance,
feed,https://opendata.leisurecloud.live/api/feeds/WVActive-live-course-instance?afterTimestamp=0&afterId=,COMPLETE,0.1,opendata.leisurecloud.live,WV Active,CourseInstance,
feed,https://opendata.leisurecloud.live/api/feeds/WVActive-live-session-series,COMPLETE,0.1,opendata.leisurecloud.live,WV Active,SessionSeries,
feed,https://opendata.leisurecloud.live/api/feeds/WVActive-live-session-series?afterTimestamp=55072038&afterId=B2CLMBS17300625,COMPLETE,0.11,opendata.leisurecloud.live,WV Active,SessionSeries,
feed,https://opendata.leisurecloud.live/api/feeds/WVActive-live-scheduled-sessions,COMPLETE,0.09,opendata.leisurecloud.live,WV Active,ScheduledSession,
feed,https://opendata.leisurecloud.live/api/feeds/WVActive-live-scheduled-sessions?afterTimestamp=55090149&afterId=00000000000040242408,COMPLETE,0.09,opendata.leisurecloud.live,WV Active,ScheduledSession,
feed,https://opendata.leisurecloud.live/api/feeds/WVActive-live-facility-uses,COMPLETE,0.09,opendata.leisurecloud.live,WV Active,FacilityUse,
feed,https://opendata.leisurecloud.live/api/feeds/WVActive-live-facility-uses?afterTimestamp=54626489&afterId=BTOUR,COMPLETE,0.1,opendata.leisurecloud.live,WV Active,FacilityUse,
feed,https://opendata.leisurecloud.live/api/feeds/WVActive-live-slots,COMPLETE,0.09,opendata.leisurecloud.live,WV Active,Slot,
feed,https://opendata.leisurecloud.live/api/feeds/WVActive-live-slots?afterTimestamp=54360382&afterId=AVOLLEYBALLYO_2026-07-16T11-00-00,COMPLETE,0.11,opendata.leisurecloud.live,WV Active,Slot,
site,https://yourleisure.gs-signature.cloud/OpenActive/,COMPLETE,,opendata.leisurecloud.live,Your Leisure,,5
feed,https://opendata.leisurecloud.live/api/feeds/YourLeisure-live-course-instance,COMPLETE,0.13,opendata.leisurecloud.live,Your Leisure,CourseInstance,
feed,https://opendata.leisurecloud.live/api/feeds/YourLeisure-live-course-instance?afterTimestamp=0&afterId=,COMPLETE,0.11,opendata.leisurecloud.live,Your Leisure,CourseInstance,
feed,https://opendata.leisurecloud.live/api/feeds/YourLeisure-live-session-series,COMPLETE,0.11,opendata.leisurecloud.live,Your Leisure,SessionSeries,
feed,https://opendata.leisurecloud.live/api/feeds/YourLeisure-live-session-series?afterTimestamp=38690614&afterId=RA3SWMF15000225,COMPLETE,0.11,opendata.leisurecloud.live,Your Leisure,SessionSeries,
feed,https://opendata.leisurecloud.live/api/feeds/YourLeisure-live-scheduled-sessions,COMPLETE,0.09,opendata.leisurecloud.live,Your Leisure,ScheduledSession,
feed,https://opendata.leisurecloud.live/api/feeds/YourLeisure-live-scheduled-sessions?afterTimestamp=38737534&afterId=00000000000005032812,COMPLETE,0.09,opendata.leisurecloud.live,Your Leisure,ScheduledSession,
feed,https://opendata.leisurecloud.live/api/feeds/YourLeisure-live-facility-uses,COMPLETE,0.09,opendata.leisurecloud.live,Your Leisure,FacilityUse,
feed,https://opendata.leisurecloud.live/api/feeds/YourLeisure-live-facility-uses?afterTimestamp=37631481&afterId=FSDHWB2024,COMPLETE,0.1,opendata.leisurecloud.live,Your Leisure,FacilityUse,
feed,https://opendata.leisurecloud.live/api/feeds/YourLeisure-live-slots,COMPLETE,0.14,opendata.leisurecloud.live,Your Leisure,Slot,
feed,https://opendata.leisurecloud.live/api/feeds/YourLeisure-live-slots?afterTimestamp=37735411&afterId=BWACT00101_2026-07-16T06-30-00,COMPLETE,0.13,opendata.leisurecloud.live,Your Leisure,Slot,
site,https://halo-openactive.legendonlineservices.co.uk/OpenActive,COMPLETE,,openactivedatacatalog.legendonlineservices.co.uk,Halo,,3
feed,https://halo-openactive.legendonlineservices.co.uk/api/sessions,COMPLETE,1.17,openactivedatacatalog.legendonlineservices.co.uk,Halo,SessionSeries,
feed,https://halo-openactive.legendonlineservices.co.uk/api/sessions?afterTimestamp=8644548&afterId=11585462,ERROR_HTTP_403,0.12,openactivedatacatalog.legendonlineservices.co.uk,Halo,SessionSeries,
feed,https://halo-openactive.legendonlineservices.co.uk/api/facility-uses,COMPLETE,0.2,openactivedatacatalog.legendonlineservices.co.uk,Halo,FacilityUse,
feed,https://halo-openactive.legendonlineservices.co.uk/api/facility-uses?afterTimestamp=8619638&afterId=2036,COMPLETE,0.09,openactivedatacatalog.legendonlineservices.co.uk,Halo,FacilityUse,
feed,https://halo-openactive.legendonlineservices.co.uk/api/facility-uses/events,ERROR_HTTP_403,0.16,openactivedatacatalog.legendonlineservices.co.uk,Halo,Slot,
site,https://blackburnwithdarwen-openactive.legendonlineservices.co.uk/OpenActive,ERROR_HTTP_403,,openactivedatacatalog.legendonlineservices.co.uk,,,0
site,https://lifeleisure-openactive.legendonlineservices.co.uk/OpenActive,COMPLETE,,openactivedatacatalog.legendonlineservices.co.uk,,,3
feed,https://lifeleisure-openactive.legendonlineservices.co.uk/api/sessions,ERROR_HTTP_500,0.16,openactivedatacatalog.legendonlineservices.co.uk,,SessionSeries,
feed,https://lifeleisure-openactive.legendonlineservices.co.uk/api/facility-uses,ERROR_HTTP_500,0.13,openactivedatacatalog.legendonlineservices.co.uk,,FacilityUse,
feed,https://lifeleisure-openactive.legendonlineservices.co.uk/api/facility-uses/events,ERROR_HTTP_500,0.08,openactivedatacatalog.legendonlineservices.co.uk,,Slot,
site,https://gll-openactive.legendonlineservices.co.uk/OpenActive,COMPLETE,,openactivedatacatalog.legendonlineservices.co.uk,,,3
feed,https://gll-openactive.legendonlineservices.co.uk/api/sessions,ERROR_HTTP_500,0.1,openactivedatacatalog.legendonlineservices.co.uk,,SessionSeries,
feed,https://gll-openactive.legendonlineservices.co.uk/api/facility-uses,ERROR_HTTP_500,0.09,openactivedatacatalog.legendonlineservices.co.uk,,FacilityUse,
feed,https://gll-openactive.legendonlineservices.co.uk/api/facility-uses/events,ERROR_HTTP_500,0.08,openactivedatacatalog.legendonlineservices.co.uk,,Slot,
site,https://serco-openactive.legendonlineservices.co.uk/OpenActive,COMPLETE,,openactivedatacatalog.legendonlineservices.co.uk,Serco Leisure,,3
feed,https://serco-openactive.legendonlineservices.co.uk/api/sessions,COMPLETE,0.24,openactivedatacatalog.legendonlineservices.co.uk,Serco Leisure,SessionSeries,
feed,https://serco-openactive.legendonlineservices.co.uk/api/sessions?afterTimestamp=10684721&afterId=12221003,COMPLETE,0.26,openactivedatacatalog.legendonlineservices.co.uk,Serco Leisure,SessionSeries,
feed,https://serco-openactive.legendonlineservices.co.uk/api/facility-uses,COMPLETE,0.19,openactivedatacatalog.legendonlineservices.co.uk,Serco Leisure,FacilityUse,
feed,https://serco-openactive.legendonlineservices.co.uk/api/facility-uses?afterTimestamp=9259310&afterId=4739,COMPLETE,0.15,openactivedatacatalog.legendonlineservices.co.uk,Serco Leisure,FacilityUse,
feed,https://serco-openactive.legendonlineservices.co.uk/api/facility-uses/events,COMPLETE,0.72,openactivedatacatalog.legendonlineservices.co.uk,Serco Leisure,Slot,
feed,https://serco-openactive.legendonlineservices.co.uk/api/facility-uses/events?afterTimestamp=10684728&afterId=12460712,COMPLETE,0.78,openactivedatacatalog.legendonlineservices.co.uk,Serco Leisure,Slot,
site,https://pentest-openactive.legendonlineservices.co.uk/OpenActive,COMPLETE,,openactivedatacatalog.legendonlineservices.co.uk,,,3
feed,https://pentest-openactive.legendonlineservices.co.uk/api/sessions,COMPLETE,0.16,openactivedatacatalog.legendonlineservices.co.uk,,SessionSeries,
feed,https://pentest-openactive.legendonlineservices.co.uk/api/sessions?afterTimestamp=0&afterId=0,ERROR_HTTP_403,0.08,openactivedatacatalog.legendonlineservices.co.uk,,SessionSeries,
feed,https://pentest-openactive.legendonlineservices.co.uk/api/facility-uses,COMPLETE,0.21,openactivedatacatalog.legendonlineservices.co.uk,,FacilityUse,
feed,https://pentest-openactive.legendonlineservices.co.uk/api/facility-uses?afterTimestamp=4099&afterId=5,COMPLETE,0.11,openactivedatacatalog.legendonlineservices.co.uk,,FacilityUse,
feed,https://pentest-openactive.legendonlineservices.co.uk/api/facility-uses/events,ERROR_HTTP_403,0.08,openactivedatacatalog.legendonlineservices.co.uk,,Slot,
site,https://tameside-openactive.legendonlineservices.co.uk/OpenActive,ERROR_HTTP_403,,openactivedatacatalog.legendonlineservices.co.uk,,,0
site,https://lancaster-openactive.legendonlineservices.co.uk/OpenActive,ERROR_HTTP_403,,openactivedatacatalog.legendonlineservices.co.uk,,,0
site,https://jubileehall-openactive.legendonlineservices.co.uk/OpenActive,COMPLETE,,openactivedatacatalog.legendonlineservices.co.uk,,,3
feed,https://jubileehall-openactive.legendonlineservices.co.uk/api/sessions,ERROR_HTTP_500,0.11,openactivedatacatalog.legendonlineservices.co.uk,,SessionSeries,
feed,https://jubileehall-openactive.legendonlineservices.co.uk/api/facility-uses,ERROR_HTTP_403,0.07,openactivedatacatalog.legendonlineservices.co.uk,,FacilityUse,
feed,https://jubileehall-openactive.legendonlineservices.co.uk/api/facility-uses/events,ERROR_HTTP_500,0.08,openactivedatacatalog.legendonlineservices.co.uk,,Slot,
site,https://leisurecentre-openactive.legendonlineservices.co.uk/OpenActive,COMPLETE,,openactivedatacatalog.legendonlineservices.co.uk,"Parkwood Leisure Ltd, its subsidiaries and partner organisations",,3
feed,https://leisurecentre-openactive.legendonlineservices.co.uk/api/sessions,COMPLETE,0.16,openactivedatacatalog.legendonlineservices.co.uk,"Parkwood Leisure Ltd, its subsidiaries and partner organisations",SessionSeries,
feed,https://leisurecentre-openactive.legendonlineservices.co.uk/api/sessions?afterTimestamp=14372866&afterId=14231012,COMPLETE,0.22,openactivedatacatalog.legendonlineservices.co.uk,"Parkwood Leisure Ltd, its subsidiaries and partner organisations",SessionSeries,
feed,https://leisurecentre-openactive.legendonlineservices.co.uk/api/facility-uses,COMPLETE,0.23,openactivedatacatalog.legendonlineservices.co.uk,"Parkwood Leisure Ltd, its subsidiaries and partner organisations",FacilityUse,
feed,https://leisurecentre-openactive.legendonlineservices.co.uk/api/facility-uses?afterTimestamp=14017963&afterId=5924,COMPLETE,0.15,openactivedatacatalog.legendonlineservices.co.uk,"Parkwood Leisure Ltd, its subsidiaries and partner organisations",FacilityUse,
feed,https://leisurecentre-openactive.legendonlineservices.co.uk/api/facility-uses/events,COMPLETE,2.49,openactivedatacatalog.legendonlineservices.co.uk,"Parkwood Leisure Ltd, its subsidiaries and partner organisations",Slot,
feed,https://leisurecentre-openactive.legendonlineservices.co.uk/api/facility-uses/events?afterTimestamp=14372869&afterId=15266027,COMPLETE,1.47,openactivedatacatalog.legendonlineservices.co.uk,"Parkwood Leisure Ltd, its subsidiaries and partner organisations",Slot,
site,https://lincsinspire-openactive.legendonlineservices.co.uk/OpenActive,ERROR_HTTP_403,,openactivedatacatalog.legendonlineservices.co.uk,,,0
site,https://sllandinspireall-openactive.legendonlineservices.co.uk/OpenActive,COMPLETE,,openactivedatacatalog.legendonlineservices.co.uk,SLL and InspireAll,,3
feed,https://sllandinspireall-openactive.legendonlineservices.co.uk/api/sessions,COMPLETE,0.19,openactivedatacatalog.legendonlineservices.co.uk,SLL and InspireAll,SessionSeries,
feed,https://sllandinspireall-openactive.legendonlineservices.co.uk/api/sessions?afterTimestamp=7898446&afterId=21434043,COMPLETE,0.12,openactivedatacatalog.legendonlineservices.co.uk,SLL and InspireAll,SessionSeries,
feed,https://sllandinspireall-openactive.legendonlineservices.co.uk/api/facility-uses,COMPLETE,0.14,openactivedatacatalog.legendonlineservices.co.uk,SLL and InspireAll,FacilityUse,
feed,https://sllandinspireall-openactive.legendonlineservices.co.uk/api/facility-uses?afterTimestamp=7863330&afterId=3614,COMPLETE,0.08,openactivedatacatalog.legendonlineservices.co.uk,SLL and InspireAll,FacilityUse,
feed,https://sllandinspireall-openactive.legendonlineservices.co.uk/api/facility-uses/events,COMPLETE,0.29,openactivedatacatalog.legendonlineservices.co.uk,SLL and InspireAll,Slot,
feed,https://sllandinspireall-openactive.legendonlineservices.co.uk/api/facility-uses/events?afterTimestamp=7898450&afterId=21838135,ERROR_HTTP_403,0.14,openactivedatacatalog.legendonlineservices.co.uk,SLL and InspireAll,Slot,
site,https://angusalive-openactive.legendonlineservices.co.uk/OpenActive,COMPLETE,,openactivedatacatalog.legendonlineservices.co.uk,ANGUSalive,,3
feed,https://angusalive-openactive.legendonlineservices.co.uk/api/sessions,COMPLETE,0.27,openactivedatacatalog.legendonlineservices.co.uk,ANGUSalive,SessionSeries,
feed,https://angusalive-openactive.legendonlineservices.co.uk/api/sessions?afterTimestamp=3184648&afterId=424748,COMPLETE,0.25,openactivedatacatalog.legendonlineservices.co.uk,ANGUSalive,SessionSeries,
feed,https://angusalive-openactive.legendonlineservices.co.uk/api/facility-uses,COMPLETE,0.1,openactivedatacatalog.legendonlineservices.co.uk,ANGUSalive,FacilityUse,
feed,https://angusalive-openactive.legendonlineservices.co.uk/api/facility-uses?afterTimestamp=0&afterId=0,COMPLETE,0.15,openactivedatacatalog.legendonlineservices.co.uk,ANGUSalive,FacilityUse,
feed,https://angusalive-openactive.legendonlineservices.co.uk/api/facility-uses/events,COMPLETE,0.16,openactivedatacatalog.legendonlineservices.co.uk,ANGUSalive,Slot,
feed,https://angusalive-openactive.legendonlineservices.co.uk/api/facility-uses/events?afterTimestamp=0&afterId=0,COMPLETE,0.09,openactivedatacatalog.legendonlineservices.co.uk,ANGUSalive,Slot,
site,https://derbyactive-openactive.legendonlineservices.co.uk/OpenActive,COMPLETE,,openactivedatacatalog.legendonlineservices.co.uk,Derby Active,,3
feed,https://derbyactive-openactive.legendonlineservices.co.uk/api/sessions,ERROR_HTTP_403,0.09,openactivedatacatalog.legendonlineservices.co.uk,Derby Active,SessionSeries,
feed,https://derbyactive-openactive.legendonlineservices.co.uk/api/facility-uses,ERROR_HTTP_403,0.07,openactivedatacatalog.legendonlineservices.co.uk,Derby Active,FacilityUse,
feed,https://derbyactive-openactive.legendonlineservices.co.uk/api/facility-uses/events,COMPLETE,0.14,openactivedatacatalog.legendonlineservices.co.uk,Derby Active,Slot,
feed,https://derbyactive-openactive.legendonlineservices.co.uk/api/facility-uses/events?afterTimestamp=1106740&afterId=414226,COMPLETE,0.21,openactivedatacatalog.legendonlineservices.co.uk,Derby Active,Slot,
site,https://lsbuactive-openactive.legendonlineservices.co.uk/OpenActive,COMPLETE,,openactivedatacatalog.legendonlineservices.co.uk,,,3
feed,https://lsbuactive-openactive.legendonlineservices.co.uk/api/sessions,COMPLETE,0.32,openactivedatacatalog.legendonlineservices.co.uk,,SessionSeries,
feed,https://lsbuactive-openactive.legendonlineservices.co.uk/api/sessions?afterTimestamp=66221&afterId=332656,COMPLETE,0.21,openactivedatacatalog.legendonlineservices.co.uk,,SessionSeries,
feed,https://lsbuactive-openactive.legendonlineservices.co.uk/api/facility-uses,COMPLETE,0.31,openactivedatacatalog.legendonlineservices.co.uk,,FacilityUse,
feed,https://lsbuactive-openactive.legendonlineservices.co.uk/api/facility-uses?afterTimestamp=62455&afterId=187,COMPLETE,0.09,openactivedatacatalog.legendonlineservices.co.uk,,FacilityUse,
feed,https://lsbuactive-openactive.legendonlineservices.co.uk/api/facility-uses/events,COMPLETE,0.14,openactivedatacatalog.legendonlineservices.co.uk,,Slot,
feed,https://lsbuactive-openactive.legendonlineservices.co.uk/api/facility-uses/events?afterTimestamp=66188&afterId=336178,COMPLETE,0.12,openactivedatacatalog.legendonlineservices.co.uk,,Slot,
site,https://loughboroughuniversity-openactive.legendonlineservices.co.uk/OpenActive,COMPLETE,,openactivedatacatalog.legendonlineservices.co.uk,Loughborough University,,3
feed,https://loughboroughuniversity-openactive.legendonlineservices.co.uk/api/sessions,ERROR_HTTP_403,0.09,openactivedatacatalog.legendonlineservices.co.uk,Loughborough University,SessionSeries,
feed,https://loughboroughuniversity-openactive.legendonlineservices.co.uk/api/facility-uses,COMPLETE,0.13,openactivedatacatalog.legendonlineservices.co.uk,Loughborough University,FacilityUse,
feed,https://loughboroughuniversity-openactive.legendonlineservices.co.uk/api/facility-uses?afterTimestamp=3731463&afterId=865,COMPLETE,0.14,openactivedatacatalog.legendonlineservices.co.uk,Loughborough University,FacilityUse,
feed,https://loughboroughuniversity-openactive.legendonlineservices.co.uk/api/facility-uses/events,COMPLETE,1.27,openactivedatacatalog.legendonlineservices.co.uk,Loughborough University,Slot,
feed,https://loughboroughuniversity-openactive.legendonlineservices.co.uk/api/facility-uses/events?afterTimestamp=3900450&afterId=7489053,COMPLETE,0.81,openactivedatacatalog.legendonlineservices.co.uk,Loughborough University,Slot,
site,https://hcandl-openactive.legendonlineservices.co.uk/OpenActive,ERROR_HTTP_403,,openactivedatacatalog.legendonlineservices.co.uk,,,0
site,https://activenottingham-openactive.legendonlineservices.co.uk/OpenActive,COMPLETE,,openactivedatacatalog.legendonlineservices.co.uk,,,3
feed,https://activenottingham-openactive.legendonlineservices.co.uk/api/sessions,COMPLETE,0.45,openactivedatacatalog.legendonlineservices.co.uk,,SessionSeries,
feed,https://activenottingham-openactive.legendonlineservices.co.uk/api/sessions?afterTimestamp=3736265&afterId=679505,COMPLETE,0.52,openactivedatacatalog.legendonlineservices.co.uk,,SessionSeries,
feed,https://activenottingham-openactive.legendonlineservices.co.uk/api/facility-uses,COMPLETE,0.12,openactivedatacatalog.legendonlineservices.co.uk,,FacilityUse,
feed,https://activenottingham-openactive.legendonlineservices.co.uk/api/facility-uses?afterTimestamp=2966590&afterId=491,COMPLETE,0.1,openactivedatacatalog.legendonlineservices.co.uk,,FacilityUse,
feed,https://activenottingham-openactive.legendonlineservices.co.uk/api/facility-uses/events,COMPLETE,0.3,openactivedatacatalog.legendonlineservices.co.uk,,Slot,
feed,https://activenottingham-openactive.legendonlineservices.co.uk/api/facility-uses/events?afterTimestamp=3736271&afterId=725500,COMPLETE,0.5,openactivedatacatalog.legendonlineservices.co.uk,,Slot,
site,https://tendringcouncil-openactive.legendonlineservices.co.uk/OpenActive,COMPLETE,,openactivedatacatalog.legendonlineservices.co.uk,Tendring Leisure,,3
feed,https://tendringcouncil-openactive.legendonlineservices.co.uk/api/sessions,COMPLETE,0.28,openactivedatacatalog.legendonlineservices.co.uk,Tendring Leisure,SessionSeries,
feed,https://tendringcouncil-openactive.legendonlineservices.co.uk/api/sessions?afterTimestamp=535730&afterId=573905,ERROR_HTTP_403,0.09,openactivedatacatalog.legendonlineservices.co.uk,Tendring Leisure,SessionSeries,
feed,https://tendringcouncil-openactive.legendonlineservices.co.uk/api/facility-uses,COMPLETE,0.13,openactivedatacatalog.legendonlineservices.co.uk,Tendring Leisure,FacilityUse,
feed,https://tendringcouncil-openactive.legendonlineservices.co.uk/api/facility-uses?afterTimestamp=426181&afterId=104,COMPLETE,0.13,openactivedatacatalog.legendonlineservices.co.uk,Tendring Leisure,FacilityUse,
feed,https://tendringcouncil-openactive.legendonlineservices.co.uk/api/facility-uses/events,COMPLETE,0.14,openactivedatacatalog.legendonlineservices.co.uk,Tendring Leisure,Slot,
feed,https://tendringcouncil-openactive.legendonlineservices.co.uk/api/facility-uses/events?afterTimestamp=535731&afterId=601553,COMPLETE,0.15,openactivedatacatalog.legendonlineservices.co.uk,Tendring Leisure,Slot,
site,https://aliveleisure-openactive.legendonlineservices.co.uk/OpenActive,ERROR_HTTP_403,,openactivedatacatalog.legendonlineservices.co.uk,,,0
site,https://salfordcommunityleisure-openactive.legendonlineservices.co.uk/OpenActive,COMPLETE,,openactivedatacatalog.legendonlineservices.co.uk,,,3
feed,https://salfordcommunityleisure-openactive.legendonlineservices.co.uk/api/sessions,ERROR_HTTP_403,0.2,openactivedatacatalog.legendonlineservices.co.uk,,SessionSeries,
feed,https://salfordcommunityleisure-openactive.legendonlineservices.co.uk/api/facility-uses,ERROR_HTTP_403,0.09,openactivedatacatalog.legendonlineservices.co.uk,,FacilityUse,
feed,https://salfordcommunityleisure-openactive.legendonlineservices.co.uk/api/facility-uses/events,COMPLETE,0.42,openactivedatacatalog.legendonlineservices.co.uk,,Slot,
feed,https://salfordcommunityleisure-openactive.legendonlineservices.co.uk/api/facility-uses/events?afterTimestamp=804415&afterId=1155445,ERROR_HTTP_403,0.1,openactivedatacatalog.legendonlineservices.co.uk,,Slot,
site,https://leisurefocus-openactive.legendonlineservices.co.uk/OpenActive,ERROR_HTTP_403,,openactivedatacatalog.legendonlineservices.co.uk,,,0
site,https://bridportleisure-openactive.legendonlineservices.co.uk/OpenActive,COMPLETE,,openactivedatacatalog.legendonlineservices.co.uk,,,3
feed,https://bridportleisure-openactive.legendonlineservices.co.uk/api/sessions,ERROR_HTTP_500,0.1,openactivedatacatalog.legendonlineservices.co.uk,,SessionSeries,
feed,https://bridportleisure-openactive.legendonlineservices.co.uk/api/facility-uses,ERROR_HTTP_500,0.09,openactivedatacatalog.legendonlineservices.co.uk,,FacilityUse,
feed,https://bridportleisure-openactive.legendonlineservices.co.uk/api/facility-uses/events,ERROR_HTTP_403,0.08,openactivedatacatalog.legendonlineservices.co.uk,,Slot,
site,https://horizonlc-openactive.legendonlineservices.co.uk/OpenActive,COMPLETE,,openactivedatacatalog.legendonlineservices.co.uk,,,3
feed,https://horizonlc-openactive.legendonlineservices.co.uk/api/sessions,COMPLETE,0.34,openactivedatacatalog.legendonlineservices.co.uk,,SessionSeries,
feed,https://horizonlc-openactive.legendonlineservices.co.uk/api/sessions?afterTimestamp=1503052&afterId=1136846,ERROR_HTTP_403,0.1,openactivedatacatalog.legendonlineservices.co.uk,,SessionSeries,
feed,https://horizonlc-openactive.legendonlineservices.co.uk/api/facility-uses,ERROR_HTTP_403,0.14,openactivedatacatalog.legendonlineservices.co.uk,,FacilityUse,
feed,https://horizonlc-openactive.legendonlineservices.co.uk/api/facility-uses/events,COMPLETE,0.16,openactivedatacatalog.legendonlineservices.co.uk,,Slot,
feed,https://horizonlc-openactive.legendonlineservices.co.uk/api/facility-uses/events?afterTimestamp=1501439&afterId=1202623,COMPLETE,0.14,openactivedatacatalog.legendonlineservices.co.uk,,Slot,
site,https://barrowcouncil-openactive.legendonlineservices.co.uk/OpenActive,COMPLETE,,openactivedatacatalog.legendonlineservices.co.uk,Barrow Park Leisure Centre,,3
feed,https://barrowcouncil-openactive.legendonlineservices.co.uk/api/sessions,COMPLETE,0.18,openactivedatacatalog.legendonlineservices.co.uk,Barrow Park Leisure Centre,SessionSeries,
feed,https://barrowcouncil-openactive.legendonlineservices.co.uk/api/sessions?afterTimestamp=812535&afterId=300368,COMPLETE,0.32,openactivedatacatalog.legendonlineservices.co.uk,Barrow Park Leisure Centre,SessionSeries,
feed,https://barrowcouncil-openactive.legendonlineservices.co.uk/api/facility-uses,COMPLETE,0.2,openactivedatacatalog.legendonlineservices.co.uk,Barrow Park Leisure Centre,FacilityUse,
feed,https://barrowcouncil-openactive.legendonlineservices.co.uk/api/facility-uses?afterTimestamp=717134&afterId=132,COMPLETE,0.1,openactivedatacatalog.legendonlineservices.co.uk,Barrow Park Leisure Centre,FacilityUse,
feed,https://barrowcouncil-openactive.legendonlineservices.co.uk/api/facility-uses/events,ERROR_HTTP_403,0.11,openactivedatacatalog.legendonlineservices.co.uk,Barrow Park Leisure Centre,Slot,
site,https://boltonarena-openactive.legendonlineservices.co.uk/OpenActive,COMPLETE,,openactivedatacatalog.legendonlineservices.co.uk,,,3
feed,https://boltonarena-openactive.legendonlineservices.co.uk/api/sessions,COMPLETE,0.27,openactivedatacatalog.legendonlineservices.co.uk,,SessionSeries,
feed,https://boltonarena-openactive.legendonlineservices.co.uk/api/sessions?afterTimestamp=1033572&afterId=1018831,ERROR_HTTP_403,0.07,openactivedatacatalog.legendonlineservices.co.uk,,SessionSeries,
feed,https://boltonarena-openactive.legendonlineservices.co.uk/api/facility-uses,COMPLETE,0.1,openactivedatacatalog.legendonlineservices.co.uk,,FacilityUse,
feed,https://boltonarena-openactive.legendonlineservices.co.uk/api/facility-uses?afterTimestamp=942419&afterId=218,COMPLETE,0.17,openactivedatacatalog.legendonlineservices.co.uk,,FacilityUse,
feed,https://boltonarena-openactive.legendonlineservices.co.uk/api/facility-uses/events,COMPLETE,0.36,openactivedatacatalog.legendonlineservices.co.uk,,Slot,
feed,https://boltonarena-openactive.legendonlineservices.co.uk/api/facility-uses/events?afterTimestamp=1031503&afterId=1258885,COMPLETE,0.41,openactivedatacatalog.legendonlineservices.co.uk,,Slot,
site,https://activeluton-openactive.legendonlineservices.co.uk/OpenActive,COMPLETE,,openactivedatacatalog.legendonlineservices.co.uk,Active Luton,,3
feed,https://activeluton-openactive.legendonlineservices.co.uk/api/sessions,COMPLETE,0.21,openactivedatacatalog.legendonlineservices.co.uk,Active Luton,SessionSeries,
feed,https://activeluton-openactive.legendonlineservices.co.uk/api/sessions?afterTimestamp=2556637&afterId=413145,COMPLETE,0.2,openactivedatacatalog.legendonlineservices.co.uk,Active Luton,SessionSeries,
feed,https://activeluton-openactive.legendonlineservices.co.uk/api/facility-uses,ERROR_HTTP_403,0.11,openactivedatacatalog.legendonlineservices.co.uk,Active Luton,FacilityUse,
feed,https://activeluton-openactive.legendonlineservices.co.uk/api/facility-uses/events,COMPLETE,0.14,openactivedatacatalog.legendonlineservices.co.uk,Active Luton,Slot,
feed,https://activeluton-openactive.legendonlineservices.co.uk/api/facility-uses/events?afterTimestamp=2555563&afterId=414299,COMPLETE,0.26,openactivedatacatalog.legendonlineservices.co.uk,Active Luton,Slot,
site,https://strouddistrictcouncil-openactive.legendonlineservices.co.uk/OpenActive,COMPLETE,,openactivedatacatalog.legendonlineservices.co.uk,,,3
feed,https://strouddistrictcouncil-openactive.legendonlineservices.co.uk/api/sessions,COMPLETE,0.17,openactivedatacatalog.legendonlineservices.co.uk,,SessionSeries,
feed,https://strouddistrictcouncil-openactive.legendonlineservices.co.uk/api/sessions?afterTimestamp=665220&afterId=140194,COMPLETE,0.19,openactivedatacatalog.legendonlineservices.co.uk,,SessionSeries,
feed,https://strouddistrictcouncil-openactive.legendonlineservices.co.uk/api/facility-uses,COMPLETE,0.21,openactivedatacatalog.legendonlineservices.co.uk,,FacilityUse,
feed,https://strouddistrictcouncil-openactive.legendonlineservices.co.uk/api/facility-uses?afterTimestamp=648635&afterId=138,ERROR_HTTP_403,0.11,openactivedatacatalog.legendonlineservices.co.uk,,FacilityUse,
feed,https://strouddistrictcouncil-openactive.legendonlineservices.co.uk/api/facility-uses/events,COMPLETE,0.13,openactivedatacatalog.legendonlineservices.co.uk,,Slot,
feed,https://strouddistrictcouncil-openactive.legendonlineservices.co.uk/api/facility-uses/events?afterTimestamp=663023&afterId=153663,ERROR_HTTP_403,0.12,openactivedatacatalog.legendonlineservices.co.uk,,Slot,
site,https://universityofbristol-openactive.legendonlineservices.co.uk/OpenActive,ERROR_HTTP_403,,openactivedatacatalog.legendonlineservices.co.uk,,,0
site,https://horizon-openactive.legendonlineservices.co.uk/OpenActive,COMPLETE,,openactivedatacatalog.legendonlineservices.co.uk,,,3
feed,https://horizon-openactive.legendonlineservices.co.uk/api/sessions,ERROR_HTTP_500,0.1,openactivedatacatalog.legendonlineservices.co.uk,,SessionSeries,
feed,https://horizon-openactive.legendonlineservices.co.uk/api/facility-uses,ERROR_HTTP_500,0.09,openactivedatacatalog.legendonlineservices.co.uk,,FacilityUse,
feed,https://horizon-openactive.legendonlineservices.co.uk/api/facility-uses/events,ERROR_HTTP_500,0.1,openactivedatacatalog.legendonlineservices.co.uk,,Slot,
site,https://celticleisure-openactive.legendonlineservices.co.uk/OpenActive,COMPLETE,,openactivedatacatalog.legendonlineservices.co.uk,,,3
feed,https://celticleisure-openactive.legendonlineservices.co.uk/api/sessions,COMPLETE,0.31,openactivedatacatalog.legendonlineservices.co.uk,,SessionSeries,
feed,https://celticleisure-openactive.legendonlineservices.co.uk/api/sessions?afterTimestamp=2068723&afterId=412668,COMPLETE,0.31,openactivedatacatalog.legendonlineservices.co.uk,,SessionSeries,
feed,https://celticleisure-openactive.legendonlineservices.co.uk/api/facility-uses,ERROR_HTTP_403,0.09,openactivedatacatalog.legendonlineservices.co.uk,,FacilityUse,
feed,https://celticleisure-openactive.legendonlineservices.co.uk/api/facility-uses/events,COMPLETE,0.12,openactivedatacatalog.legendonlineservices.co.uk,,Slot,
feed,https://celticleisure-openactive.legendonlineservices.co.uk/api/facility-uses/events?afterTimestamp=0&afterId=0,COMPLETE,0.14,openactivedatacatalog.legendonlineservices.co.uk,,Slot,
site,http://data.better.org.uk/,COMPLETE,,openactive.io,GLL,,1
site,https://better-admin.org.uk/api/openactive/better,COMPLETE,,openactive.io,Better,,4
feed,https://better-admin.org.uk/api/openactive/better/session-series,COMPLETE,1.46,openactive.io,Better,SessionSeries,
feed,https://better-admin.org.uk/api/openactive/better/session-series?afterTimestamp=1767347467&afterId=activity_recurrence_group%3A27286,COMPLETE,1.21,openactive.io,Better,SessionSeries,
feed,https://better-admin.org.uk/api/openactive/better/scheduled-sessions,COMPLETE,3.42,openactive.io,Better,ScheduledSession,
feed,https://better-admin.org.uk/api/openactive/better/scheduled-sessions?afterTimestamp=1757511609&afterId=activity%3A79957865,COMPLETE,0.55,openactive.io,Better,ScheduledSession,
feed,https://better-admin.org.uk/api/openactive/better/facility-uses,COMPLETE,1.19,openactive.io,Better,FacilityUse,
feed,https://better-admin.org.uk/api/openactive/better/facility-uses?afterTimestamp=1734713107&afterId=activity_recurrence_group%3A1659,COMPLETE,1.64,openactive.io,Better,FacilityUse,
feed,https://better-admin.org.uk/api/openactive/better/slots,COMPLETE,3.22,openactive.io,Better,Slot,
feed,https://better-admin.org.uk/api/openactive/better/slots?afterTimestamp=1674021795&afterId=activity%3A28840275,COMPLETE,0.51,openactive.io,Better,Slot,
site,https://data.bookwhen.com/,COMPLETE,,openactive.io,Bookwhen,,4
feed,https://bookwhen.com/api/openactive/courseinstances,COMPLETE,1.0,openactive.io,Bookwhen,CourseInstance,
feed,https://bookwhen.com/api/openactive/courseinstances?afterId=14ggimcxwcwr&afterTimestamp=1623087129,COMPLETE,0.55,openactive.io,Bookwhen,CourseInstance,
feed,https://bookwhen.com/api/openactive/scheduledsessions,COMPLETE,2.28,openactive.io,Bookwhen,ScheduledSession,
feed,https://bookwhen.com/api/openactive/scheduledsessions?afterId=ws4yx0aun4g0&afterTimestamp=1759341186,COMPLETE,0.71,openactive.io,Bookwhen,ScheduledSession,
feed,https://bookwhen.com/api/openactive/sessionseries,COMPLETE,1.62,openactive.io,Bookwhen,SessionSeries,
feed,https://bookwhen.com/api/openactive/sessionseries?afterId=14ggimcxwcwr&afterTimestamp=1623087129,COMPLETE,1.11,openactive.io,Bookwhen,SessionSeries,
site,http://data.letsride.co.uk/,COMPLETE,,openactive.io,British Cycling,,1
site,http://data.britishorienteering.org.uk/,COMPLETE,,openactive.io,British Orienteering,,1
site,http://data.britishtriathlon.org/,COMPLETE,,openactive.io,British Triathlon,,1
site,https://data.englandnetball.co.uk/,COMPLETE,,openactive.io,England Netball,,1
site,http://data.gomammoth.co.uk/,COMPLETE,,openactive.io,GO Mammoth,,1
site,https://lawntennisassociation.github.io/,COMPLETE,,openactive.io,Lawn Tennis Association,,1
site,https://www.goodgym.org/api/openactive/,COMPLETE,,openactive.io,Good Gym,,1
site,https://openactive.opensessions.io/,COMPLETE,,openactive.io,Open Sessions,,2
feed,https://opensessions.io/api/rpde/session-series,COMPLETE,1.21,openactive.io,Open Sessions,SessionSeries,
feed,https://opensessions.io/api/rpde/session-series?afterTimestamp=1761713850&afterId=3825,COMPLETE,1.51,openactive.io,Open Sessions,SessionSeries,
site,https://ourparks.org.uk/openactive,COMPLETE,,openactive.io,Our Parks,,1
site,https://playwaze.com/opendata/openactive,COMPLETE,,openactive.io,Playwaze,,4
feed,https://playwaze.com/feeds/scheduled-sessions,COMPLETE_HTML,3.54,openactive.io,Playwaze,ScheduledSession,
feed,https://playwaze.com/feeds/session-series,COMPLETE,0.48,openactive.io,Playwaze,SessionSeries,
feed,https://playwaze.com/feeds/session-series?afterTimestamp=1633615868559&afterId=frxnw2opd2,COMPLETE,0.43,openactive.io,Playwaze,SessionSeries,
site,https://data.runtogether.co.uk/,ERROR_NO_JSONLD,,openactive.io,,,0
site,https://sportstarta.github.io/,COMPLETE,,openactive.io,SportStarta.com,,1
site,https://openactive.upshot.org.uk/,COMPLETE,,openactive.io,Upshot,,1
site,https://opendata.exercise-anywhere.com/,COMPLETE,,openactive.io,Exercise Anywhere,,3
feed,https://opendata.exercise-anywhere.com/api/rpde/session-series,COMPLETE,0.1,openactive.io,Exercise Anywhere,SessionSeries,
feed,https://opendata.exercise-anywhere.com/api/rpde/session-series?afterTimestamp=1773743401&afterId=12658,COMPLETE,0.09,openactive.io,Exercise Anywhere,SessionSeries,
site,https://www.sportsuite.co.uk/odapikey/datasite,COMPLETE,,openactive.io,SportSuite,,1
feed,https://www.sportsuite.co.uk/api/cs-api/openactive,COMPLETE,3.55,openactive.io,SportSuite,SessionSeries,
feed,https://www.sportsuite.co.uk/api/cs-api/openactive?afterTimestamp=1775565248&afterId=546587,COMPLETE,3.98,openactive.io,SportSuite,SessionSeries,
site,https://goteamup.com/api/openactive/v1/,COMPLETE,,openactive.io,TeamUp,,3
feed,https://goteamup.com/api/openactive/v1/sessionseries,COMPLETE,3.04,openactive.io,TeamUp,SessionSeries,
feed,https://goteamup.com/api/openactive/v1/sessionseries?afterId=22007&afterTimestamp=1589197384,COMPLETE,2.96,openactive.io,TeamUp,SessionSeries,
feed,https://goteamup.com/api/openactive/v1/scheduledsessions,COMPLETE,6.16,openactive.io,TeamUp,ScheduledSession,
feed,https://goteamup.com/api/openactive/v1/scheduledsessions?afterId=90618663&afterTimestamp=1753854027,COMPLETE,7.95,openactive.io,TeamUp,ScheduledSession,
site,https://openactive.played.co/openactive/,COMPLETE,,openactive.io,Played,,4
feed,https://openactive.played.co/feeds/scheduled-sessions,COMPLETE,0.24,openactive.io,Played,ScheduledSession,
feed,https://openactive.played.co/feeds/scheduled-sessions?afterChangeNumber=10305651,COMPLETE,0.25,openactive.io,Played,ScheduledSession,
feed,https://openactive.played.co/feeds/session-series,COMPLETE,0.37,openactive.io,Played,SessionSeries,
feed,https://openactive.played.co/feeds/session-series?afterChangeNumber=10394576,COMPLETE,0.41,openactive.io,Played,SessionSeries,
feed,https://openactive.played.co/feeds/facility-uses,COMPLETE,0.24,openactive.io,Played,FacilityUse,
feed,https://openactive.played.co/feeds/facility-uses?afterChangeNumber=18243316,COMPLETE,0.11,openactive.io,Played,FacilityUse,
site,https://api.premiertennis.co.uk/openactive,COMPLETE,,openactive.io,Courtside Hubs CIC,,4
feed,https://api.premiertennis.co.uk/openactive/feed/session-series,COMPLETE,6.78,openactive.io,Courtside Hubs CIC,SessionSeries,
feed,https://api.premiertennis.co.uk/openactive/feed/session-series?afterTimestamp=1772460041&afterId=13029,COMPLETE,6.47,openactive.io,Courtside Hubs CIC,SessionSeries,
feed,https://api.premiertennis.co.uk/openactive/feed/scheduled-sessions,COMPLETE,0.44,openactive.io,Courtside Hubs CIC,ScheduledSession,
feed,https://api.premiertennis.co.uk/openactive/feed/scheduled-sessions?afterTimestamp=1767695342&afterId=126226,COMPLETE,0.38,openactive.io,Courtside Hubs CIC,ScheduledSession,
feed,https://api.premiertennis.co.uk/openactive/feed/facility-uses,COMPLETE,0.69,openactive.io,Courtside Hubs CIC,FacilityUse,
feed,https://api.premiertennis.co.uk/openactive/feed/facility-uses?afterTimestamp=1784101844&afterId=22,COMPLETE,0.26,openactive.io,Courtside Hubs CIC,FacilityUse,
feed,https://api.premiertennis.co.uk/openactive/feed/individual-facility-use-slots,COMPLETE,2.25,openactive.io,Courtside Hubs CIC,Slot,
feed,https://api.premiertennis.co.uk/openactive/feed/individual-facility-use-slots?afterTimestamp=1783515623&afterId=2189554,COMPLETE,2.78,openactive.io,Courtside Hubs CIC,Slot,
site,https://partners.playfootball.net/OpenActive/,COMPLETE,,openactive.io,PlayFootball,,2
feed,https://partners.playfootball.net/OpenActive/feeds/facility-uses,COMPLETE,0.25,openactive.io,PlayFootball,FacilityUse,
feed,https://partners.playfootball.net/OpenActive/feeds/facility-uses?afterTimestamp=638966025666647075&afterId=ven_000030-rbt_000059,COMPLETE,0.14,openactive.io,PlayFootball,FacilityUse,
site,https://api.findmyfacility.com/v1/openactive,COMPLETE,,openactive.io,Find My Facility,,2
feed,https://api.findmyfacility.com/v1/openactive/sessionSeries,TIMEOUT,45.05,openactive.io,Find My Facility,SessionSeries,
site,https://actihire.bookteq.com/api/open-active,COMPLETE,,app.bookteq.com,Actihire,,2
feed,https://actihire.bookteq.com/api/open-active/facility-uses,COMPLETE,9.26,app.bookteq.com,Actihire,FacilityUse,
feed,https://actihire.bookteq.com/api/open-active/facility-uses?afterTimestamp=1769004470691734&afterId=fb016a04-77ff-4fc4-abc3-98c8e7185162,COMPLETE,3.89,app.bookteq.com,Actihire,FacilityUse,
feed,https://actihire.bookteq.com/api/open-active/slots,COMPLETE,2.11,app.bookteq.com,Actihire,Slot,
feed,https://actihire.bookteq.com/api/open-active/slots?afterTimestamp=1783506338389032&afterId=ded5a477-bff6-5c64-a7cb-b1603e48428d,COMPLETE,2.09,app.bookteq.com,Actihire,Slot,
site,https://ajnstadium.bookteq.com/api/open-active,COMPLETE,,app.bookteq.com,Brea Avalon LLP,,2
feed,https://ajnstadium.bookteq.com/api/open-active/facility-uses,COMPLETE,0.68,app.bookteq.com,Brea Avalon LLP,FacilityUse,
feed,https://ajnstadium.bookteq.com/api/open-active/facility-uses?afterTimestamp=1772211709134942&afterId=4eb7d255-7665-446f-b00f-708bedaeb91f,COMPLETE,0.5,app.bookteq.com,Brea Avalon LLP,FacilityUse,
feed,https://ajnstadium.bookteq.com/api/open-active/slots,COMPLETE,1.12,app.bookteq.com,Brea Avalon LLP,Slot,
feed,https://ajnstadium.bookteq.com/api/open-active/slots?afterTimestamp=1783637632333375&afterId=ffb0d91d-78cd-5a12-9601-db0793c36781,COMPLETE,0.95,app.bookteq.com,Brea Avalon LLP,Slot,
site,https://ajsports.bookteq.com/api/open-active,COMPLETE,,app.bookteq.com,Playfinder,,2
feed,https://ajsports.bookteq.com/api/open-active/facility-uses,COMPLETE,0.51,app.bookteq.com,Playfinder,FacilityUse,
feed,https://ajsports.bookteq.com/api/open-active/slots,COMPLETE,0.49,app.bookteq.com,Playfinder,Slot,
site,https://anemoslimited.bookteq.com/api/open-active,ERROR_HTTP_404,,app.bookteq.com,,,0
site,https://appleby.bookteq.com/api/open-active,COMPLETE,,app.bookteq.com,Appleby Frodingham Sports Club,,2
feed,https://appleby.bookteq.com/api/open-active/facility-uses,COMPLETE,0.82,app.bookteq.com,Appleby Frodingham Sports Club,FacilityUse,
feed,https://appleby.bookteq.com/api/open-active/facility-uses?afterTimestamp=1784109047249267&afterId=504ac51c-759a-4a52-8e9c-6a636bcb4434,COMPLETE,0.5,app.bookteq.com,Appleby Frodingham Sports Club,FacilityUse,
feed,https://appleby.bookteq.com/api/open-active/slots,COMPLETE,0.89,app.bookteq.com,Appleby Frodingham Sports Club,Slot,
feed,https://appleby.bookteq.com/api/open-active/slots?afterTimestamp=1783952047658990&afterId=c09bf8d8-aba3-5e6c-9c04-4abd14a89c32,COMPLETE,0.99,app.bookteq.com,Appleby Frodingham Sports Club,Slot,
site,https://ashmoletrust.bookteq.com/api/open-active,COMPLETE,,app.bookteq.com,Ashmole Trust,,2
feed,https://ashmoletrust.bookteq.com/api/open-active/facility-uses,COMPLETE,1.67,app.bookteq.com,Ashmole Trust,FacilityUse,
feed,https://ashmoletrust.bookteq.com/api/open-active/facility-uses?afterTimestamp=1783936602069488&afterId=da7d6be2-c2b3-408d-9bda-9b06bdbfa2df,COMPLETE,0.51,app.bookteq.com,Ashmole Trust,FacilityUse,
feed,https://ashmoletrust.bookteq.com/api/open-active/slots,COMPLETE,1.29,app.bookteq.com,Ashmole Trust,Slot,
feed,https://ashmoletrust.bookteq.com/api/open-active/slots?afterTimestamp=1783550645102279&afterId=b57f762a-3893-5ed9-89e0-807022d1eca6,COMPLETE,1.26,app.bookteq.com,Ashmole Trust,Slot,
site,https://awesomecic.bookteq.com/api/open-active,COMPLETE,,app.bookteq.com,Awesome CIC,,2
feed,https://awesomecic.bookteq.com/api/open-active/facility-uses,COMPLETE,0.67,app.bookteq.com,Awesome CIC,FacilityUse,
feed,https://awesomecic.bookteq.com/api/open-active/facility-uses?afterTimestamp=1781772002885881&afterId=3ec89b06-c46b-4ca9-b05a-187e9645de2f,COMPLETE,0.67,app.bookteq.com,Awesome CIC,FacilityUse,
feed,https://awesomecic.bookteq.com/api/open-active/slots,COMPLETE,0.8,app.bookteq.com,Awesome CIC,Slot,
feed,https://awesomecic.bookteq.com/api/open-active/slots?afterTimestamp=1784109866066834&afterId=eaccf3a0-9b0d-5c88-a787-3edd0363d9e7,COMPLETE,0.5,app.bookteq.com,Awesome CIC,Slot,
site,https://bangorcitystadium.bookteq.com/api/open-active,COMPLETE,,app.bookteq.com,Bangor City Stadium,,2
feed,https://bangorcitystadium.bookteq.com/api/open-active/facility-uses,COMPLETE,0.82,app.bookteq.com,Bangor City Stadium,FacilityUse,
feed,https://bangorcitystadium.bookteq.com/api/open-active/facility-uses?afterTimestamp=1769004698070400&afterId=12da60eb-84a8-4478-bf4c-3c5d0aad9a8d,COMPLETE,0.68,app.bookteq.com,Bangor City Stadium,FacilityUse,
feed,https://bangorcitystadium.bookteq.com/api/open-active/slots,COMPLETE,0.81,app.bookteq.com,Bangor City Stadium,Slot,
feed,https://bangorcitystadium.bookteq.com/api/open-active/slots?afterTimestamp=1783810459029249&afterId=d0cf291e-617c-5a36-af1c-9abaeb8e89cc,COMPLETE,0.86,app.bookteq.com,Bangor City Stadium,Slot,
site,https://basingstokewellbeing.bookteq.com/api/open-active,COMPLETE,,app.bookteq.com,Basingstoke Wellbeing,,2
feed,https://basingstokewellbeing.bookteq.com/api/open-active/facility-uses,COMPLETE,0.82,app.bookteq.com,Basingstoke Wellbeing,FacilityUse,
feed,https://basingstokewellbeing.bookteq.com/api/open-active/facility-uses?afterTimestamp=1739446860985286&afterId=101318ac-aa3f-4e72-963c-65a6625469bb,COMPLETE,0.5,app.bookteq.com,Basingstoke Wellbeing,FacilityUse,
feed,https://basingstokewellbeing.bookteq.com/api/open-active/slots,COMPLETE,0.64,app.bookteq.com,Basingstoke Wellbeing,Slot,
site,https://beaconsfieldtownfc.bookteq.com/api/open-active,ERROR_HTTP_404,,app.bookteq.com,,,0
site,https://bedfordtownfootballclub.bookteq.com/api/open-active,COMPLETE,,app.bookteq.com,Bedford Town Football Club,,2
feed,https://bedfordtownfootballclub.bookteq.com/api/open-active/facility-uses,COMPLETE,0.71,app.bookteq.com,Bedford Town Football Club,FacilityUse,
feed,https://bedfordtownfootballclub.bookteq.com/api/open-active/facility-uses?afterTimestamp=1769004773837254&afterId=5d80ca27-573e-40e8-87c4-44584c366f77,COMPLETE,0.49,app.bookteq.com,Bedford Town Football Club,FacilityUse,
feed,https://bedfordtownfootballclub.bookteq.com/api/open-active/slots,COMPLETE,0.92,app.bookteq.com,Bedford Town Football Club,Slot,
feed,https://bedfordtownfootballclub.bookteq.com/api/open-active/slots?afterTimestamp=1783724045058949&afterId=ea275bae-5bca-5729-bf16-67c7b5456c0f,COMPLETE,1.34,app.bookteq.com,Bedford Town Football Club,Slot,
site,https://bishopchallonersportscentre.bookteq.com/api/open-active,COMPLETE,,app.bookteq.com,Bishop Challoner Sports Centre,,2
feed,https://bishopchallonersportscentre.bookteq.com/api/open-active/facility-uses,COMPLETE,0.79,app.bookteq.com,Bishop Challoner Sports Centre,FacilityUse,
feed,https://bishopchallonersportscentre.bookteq.com/api/open-active/facility-uses?afterTimestamp=1769004784495369&afterId=a912da12-078b-406a-83d5-514fce955f7a,COMPLETE,0.5,app.bookteq.com,Bishop Challoner Sports Centre,FacilityUse,
feed,https://bishopchallonersportscentre.bookteq.com/api/open-active/slots,COMPLETE,0.89,app.bookteq.com,Bishop Challoner Sports Centre,Slot,
feed,https://bishopchallonersportscentre.bookteq.com/api/open-active/slots?afterTimestamp=1783724052346179&afterId=87cae9f8-934b-5f68-ad29-6b47509a3569,COMPLETE,1.04,app.bookteq.com,Bishop Challoner Sports Centre,Slot,
site,https://blueflamessportingclublimited.bookteq.com/api/open-active,COMPLETE,,app.bookteq.com,Blue Flames Sporting Club Limited,,2
feed,https://blueflamessportingclublimited.bookteq.com/api/open-active/facility-uses,COMPLETE,0.77,app.bookteq.com,Blue Flames Sporting Club Limited,FacilityUse,
feed,https://blueflamessportingclublimited.bookteq.com/api/open-active/facility-uses?afterTimestamp=1769786965742897&afterId=d267686c-3d6e-4120-a22b-6ce5a15d4513,COMPLETE,0.5,app.bookteq.com,Blue Flames Sporting Club Limited,FacilityUse,
feed,https://blueflamessportingclublimited.bookteq.com/api/open-active/slots,COMPLETE,0.91,app.bookteq.com,Blue Flames Sporting Club Limited,Slot,
feed,https://blueflamessportingclublimited.bookteq.com/api/open-active/slots?afterTimestamp=1783551232679512&afterId=fe0080e3-6628-5595-86f1-46a43ebdea02,COMPLETE,0.89,app.bookteq.com,Blue Flames Sporting Club Limited,Slot,
site,https://bolderacademy.bookteq.com/api/open-active,COMPLETE,,app.bookteq.com,Bolder Academy,,2
feed,https://bolderacademy.bookteq.com/api/open-active/facility-uses,COMPLETE,1.04,app.bookteq.com,Bolder Academy,FacilityUse,
feed,https://bolderacademy.bookteq.com/api/open-active/facility-uses?afterTimestamp=1781431657086733&afterId=da77f65d-9364-4f89-889e-c1fa31fafa20,COMPLETE,0.53,app.bookteq.com,Bolder Academy,FacilityUse,
feed,https://bolderacademy.bookteq.com/api/open-active/slots,COMPLETE,0.88,app.bookteq.com,Bolder Academy,Slot,
feed,https://bolderacademy.bookteq.com/api/open-active/slots?afterTimestamp=1783724034165199&afterId=d0aab36a-8647-50d1-99a9-0fa6c46d7695,COMPLETE,0.93,app.bookteq.com,Bolder Academy,Slot,
site,https://broughtontowncouncil.bookteq.com/api/open-active,COMPLETE,,app.bookteq.com,Broughton Town Council ,,2
feed,https://broughtontowncouncil.bookteq.com/api/open-active/facility-uses,COMPLETE,0.95,app.bookteq.com,Broughton Town Council ,FacilityUse,
feed,https://broughtontowncouncil.bookteq.com/api/open-active/facility-uses?afterTimestamp=1783955540855463&afterId=3a1ffe5c-0569-4080-a31a-c8d56753fbb9,COMPLETE,0.49,app.bookteq.com,Broughton Town Council ,FacilityUse,
feed,https://broughtontowncouncil.bookteq.com/api/open-active/slots,COMPLETE,1.06,app.bookteq.com,Broughton Town Council ,Slot,
feed,https://broughtontowncouncil.bookteq.com/api/open-active/slots?afterTimestamp=1783551223582897&afterId=dfb93d19-a174-56a3-b6d0-adb591b21268,COMPLETE,1.32,app.bookteq.com,Broughton Town Council ,Slot,
site,https://bryntegschool.bookteq.com/api/open-active,COMPLETE,,app.bookteq.com,Brynteg School,,2
feed,https://bryntegschool.bookteq.com/api/open-active/facility-uses,COMPLETE,1.04,app.bookteq.com,Brynteg School,FacilityUse,
feed,https://bryntegschool.bookteq.com/api/open-active/facility-uses?afterTimestamp=1781000523871009&afterId=76aabd46-46ca-4a06-b09f-5b90e1229c3c,COMPLETE,0.53,app.bookteq.com,Brynteg School,FacilityUse,
feed,https://bryntegschool.bookteq.com/api/open-active/slots,COMPLETE,0.93,app.bookteq.com,Brynteg School,Slot,
feed,https://bryntegschool.bookteq.com/api/open-active/slots?afterTimestamp=1783724053692740&afterId=80282b77-bf47-500b-a46f-b33f4a0957a0,COMPLETE,0.92,app.bookteq.com,Brynteg School,Slot,
site,https://chauncyschool.bookteq.com/api/open-active,COMPLETE,,app.bookteq.com,Chauncy School,,2
feed,https://chauncyschool.bookteq.com/api/open-active/facility-uses,COMPLETE,0.89,app.bookteq.com,Chauncy School,FacilityUse,
feed,https://chauncyschool.bookteq.com/api/open-active/facility-uses?afterTimestamp=1772108108399389&afterId=643c7a81-f208-4c34-ae61-aea63f16fbe7,COMPLETE,0.53,app.bookteq.com,Chauncy School,FacilityUse,
feed,https://chauncyschool.bookteq.com/api/open-active/slots,COMPLETE,0.87,app.bookteq.com,Chauncy School,Slot,
feed,https://chauncyschool.bookteq.com/api/open-active/slots?afterTimestamp=1783724016920405&afterId=7e4a69ad-df52-5cc4-baba-1f8707a7cfe9,COMPLETE,0.93,app.bookteq.com,Chauncy School,Slot,
site,https://coramsfields.bookteq.com/api/open-active,COMPLETE,,app.bookteq.com,Coram's Fields,,2
feed,https://coramsfields.bookteq.com/api/open-active/facility-uses,COMPLETE,0.74,app.bookteq.com,Coram's Fields,FacilityUse,
feed,https://coramsfields.bookteq.com/api/open-active/facility-uses?afterTimestamp=1769004924517686&afterId=ccb5e7d9-c06f-4522-aeaa-40cfc8182d87,COMPLETE,0.62,app.bookteq.com,Coram's Fields,FacilityUse,
feed,https://coramsfields.bookteq.com/api/open-active/slots,COMPLETE,0.79,app.bookteq.com,Coram's Fields,Slot,
feed,https://coramsfields.bookteq.com/api/open-active/slots?afterTimestamp=1784109835690603&afterId=eada672b-d068-5f41-8a10-7da66ea7511c,COMPLETE,0.48,app.bookteq.com,Coram's Fields,Slot,
site,https://coramsfieldsindoorspaces.bookteq.com/api/open-active,COMPLETE,,app.bookteq.com,Coram's Fields,,2
feed,https://coramsfieldsindoorspaces.bookteq.com/api/open-active/facility-uses,COMPLETE,0.68,app.bookteq.com,Coram's Fields,FacilityUse,
feed,https://coramsfieldsindoorspaces.bookteq.com/api/open-active/facility-uses?afterTimestamp=1781092488946393&afterId=748b7aa4-b315-498d-a128-70cf99d55763,COMPLETE,0.54,app.bookteq.com,Coram's Fields,FacilityUse,
feed,https://coramsfieldsindoorspaces.bookteq.com/api/open-active/slots,COMPLETE,1.09,app.bookteq.com,Coram's Fields,Slot,
feed,https://coramsfieldsindoorspaces.bookteq.com/api/open-active/slots?afterTimestamp=1783932516844696&afterId=46ad3426-1c68-539d-b97c-21e609476ba1,COMPLETE,1.02,app.bookteq.com,Coram's Fields,Slot,
site,https://danburyparishcouncil.bookteq.com/api/open-active,COMPLETE,,app.bookteq.com,Danbury Parish Council,,2
feed,https://danburyparishcouncil.bookteq.com/api/open-active/facility-uses,COMPLETE,0.79,app.bookteq.com,Danbury Parish Council,FacilityUse,
feed,https://danburyparishcouncil.bookteq.com/api/open-active/facility-uses?afterTimestamp=1783676307921750&afterId=b3f7a7b0-60b4-4dce-a392-f21a94123b4c,COMPLETE,0.54,app.bookteq.com,Danbury Parish Council,FacilityUse,
feed,https://danburyparishcouncil.bookteq.com/api/open-active/slots,COMPLETE,1.15,app.bookteq.com,Danbury Parish Council,Slot,
feed,https://danburyparishcouncil.bookteq.com/api/open-active/slots?afterTimestamp=1783676216738811&afterId=412fbe23-4b4c-57cd-9785-6be601533c0d,COMPLETE,1.05,app.bookteq.com,Danbury Parish Council,Slot,
site,https://debdaleparksports.bookteq.com/api/open-active,COMPLETE,,app.bookteq.com,Debdale Park Sports & Recreation Club,,2
feed,https://debdaleparksports.bookteq.com/api/open-active/facility-uses,COMPLETE,0.82,app.bookteq.com,Debdale Park Sports & Recreation Club,FacilityUse,
feed,https://debdaleparksports.bookteq.com/api/open-active/facility-uses?afterTimestamp=1772140930242036&afterId=691a3b28-abd4-41e1-aa03-a145bcdd5037,COMPLETE,0.5,app.bookteq.com,Debdale Park Sports & Recreation Club,FacilityUse,
feed,https://debdaleparksports.bookteq.com/api/open-active/slots,COMPLETE,1.09,app.bookteq.com,Debdale Park Sports & Recreation Club,Slot,
feed,https://debdaleparksports.bookteq.com/api/open-active/slots?afterTimestamp=1783635825481143&afterId=a106fd70-bddd-5707-8cdb-64b4ab95ea88,COMPLETE,1.23,app.bookteq.com,Debdale Park Sports & Recreation Club,Slot,
site,https://didcottowncouncil.bookteq.com/api/open-active,COMPLETE,,app.bookteq.com,Didcot Town Council,,2
feed,https://didcottowncouncil.bookteq.com/api/open-active/facility-uses,COMPLETE,1.43,app.bookteq.com,Didcot Town Council,FacilityUse,
feed,https://didcottowncouncil.bookteq.com/api/open-active/facility-uses?afterTimestamp=1776358764101790&afterId=12cf996d-52ae-447d-bf44-ab5b4d95030a,COMPLETE,0.7,app.bookteq.com,Didcot Town Council,FacilityUse,
feed,https://didcottowncouncil.bookteq.com/api/open-active/slots,COMPLETE,1.08,app.bookteq.com,Didcot Town Council,Slot,
feed,https://didcottowncouncil.bookteq.com/api/open-active/slots?afterTimestamp=1783634023531084&afterId=9fb2b690-a864-5690-bce7-e92f39c28326,COMPLETE,1.03,app.bookteq.com,Didcot Town Council,Slot,
site,https://ealingboroughcouncil.bookteq.com/api/open-active,COMPLETE,,app.bookteq.com,London Borough of Ealing Council,,2
feed,https://ealingboroughcouncil.bookteq.com/api/open-active/facility-uses,COMPLETE,1.42,app.bookteq.com,London Borough of Ealing Council,FacilityUse,
feed,https://ealingboroughcouncil.bookteq.com/api/open-active/facility-uses?afterTimestamp=1769005043025660&afterId=eac8d8b4-0750-405c-9cfd-15662799f02b,COMPLETE,0.97,app.bookteq.com,London Borough of Ealing Council,FacilityUse,
feed,https://ealingboroughcouncil.bookteq.com/api/open-active/slots,COMPLETE,0.58,app.bookteq.com,London Borough of Ealing Council,Slot,
feed,https://ealingboroughcouncil.bookteq.com/api/open-active/slots?afterTimestamp=1783810427247507&afterId=c593b9bd-ec1e-5078-9bdc-7cff24b7f2e0,COMPLETE,0.56,app.bookteq.com,London Borough of Ealing Council,Slot,
site,https://earlsdon.bookteq.com/api/open-active,COMPLETE,,app.bookteq.com,Earlsdon Rugby Club,,2
feed,https://earlsdon.bookteq.com/api/open-active/facility-uses,COMPLETE,0.65,app.bookteq.com,Earlsdon Rugby Club,FacilityUse,
feed,https://earlsdon.bookteq.com/api/open-active/facility-uses?afterTimestamp=1725361882007679&afterId=bcb24fa4-5c39-4c77-a8e5-b09fa35a6866,COMPLETE,0.52,app.bookteq.com,Earlsdon Rugby Club,FacilityUse,
feed,https://earlsdon.bookteq.com/api/open-active/slots,COMPLETE,0.86,app.bookteq.com,Earlsdon Rugby Club,Slot,
feed,https://earlsdon.bookteq.com/api/open-active/slots?afterTimestamp=1784109821850497&afterId=f67ac8bb-b38a-5b39-b98c-2a1aa69f8f76,COMPLETE,0.55,app.bookteq.com,Earlsdon Rugby Club,Slot,
site,https://eastmidlandsacademytrust.bookteq.com/api/open-active,COMPLETE,,app.bookteq.com,East Midlands Academy Trust,,2
feed,https://eastmidlandsacademytrust.bookteq.com/api/open-active/facility-uses,COMPLETE,0.97,app.bookteq.com,East Midlands Academy Trust,FacilityUse,
feed,https://eastmidlandsacademytrust.bookteq.com/api/open-active/facility-uses?afterTimestamp=1778144396622913&afterId=0c34f9c7-e393-4723-8a8e-f9403d2a0edc,COMPLETE,0.48,app.bookteq.com,East Midlands Academy Trust,FacilityUse,
feed,https://eastmidlandsacademytrust.bookteq.com/api/open-active/slots,COMPLETE,0.87,app.bookteq.com,East Midlands Academy Trust,Slot,
feed,https://eastmidlandsacademytrust.bookteq.com/api/open-active/slots?afterTimestamp=1783551243985566&afterId=ce8e6c9a-c7b9-5a3e-863a-21a96a0cfc6f,COMPLETE,0.95,app.bookteq.com,East Midlands Academy Trust,Slot,
site,https://eireoggaa.bookteq.com/api/open-active,COMPLETE,,app.bookteq.com,Eire Og GAA,,2
feed,https://eireoggaa.bookteq.com/api/open-active/facility-uses,COMPLETE,0.95,app.bookteq.com,Eire Og GAA,FacilityUse,
feed,https://eireoggaa.bookteq.com/api/open-active/facility-uses?afterTimestamp=1776021450348279&afterId=a6042e1f-7266-4e4e-a8e5-28a43b9d8ebd,COMPLETE,0.5,app.bookteq.com,Eire Og GAA,FacilityUse,
feed,https://eireoggaa.bookteq.com/api/open-active/slots,COMPLETE,1.16,app.bookteq.com,Eire Og GAA,Slot,
feed,https://eireoggaa.bookteq.com/api/open-active/slots?afterTimestamp=1783724036114058&afterId=6c10adf6-0023-5672-bece-671cf5d8398e,COMPLETE,0.93,app.bookteq.com,Eire Og GAA,Slot,
site,https://elgarparkregionalhockeyassociation.bookteq.com/api/open-active,COMPLETE,,app.bookteq.com,Elgar Park Regional Hockey Association,,2
feed,https://elgarparkregionalhockeyassociation.bookteq.com/api/open-active/facility-uses,COMPLETE,1.15,app.bookteq.com,Elgar Park Regional Hockey Association,FacilityUse,
feed,https://elgarparkregionalhockeyassociation.bookteq.com/api/open-active/facility-uses?afterTimestamp=1774964853483103&afterId=815742c2-c4ec-412d-8993-1d59d438f4fa,COMPLETE,0.51,app.bookteq.com,Elgar Park Regional Hockey Association,FacilityUse,
feed,https://elgarparkregionalhockeyassociation.bookteq.com/api/open-active/slots,COMPLETE,1.31,app.bookteq.com,Elgar Park Regional Hockey Association,Slot,
feed,https://elgarparkregionalhockeyassociation.bookteq.com/api/open-active/slots?afterTimestamp=1783637652213388&afterId=f5b0e1c7-f4fa-5153-aab0-9f09445895ff,COMPLETE,1.14,app.bookteq.com,Elgar Park Regional Hockey Association,Slot,
site,https://enfielddrillhallsportsclub.bookteq.com/api/open-active,COMPLETE,,app.bookteq.com,Enfield Drill Hall Sports Club,,2
feed,https://enfielddrillhallsportsclub.bookteq.com/api/open-active/facility-uses,COMPLETE,0.84,app.bookteq.com,Enfield Drill Hall Sports Club,FacilityUse,
feed,https://enfielddrillhallsportsclub.bookteq.com/api/open-active/facility-uses?afterTimestamp=1773232517369013&afterId=17d7e831-850e-4cb9-95be-cfe18929e56b,COMPLETE,0.52,app.bookteq.com,Enfield Drill Hall Sports Club,FacilityUse,
feed,https://enfielddrillhallsportsclub.bookteq.com/api/open-active/slots,COMPLETE,1.51,app.bookteq.com,Enfield Drill Hall Sports Club,Slot,
feed,https://enfielddrillhallsportsclub.bookteq.com/api/open-active/slots?afterTimestamp=1783810459062538&afterId=e0cd9077-2080-5b55-929a-b22cf05d479c,COMPLETE,1.72,app.bookteq.com,Enfield Drill Hall Sports Club,Slot,
site,https://featherstonesportscentre.bookteq.com/api/open-active,COMPLETE,,app.bookteq.com,Featherstone Sports Centre Trust,,2
feed,https://featherstonesportscentre.bookteq.com/api/open-active/facility-uses,COMPLETE,1.07,app.bookteq.com,Featherstone Sports Centre Trust,FacilityUse,
feed,https://featherstonesportscentre.bookteq.com/api/open-active/facility-uses?afterTimestamp=1769005086995100&afterId=16270320-7f70-4e03-a0b6-e41c2a805409,COMPLETE,0.63,app.bookteq.com,Featherstone Sports Centre Trust,FacilityUse,
feed,https://featherstonesportscentre.bookteq.com/api/open-active/slots,COMPLETE,1.14,app.bookteq.com,Featherstone Sports Centre Trust,Slot,
feed,https://featherstonesportscentre.bookteq.com/api/open-active/slots?afterTimestamp=1783637619569969&afterId=2c925d7c-1842-5fba-a262-a1bee3e872d8,COMPLETE,1.04,app.bookteq.com,Featherstone Sports Centre Trust,Slot,
site,https://fleetcc.bookteq.com/api/open-active,COMPLETE,,app.bookteq.com,Mark Allen,,2
feed,https://fleetcc.bookteq.com/api/open-active/facility-uses,COMPLETE,0.73,app.bookteq.com,Mark Allen,FacilityUse,
feed,https://fleetcc.bookteq.com/api/open-active/facility-uses?afterTimestamp=1776361191611562&afterId=847a8c9c-7696-4910-a868-a266cafe82c9,COMPLETE,0.51,app.bookteq.com,Mark Allen,FacilityUse,
feed,https://fleetcc.bookteq.com/api/open-active/slots,COMPLETE,0.66,app.bookteq.com,Mark Allen,Slot,
feed,https://fleetcc.bookteq.com/api/open-active/slots?afterTimestamp=1783896815057747&afterId=f8053692-ef25-5b46-8822-defd7db8f758,COMPLETE,0.61,app.bookteq.com,Mark Allen,Slot,
site,https://football567.bookteq.com/api/open-active,COMPLETE,,app.bookteq.com,Football 567,,2
feed,https://football567.bookteq.com/api/open-active/facility-uses,COMPLETE,0.85,app.bookteq.com,Football 567,FacilityUse,
feed,https://football567.bookteq.com/api/open-active/facility-uses?afterTimestamp=1768233427326333&afterId=327f281a-90b9-41d0-bf2d-b802f44fcf39,COMPLETE,0.8,app.bookteq.com,Football 567,FacilityUse,
feed,https://football567.bookteq.com/api/open-active/slots,COMPLETE,0.63,app.bookteq.com,Football 567,Slot,
feed,https://football567.bookteq.com/api/open-active/slots?afterTimestamp=1783896853382128&afterId=f76a024e-ff22-5a83-9f15-ac4cfa3d7ab7,COMPLETE,1.24,app.bookteq.com,Football 567,Slot,
site,https://footballsamuraiacademylimited.bookteq.com/api/open-active,COMPLETE,,app.bookteq.com,Football Samurai Academy Limited ,,2
feed,https://footballsamuraiacademylimited.bookteq.com/api/open-active/facility-uses,COMPLETE,0.69,app.bookteq.com,Football Samurai Academy Limited ,FacilityUse,
feed,https://footballsamuraiacademylimited.bookteq.com/api/open-active/facility-uses?afterTimestamp=1778079857497158&afterId=e75b488f-7180-4a4d-b4e2-c94e1dd3db99,COMPLETE,0.49,app.bookteq.com,Football Samurai Academy Limited ,FacilityUse,
feed,https://footballsamuraiacademylimited.bookteq.com/api/open-active/slots,COMPLETE,0.73,app.bookteq.com,Football Samurai Academy Limited ,Slot,
site,https://fz2024ltd.bookteq.com/api/open-active,COMPLETE,,app.bookteq.com,FZ 2024 Ltd,,2
feed,https://fz2024ltd.bookteq.com/api/open-active/facility-uses,COMPLETE,0.61,app.bookteq.com,FZ 2024 Ltd,FacilityUse,
feed,https://fz2024ltd.bookteq.com/api/open-active/facility-uses?afterTimestamp=1783089610180853&afterId=0d4a2e08-b48c-4a00-8359-d4b264af55e3,COMPLETE,0.52,app.bookteq.com,FZ 2024 Ltd,FacilityUse,
feed,https://fz2024ltd.bookteq.com/api/open-active/slots,COMPLETE,0.64,app.bookteq.com,FZ 2024 Ltd,Slot,
feed,https://fz2024ltd.bookteq.com/api/open-active/slots?afterTimestamp=1783896810058018&afterId=fabd4c92-f0ad-56a7-a5f9-d6c53a8b2de9,COMPLETE,0.68,app.bookteq.com,FZ 2024 Ltd,Slot,
site,https://gmcommunitylettings.bookteq.com/api/open-active,COMPLETE,,app.bookteq.com,gmcommunitylettings,,2
feed,https://gmcommunitylettings.bookteq.com/api/open-active/facility-uses,COMPLETE,2.31,app.bookteq.com,gmcommunitylettings,FacilityUse,
feed,https://gmcommunitylettings.bookteq.com/api/open-active/facility-uses?afterTimestamp=1783339513126519&afterId=8294e333-c17f-4a4d-a2c0-921d0d9058c5,COMPLETE,0.51,app.bookteq.com,gmcommunitylettings,FacilityUse,
feed,https://gmcommunitylettings.bookteq.com/api/open-active/slots,COMPLETE,1.01,app.bookteq.com,gmcommunitylettings,Slot,
feed,https://gmcommunitylettings.bookteq.com/api/open-active/slots?afterTimestamp=1783551233342414&afterId=94c72e8f-6dfb-5ac8-ab28-46cdb92420df,COMPLETE,1.05,app.bookteq.com,gmcommunitylettings,Slot,
site,https://graveshamlegendsports.bookteq.com/api/open-active,COMPLETE,,app.bookteq.com,Gravesham Legend Sports Ltd,,2
feed,https://graveshamlegendsports.bookteq.com/api/open-active/facility-uses,COMPLETE,0.72,app.bookteq.com,Gravesham Legend Sports Ltd,FacilityUse,
feed,https://graveshamlegendsports.bookteq.com/api/open-active/facility-uses?afterTimestamp=1769005212709832&afterId=61458c14-03c3-4568-9fe8-b292d036982d,COMPLETE,0.5,app.bookteq.com,Gravesham Legend Sports Ltd,FacilityUse,
feed,https://graveshamlegendsports.bookteq.com/api/open-active/slots,COMPLETE,0.88,app.bookteq.com,Gravesham Legend Sports Ltd,Slot,
feed,https://graveshamlegendsports.bookteq.com/api/open-active/slots?afterTimestamp=1783896849670757&afterId=f84d76c4-880c-54dd-82b8-56a7203bc9f8,COMPLETE,1.31,app.bookteq.com,Gravesham Legend Sports Ltd,Slot,
site,https://harbornecricketclub.bookteq.com/api/open-active,COMPLETE,,app.bookteq.com,Harborne Cricket Club,,2
feed,https://harbornecricketclub.bookteq.com/api/open-active/facility-uses,COMPLETE,0.82,app.bookteq.com,Harborne Cricket Club,FacilityUse,
feed,https://harbornecricketclub.bookteq.com/api/open-active/facility-uses?afterTimestamp=1772718507205799&afterId=36c88323-5373-4a60-b343-32d20ff3c69d,COMPLETE,0.79,app.bookteq.com,Harborne Cricket Club,FacilityUse,
feed,https://harbornecricketclub.bookteq.com/api/open-active/slots,COMPLETE,1.12,app.bookteq.com,Harborne Cricket Club,Slot,
feed,https://harbornecricketclub.bookteq.com/api/open-active/slots?afterTimestamp=1784109856847669&afterId=b2b5a4ad-d365-5c83-a032-5f8375417391,COMPLETE,0.8,app.bookteq.com,Harborne Cricket Club,Slot,
site,https://haringeycouncil.bookteq.com/api/open-active,COMPLETE,,app.bookteq.com,Haringey Council,,2
feed,https://haringeycouncil.bookteq.com/api/open-active/facility-uses,COMPLETE,1.18,app.bookteq.com,Haringey Council,FacilityUse,
feed,https://haringeycouncil.bookteq.com/api/open-active/facility-uses?afterTimestamp=1781860397980158&afterId=7800e1a5-c0f8-4419-af5e-09197ccb3bdf,COMPLETE,0.76,app.bookteq.com,Haringey Council,FacilityUse,
feed,https://haringeycouncil.bookteq.com/api/open-active/slots,COMPLETE,0.82,app.bookteq.com,Haringey Council,Slot,
feed,https://haringeycouncil.bookteq.com/api/open-active/slots?afterTimestamp=1784109830161977&afterId=f27dc9a8-4864-513e-83b8-bf156e65c436,COMPLETE,0.51,app.bookteq.com,Haringey Council,Slot,
site,https://harpurhillsportscentrecic.bookteq.com/api/open-active,COMPLETE,,app.bookteq.com,Harpur Hill Sports Centre CIC,,2
feed,https://harpurhillsportscentrecic.bookteq.com/api/open-active/facility-uses,COMPLETE,0.82,app.bookteq.com,Harpur Hill Sports Centre CIC,FacilityUse,
feed,https://harpurhillsportscentrecic.bookteq.com/api/open-active/facility-uses?afterTimestamp=1774056116543274&afterId=c3f32b59-4747-4a3a-9d80-af312621805b,COMPLETE,0.54,app.bookteq.com,Harpur Hill Sports Centre CIC,FacilityUse,
feed,https://harpurhillsportscentrecic.bookteq.com/api/open-active/slots,COMPLETE,0.93,app.bookteq.com,Harpur Hill Sports Centre CIC,Slot,
feed,https://harpurhillsportscentrecic.bookteq.com/api/open-active/slots?afterTimestamp=1783551282245190&afterId=5a117044-d454-5247-b9e5-30826da78650,COMPLETE,0.94,app.bookteq.com,Harpur Hill Sports Centre CIC,Slot,
site,https://hillviewprimaryschool.bookteq.com/api/open-active,ERROR_HTTP_404,,app.bookteq.com,,,0
site,https://hythecsc.bookteq.com/api/open-active,COMPLETE,,app.bookteq.com,Hythe Cricket & Squash Club,,2
feed,https://hythecsc.bookteq.com/api/open-active/facility-uses,COMPLETE,0.75,app.bookteq.com,Hythe Cricket & Squash Club,FacilityUse,
feed,https://hythecsc.bookteq.com/api/open-active/facility-uses?afterTimestamp=1769005298115559&afterId=716a8eb2-366d-4244-a848-2986d90f7b87,COMPLETE,0.51,app.bookteq.com,Hythe Cricket & Squash Club,FacilityUse,
feed,https://hythecsc.bookteq.com/api/open-active/slots,COMPLETE,0.93,app.bookteq.com,Hythe Cricket & Squash Club,Slot,
feed,https://hythecsc.bookteq.com/api/open-active/slots?afterTimestamp=1783637632547206&afterId=3ebcdcb7-0109-5dcf-8602-746b5da2118d,COMPLETE,1.19,app.bookteq.com,Hythe Cricket & Squash Club,Slot,
site,https://idverdecharnwood.bookteq.com/api/open-active,COMPLETE,,app.bookteq.com,ID Verde Charnwood,,2
feed,https://idverdecharnwood.bookteq.com/api/open-active/facility-uses,COMPLETE,0.97,app.bookteq.com,ID Verde Charnwood,FacilityUse,
feed,https://idverdecharnwood.bookteq.com/api/open-active/facility-uses?afterTimestamp=1769005309523583&afterId=718091cb-2e29-4da6-bd0a-300035eaa29a,COMPLETE,0.51,app.bookteq.com,ID Verde Charnwood,FacilityUse,
feed,https://idverdecharnwood.bookteq.com/api/open-active/slots,COMPLETE,0.96,app.bookteq.com,ID Verde Charnwood,Slot,
feed,https://idverdecharnwood.bookteq.com/api/open-active/slots?afterTimestamp=1783810428244412&afterId=9a075978-3fbb-57b7-9382-890ddbca6c2d,COMPLETE,1.15,app.bookteq.com,ID Verde Charnwood,Slot,
site,https://jmosportslimited.bookteq.com/api/open-active,COMPLETE,,app.bookteq.com,JMO Sports Limited,,2
feed,https://jmosportslimited.bookteq.com/api/open-active/facility-uses,COMPLETE,0.77,app.bookteq.com,JMO Sports Limited,FacilityUse,
feed,https://jmosportslimited.bookteq.com/api/open-active/facility-uses?afterTimestamp=1779360021548021&afterId=78d752da-89cb-4f36-9726-21628e37f27a,COMPLETE,0.57,app.bookteq.com,JMO Sports Limited,FacilityUse,
feed,https://jmosportslimited.bookteq.com/api/open-active/slots,COMPLETE,0.94,app.bookteq.com,JMO Sports Limited,Slot,
feed,https://jmosportslimited.bookteq.com/api/open-active/slots?afterTimestamp=1783810457841204&afterId=fc66a43f-b236-5d25-a87e-0b82c173ba18,COMPLETE,0.9,app.bookteq.com,JMO Sports Limited,Slot,
site,https://kingswayparkhighschool.bookteq.com/api/open-active,COMPLETE,,app.bookteq.com,Kingsway Park High School,,2
feed,https://kingswayparkhighschool.bookteq.com/api/open-active/facility-uses,COMPLETE,0.96,app.bookteq.com,Kingsway Park High School,FacilityUse,
feed,https://kingswayparkhighschool.bookteq.com/api/open-active/facility-uses?afterTimestamp=1778768839421127&afterId=6fd2a00c-aa08-4bcb-9ace-2dd6268c4f4b,COMPLETE,0.72,app.bookteq.com,Kingsway Park High School,FacilityUse,
feed,https://kingswayparkhighschool.bookteq.com/api/open-active/slots,COMPLETE,1.04,app.bookteq.com,Kingsway Park High School,Slot,
feed,https://kingswayparkhighschool.bookteq.com/api/open-active/slots?afterTimestamp=1783613284169049&afterId=58d19c0c-869e-5b8a-819d-545351d5a30d,COMPLETE,1.08,app.bookteq.com,Kingsway Park High School,Slot,
site,https://langleygrange.bookteq.com/api/open-active,COMPLETE,,app.bookteq.com,Langley Grange Pool,,2
feed,https://langleygrange.bookteq.com/api/open-active/facility-uses,COMPLETE,0.66,app.bookteq.com,Langley Grange Pool,FacilityUse,
feed,https://langleygrange.bookteq.com/api/open-active/facility-uses?afterTimestamp=1781260027870032&afterId=666c03a8-6277-47d7-8318-ad00a169e546,COMPLETE,0.52,app.bookteq.com,Langley Grange Pool,FacilityUse,
feed,https://langleygrange.bookteq.com/api/open-active/slots,COMPLETE,0.92,app.bookteq.com,Langley Grange Pool,Slot,
feed,https://langleygrange.bookteq.com/api/open-active/slots?afterTimestamp=1783810441380361&afterId=83d6d3f1-0490-5d3a-a7b7-4f7af37e3796,COMPLETE,0.94,app.bookteq.com,Langley Grange Pool,Slot,
site,https://larkhallsportsclub.bookteq.com/api/open-active,COMPLETE,,app.bookteq.com,Larkhall Sports Club,,2
feed,https://larkhallsportsclub.bookteq.com/api/open-active/facility-uses,COMPLETE,0.87,app.bookteq.com,Larkhall Sports Club,FacilityUse,
feed,https://larkhallsportsclub.bookteq.com/api/open-active/facility-uses?afterTimestamp=1772465515876486&afterId=c176aa73-b4b5-4fb0-bb54-f6bb8d443c00,COMPLETE,0.51,app.bookteq.com,Larkhall Sports Club,FacilityUse,
feed,https://larkhallsportsclub.bookteq.com/api/open-active/slots,COMPLETE,1.16,app.bookteq.com,Larkhall Sports Club,Slot,
feed,https://larkhallsportsclub.bookteq.com/api/open-active/slots?afterTimestamp=1783635837076657&afterId=25521b89-3b9f-574b-a363-4252ca2ce1ee,COMPLETE,1.29,app.bookteq.com,Larkhall Sports Club,Slot,
site,https://lifestylefitness.bookteq.com/api/open-active,COMPLETE,,app.bookteq.com,Matthew Arnold Sports Centre,,2
feed,https://lifestylefitness.bookteq.com/api/open-active/facility-uses,COMPLETE,4.82,app.bookteq.com,Matthew Arnold Sports Centre,FacilityUse,
feed,https://lifestylefitness.bookteq.com/api/open-active/facility-uses?afterTimestamp=1784018972758290&afterId=4a9e8358-98e3-4b10-8b65-710f9f5b8642,COMPLETE,0.51,app.bookteq.com,Matthew Arnold Sports Centre,FacilityUse,
feed,https://lifestylefitness.bookteq.com/api/open-active/slots,COMPLETE,0.89,app.bookteq.com,Matthew Arnold Sports Centre,Slot,
feed,https://lifestylefitness.bookteq.com/api/open-active/slots?afterTimestamp=1783548070769431&afterId=7d1e98b6-ce8a-5bd2-9a4f-83d1956aced1,COMPLETE,0.97,app.bookteq.com,Matthew Arnold Sports Centre,Slot,
site,https://lrso.bookteq.com/api/open-active,COMPLETE,,app.bookteq.com,LRSO,,2
feed,https://lrso.bookteq.com/api/open-active/facility-uses,COMPLETE,3.34,app.bookteq.com,LRSO,FacilityUse,
feed,https://lrso.bookteq.com/api/open-active/facility-uses?afterTimestamp=1783432431885039&afterId=7e38b3db-7767-43f6-917a-5a529e968ab2,COMPLETE,0.6,app.bookteq.com,LRSO,FacilityUse,
feed,https://lrso.bookteq.com/api/open-active/slots,COMPLETE,1.55,app.bookteq.com,LRSO,Slot,
feed,https://lrso.bookteq.com/api/open-active/slots?afterTimestamp=1783551270633575&afterId=8c9a993b-42bd-58bc-a272-f56d05c662bf,COMPLETE,1.71,app.bookteq.com,LRSO,Slot,
site,https://manchestercommunicationacademy.bookteq.com/api/open-active,COMPLETE,,app.bookteq.com,Manchester Communication Academy,,2
feed,https://manchestercommunicationacademy.bookteq.com/api/open-active/facility-uses,COMPLETE,1.13,app.bookteq.com,Manchester Communication Academy,FacilityUse,
feed,https://manchestercommunicationacademy.bookteq.com/api/open-active/facility-uses?afterTimestamp=1779278578519256&afterId=945ab566-18e1-4062-8190-731474709372,COMPLETE,0.5,app.bookteq.com,Manchester Communication Academy,FacilityUse,
feed,https://manchestercommunicationacademy.bookteq.com/api/open-active/slots,COMPLETE,1.06,app.bookteq.com,Manchester Communication Academy,Slot,
feed,https://manchestercommunicationacademy.bookteq.com/api/open-active/slots?afterTimestamp=1783551255569527&afterId=aed3900c-bd8a-5045-8b96-99b296b2ae2c,COMPLETE,1.0,app.bookteq.com,Manchester Communication Academy,Slot,
site,https://marchtownfcestovercic.bookteq.com/api/open-active,COMPLETE,,app.bookteq.com,March was Town FC Estover CIC,,2
feed,https://marchtownfcestovercic.bookteq.com/api/open-active/facility-uses,COMPLETE,0.69,app.bookteq.com,March was Town FC Estover CIC,FacilityUse,
feed,https://marchtownfcestovercic.bookteq.com/api/open-active/facility-uses?afterTimestamp=1782465285852853&afterId=c0cbe845-3954-4594-97e2-cb24a2c5fc60,COMPLETE,0.53,app.bookteq.com,March was Town FC Estover CIC,FacilityUse,
feed,https://marchtownfcestovercic.bookteq.com/api/open-active/slots,COMPLETE,0.86,app.bookteq.com,March was Town FC Estover CIC,Slot,
feed,https://marchtownfcestovercic.bookteq.com/api/open-active/slots?afterTimestamp=1783810454666966&afterId=fe08162d-664c-554c-a768-8ee5c7be4690,COMPLETE,1.01,app.bookteq.com,March was Town FC Estover CIC,Slot,
site,https://marstonmoretaine.bookteq.com/api/open-active,COMPLETE,,app.bookteq.com,Marston Moretaine Playing Fields,,2
feed,https://marstonmoretaine.bookteq.com/api/open-active/facility-uses,COMPLETE,0.59,app.bookteq.com,Marston Moretaine Playing Fields,FacilityUse,
feed,https://marstonmoretaine.bookteq.com/api/open-active/facility-uses?afterTimestamp=1773571149744840&afterId=5fd47046-b46c-4a78-9544-19765f976830,COMPLETE,0.7,app.bookteq.com,Marston Moretaine Playing Fields,FacilityUse,
feed,https://marstonmoretaine.bookteq.com/api/open-active/slots,COMPLETE,1.1,app.bookteq.com,Marston Moretaine Playing Fields,Slot,
feed,https://marstonmoretaine.bookteq.com/api/open-active/slots?afterTimestamp=1783896816314424&afterId=ccf8bc93-081f-5d77-9bf6-790e038b5658,COMPLETE,0.67,app.bookteq.com,Marston Moretaine Playing Fields,Slot,
site,https://nxtlevelsportandeducation.bookteq.com/api/open-active,COMPLETE,,app.bookteq.com,NXT Level Sport & Education Ltd,,2
feed,https://nxtlevelsportandeducation.bookteq.com/api/open-active/facility-uses,COMPLETE,2.27,app.bookteq.com,NXT Level Sport & Education Ltd,FacilityUse,
feed,https://nxtlevelsportandeducation.bookteq.com/api/open-active/facility-uses?afterTimestamp=1782840368668466&afterId=eb755df5-6a1d-4544-985a-c0f854a07227,COMPLETE,0.54,app.bookteq.com,NXT Level Sport & Education Ltd,FacilityUse,
feed,https://nxtlevelsportandeducation.bookteq.com/api/open-active/slots,COMPLETE,1.25,app.bookteq.com,NXT Level Sport & Education Ltd,Slot,
feed,https://nxtlevelsportandeducation.bookteq.com/api/open-active/slots?afterTimestamp=1783506192795380&afterId=70af85cd-034e-57b2-83ee-3ca6d22f3f47,COMPLETE,1.2,app.bookteq.com,NXT Level Sport & Education Ltd,Slot,
site,https://oldnorthamptonians.bookteq.com/api/open-active,COMPLETE,,app.bookteq.com,Old Northamptonians Association,,2
feed,https://oldnorthamptonians.bookteq.com/api/open-active/facility-uses,COMPLETE,0.68,app.bookteq.com,Old Northamptonians Association,FacilityUse,
feed,https://oldnorthamptonians.bookteq.com/api/open-active/facility-uses?afterTimestamp=1779725863909936&afterId=6c861054-3e35-426e-9dd9-574b1a1101e9,COMPLETE,0.68,app.bookteq.com,Old Northamptonians Association,FacilityUse,
feed,https://oldnorthamptonians.bookteq.com/api/open-active/slots,COMPLETE,1.11,app.bookteq.com,Old Northamptonians Association,Slot,
feed,https://oldnorthamptonians.bookteq.com/api/open-active/slots?afterTimestamp=1783810414173744&afterId=edbea54f-b3be-54ae-8b4c-0b39d9f07c1b,COMPLETE,0.86,app.bookteq.com,Old Northamptonians Association,Slot,
site,https://oldwhitgiftianscc.bookteq.com/api/open-active,ERROR_HTTP_404,,app.bookteq.com,,,0
site,https://orchardlearningalliance.bookteq.com/api/open-active,COMPLETE,,app.bookteq.com,Orchard Learning Alliance,,2
feed,https://orchardlearningalliance.bookteq.com/api/open-active/facility-uses,COMPLETE,1.77,app.bookteq.com,Orchard Learning Alliance,FacilityUse,
feed,https://orchardlearningalliance.bookteq.com/api/open-active/facility-uses?afterTimestamp=1782835843096734&afterId=a9bf8324-5975-4383-84f1-0c45af20791a,COMPLETE,0.55,app.bookteq.com,Orchard Learning Alliance,FacilityUse,
feed,https://orchardlearningalliance.bookteq.com/api/open-active/slots,COMPLETE,1.17,app.bookteq.com,Orchard Learning Alliance,Slot,
feed,https://orchardlearningalliance.bookteq.com/api/open-active/slots?afterTimestamp=1783637663172584&afterId=39bb7a48-8cda-503f-af34-df6edc3bfce0,COMPLETE,1.02,app.bookteq.com,Orchard Learning Alliance,Slot,
site,https://pomphreyhill.bookteq.com/api/open-active,COMPLETE,,app.bookteq.com,Pomphrey Hill Community Sports Association,,2
feed,https://pomphreyhill.bookteq.com/api/open-active/facility-uses,COMPLETE,1.23,app.bookteq.com,Pomphrey Hill Community Sports Association,FacilityUse,
feed,https://pomphreyhill.bookteq.com/api/open-active/facility-uses?afterTimestamp=1782741639797361&afterId=95d1bb04-e53d-4ae0-8f1b-1e09dbd0807a,COMPLETE,0.7,app.bookteq.com,Pomphrey Hill Community Sports Association,FacilityUse,
feed,https://pomphreyhill.bookteq.com/api/open-active/slots,COMPLETE,2.12,app.bookteq.com,Pomphrey Hill Community Sports Association,Slot,
feed,https://pomphreyhill.bookteq.com/api/open-active/slots?afterTimestamp=1783678819600225&afterId=94fbbbad-fe20-5185-a021-ff0fb1fd4d28,COMPLETE,0.97,app.bookteq.com,Pomphrey Hill Community Sports Association,Slot,
site,https://precisionfootballarena.bookteq.com/api/open-active,COMPLETE,,app.bookteq.com,Precision Football Arena,,2
feed,https://precisionfootballarena.bookteq.com/api/open-active/facility-uses,COMPLETE,0.72,app.bookteq.com,Precision Football Arena,FacilityUse,
feed,https://precisionfootballarena.bookteq.com/api/open-active/facility-uses?afterTimestamp=1781792739561037&afterId=fad07fff-6844-4478-b87a-d4d5949951e7,COMPLETE,0.87,app.bookteq.com,Precision Football Arena,FacilityUse,
feed,https://precisionfootballarena.bookteq.com/api/open-active/slots,COMPLETE,0.7,app.bookteq.com,Precision Football Arena,Slot,
feed,https://precisionfootballarena.bookteq.com/api/open-active/slots?afterTimestamp=1784110410204848&afterId=f093f431-09bc-5861-8a12-33c67b47bb34,COMPLETE,0.53,app.bookteq.com,Precision Football Arena,Slot,
site,https://preessportsclub.bookteq.com/api/open-active,COMPLETE,,app.bookteq.com,Prees Sports and Social Club,,2
feed,https://preessportsclub.bookteq.com/api/open-active/facility-uses,COMPLETE,0.96,app.bookteq.com,Prees Sports and Social Club,FacilityUse,
feed,https://preessportsclub.bookteq.com/api/open-active/facility-uses?afterTimestamp=1727340774816375&afterId=21689832-e0e4-4de2-bb42-4d85c636184f,COMPLETE,0.59,app.bookteq.com,Prees Sports and Social Club,FacilityUse,
feed,https://preessportsclub.bookteq.com/api/open-active/slots,COMPLETE,1.18,app.bookteq.com,Prees Sports and Social Club,Slot,
feed,https://preessportsclub.bookteq.com/api/open-active/slots?afterTimestamp=1783724032698376&afterId=abca6d84-522e-5803-9bab-87ef31bce775,COMPLETE,0.95,app.bookteq.com,Prees Sports and Social Club,Slot,
site,https://princesparkyouthfc.bookteq.com/api/open-active,COMPLETE,,app.bookteq.com,Princes Park Youth Football Club,,2
feed,https://princesparkyouthfc.bookteq.com/api/open-active/facility-uses,COMPLETE,0.75,app.bookteq.com,Princes Park Youth Football Club,FacilityUse,
feed,https://princesparkyouthfc.bookteq.com/api/open-active/facility-uses?afterTimestamp=1768231340816281&afterId=2c4521a6-aa9f-4204-af77-72a5199aecf3,COMPLETE,0.5,app.bookteq.com,Princes Park Youth Football Club,FacilityUse,
feed,https://princesparkyouthfc.bookteq.com/api/open-active/slots,COMPLETE,0.61,app.bookteq.com,Princes Park Youth Football Club,Slot,
feed,https://princesparkyouthfc.bookteq.com/api/open-active/slots?afterTimestamp=1783896843993713&afterId=fff2128d-867d-59dc-9df7-7d2df8b6a8ec,COMPLETE,0.62,app.bookteq.com,Princes Park Youth Football Club,Slot,
site,https://prioryfederation.bookteq.com/api/open-active,COMPLETE,,app.bookteq.com,Priory Federation of Academies,,2
feed,https://prioryfederation.bookteq.com/api/open-active/facility-uses,COMPLETE,1.65,app.bookteq.com,Priory Federation of Academies,FacilityUse,
feed,https://prioryfederation.bookteq.com/api/open-active/facility-uses?afterTimestamp=1775375636894942&afterId=125f1773-f4fc-4be0-b8dd-ffe31718f1f5,COMPLETE,0.51,app.bookteq.com,Priory Federation of Academies,FacilityUse,
feed,https://prioryfederation.bookteq.com/api/open-active/slots,COMPLETE,1.27,app.bookteq.com,Priory Federation of Academies,Slot,
feed,https://prioryfederation.bookteq.com/api/open-active/slots?afterTimestamp=1783637642381521&afterId=33bd7c31-9566-55f6-af8b-b96f2810c88b,COMPLETE,1.57,app.bookteq.com,Priory Federation of Academies,Slot,
site,https://qhmemorialsportsground.bookteq.com/api/open-active,COMPLETE,,app.bookteq.com,QH Memorial Sports Ground - River Pitches,,2
feed,https://qhmemorialsportsground.bookteq.com/api/open-active/facility-uses,COMPLETE,0.94,app.bookteq.com,QH Memorial Sports Ground - River Pitches,FacilityUse,
feed,https://qhmemorialsportsground.bookteq.com/api/open-active/facility-uses?afterTimestamp=1783698034936948&afterId=6f67c865-4159-4382-9b3f-cfd6c0dc4c99,COMPLETE,0.53,app.bookteq.com,QH Memorial Sports Ground - River Pitches,FacilityUse,
feed,https://qhmemorialsportsground.bookteq.com/api/open-active/slots,COMPLETE,1.12,app.bookteq.com,QH Memorial Sports Ground - River Pitches,Slot,
feed,https://qhmemorialsportsground.bookteq.com/api/open-active/slots?afterTimestamp=1783606542497505&afterId=beb5f15f-c778-5606-981a-62f47412666a,COMPLETE,1.2,app.bookteq.com,QH Memorial Sports Ground - River Pitches,Slot,
site,https://readingrugbyclub.bookteq.com/api/open-active,COMPLETE,,app.bookteq.com,Reading Rugby Club,,2
feed,https://readingrugbyclub.bookteq.com/api/open-active/facility-uses,COMPLETE,1.01,app.bookteq.com,Reading Rugby Club,FacilityUse,
feed,https://readingrugbyclub.bookteq.com/api/open-active/facility-uses?afterTimestamp=1769005560322441&afterId=459a64d5-bdac-423c-accb-3815418f1214,COMPLETE,0.5,app.bookteq.com,Reading Rugby Club,FacilityUse,
feed,https://readingrugbyclub.bookteq.com/api/open-active/slots,COMPLETE,1.13,app.bookteq.com,Reading Rugby Club,Slot,
feed,https://readingrugbyclub.bookteq.com/api/open-active/slots?afterTimestamp=1783551222691870&afterId=c653cdc4-5505-58e2-aa85-b96aa6ba153a,COMPLETE,0.96,app.bookteq.com,Reading Rugby Club,Slot,
site,https://risecommunitycic.bookteq.com/api/open-active,COMPLETE,,app.bookteq.com,The Hub - Rise Community,,2
feed,https://risecommunitycic.bookteq.com/api/open-active/facility-uses,COMPLETE,0.79,app.bookteq.com,The Hub - Rise Community,FacilityUse,
feed,https://risecommunitycic.bookteq.com/api/open-active/facility-uses?afterTimestamp=1769005566542052&afterId=160a70d7-a7bf-4336-8838-3a914e4fa934,COMPLETE,0.51,app.bookteq.com,The Hub - Rise Community,FacilityUse,
feed,https://risecommunitycic.bookteq.com/api/open-active/slots,COMPLETE,1.99,app.bookteq.com,The Hub - Rise Community,Slot,
feed,https://risecommunitycic.bookteq.com/api/open-active/slots?afterTimestamp=1784110446705650&afterId=b4af0883-303c-5303-8af6-a9c8f4f9a9ce,COMPLETE,0.53,app.bookteq.com,The Hub - Rise Community,Slot,
site,https://schoolenterprises.bookteq.com/api/open-active,COMPLETE,,app.bookteq.com,School Enterprises Ltd,,2
feed,https://schoolenterprises.bookteq.com/api/open-active/facility-uses,COMPLETE,3.23,app.bookteq.com,School Enterprises Ltd,FacilityUse,
feed,https://schoolenterprises.bookteq.com/api/open-active/facility-uses?afterTimestamp=1784035043561070&afterId=983237b3-7d59-4e62-b5f6-854b2f7cb223,COMPLETE,0.5,app.bookteq.com,School Enterprises Ltd,FacilityUse,
feed,https://schoolenterprises.bookteq.com/api/open-active/slots,COMPLETE,1.05,app.bookteq.com,School Enterprises Ltd,Slot,
feed,https://schoolenterprises.bookteq.com/api/open-active/slots?afterTimestamp=1783551272991746&afterId=d9e01e64-aae0-598b-b0e9-8eeecae1e3b1,COMPLETE,1.12,app.bookteq.com,School Enterprises Ltd,Slot,
site,https://shikogroupltd.bookteq.com/api/open-active,COMPLETE,,app.bookteq.com,Courts Club,,2
feed,https://shikogroupltd.bookteq.com/api/open-active/facility-uses,COMPLETE,0.65,app.bookteq.com,Courts Club,FacilityUse,
feed,https://shikogroupltd.bookteq.com/api/open-active/facility-uses?afterTimestamp=1780939893635901&afterId=c7b43a4f-c4bb-49d2-a9f5-423079205f9a,COMPLETE,0.54,app.bookteq.com,Courts Club,FacilityUse,
feed,https://shikogroupltd.bookteq.com/api/open-active/slots,COMPLETE,0.95,app.bookteq.com,Courts Club,Slot,
feed,https://shikogroupltd.bookteq.com/api/open-active/slots?afterTimestamp=1784110463916583&afterId=ff3d573b-b813-5941-a41c-b1c1abb3425b,COMPLETE,0.5,app.bookteq.com,Courts Club,Slot,
site,https://shirleyhighschool.bookteq.com/api/open-active,COMPLETE,,app.bookteq.com,Shirley High School,,2
feed,https://shirleyhighschool.bookteq.com/api/open-active/facility-uses,COMPLETE,0.87,app.bookteq.com,Shirley High School,FacilityUse,
feed,https://shirleyhighschool.bookteq.com/api/open-active/facility-uses?afterTimestamp=1770802869726491&afterId=332a2909-889f-4894-9910-ae434b495f6d,COMPLETE,0.5,app.bookteq.com,Shirley High School,FacilityUse,
feed,https://shirleyhighschool.bookteq.com/api/open-active/slots,COMPLETE,1.21,app.bookteq.com,Shirley High School,Slot,
feed,https://shirleyhighschool.bookteq.com/api/open-active/slots?afterTimestamp=1783637626774284&afterId=ac942692-52c3-5ca5-ad0b-1869cde9b0c6,COMPLETE,0.96,app.bookteq.com,Shirley High School,Slot,
site,https://southwarkcouncil.bookteq.com/api/open-active,COMPLETE,,app.bookteq.com,Southwark Council,,2
feed,https://southwarkcouncil.bookteq.com/api/open-active/facility-uses,COMPLETE,0.65,app.bookteq.com,Southwark Council,FacilityUse,
feed,https://southwarkcouncil.bookteq.com/api/open-active/facility-uses?afterTimestamp=1768231363008851&afterId=bf891236-d13f-4681-aad1-24f98492f8f0,COMPLETE,0.52,app.bookteq.com,Southwark Council,FacilityUse,
feed,https://southwarkcouncil.bookteq.com/api/open-active/slots,COMPLETE,0.58,app.bookteq.com,Southwark Council,Slot,
feed,https://southwarkcouncil.bookteq.com/api/open-active/slots?afterTimestamp=1783551210623936&afterId=fd672955-ceb8-51bf-800c-d40c9d978196,COMPLETE,0.8,app.bookteq.com,Southwark Council,Slot,
site,https://spaldingunitedfootballclub.bookteq.com/api/open-active,COMPLETE,,app.bookteq.com,Spalding United Football Club,,2
feed,https://spaldingunitedfootballclub.bookteq.com/api/open-active/facility-uses,COMPLETE,0.81,app.bookteq.com,Spalding United Football Club,FacilityUse,
feed,https://spaldingunitedfootballclub.bookteq.com/api/open-active/facility-uses?afterTimestamp=1769005626978982&afterId=1ca09f4b-98d1-47bd-86eb-165befe966e1,COMPLETE,0.52,app.bookteq.com,Spalding United Football Club,FacilityUse,
feed,https://spaldingunitedfootballclub.bookteq.com/api/open-active/slots,COMPLETE,1.04,app.bookteq.com,Spalding United Football Club,Slot,
feed,https://spaldingunitedfootballclub.bookteq.com/api/open-active/slots?afterTimestamp=1783614435000353&afterId=18ba2d6c-964d-5755-8cb6-1564eec7b5d4,COMPLETE,1.01,app.bookteq.com,Spalding United Football Club,Slot,
site,https://sportsiq.bookteq.com/api/open-active,COMPLETE,,app.bookteq.com,Sports IQ LTD,,2
feed,https://sportsiq.bookteq.com/api/open-active/facility-uses,COMPLETE,0.96,app.bookteq.com,Sports IQ LTD,FacilityUse,
feed,https://sportsiq.bookteq.com/api/open-active/facility-uses?afterTimestamp=1778008076770871&afterId=b5b7f656-adf0-41a5-a9ca-188ef72fc0c0,COMPLETE,0.71,app.bookteq.com,Sports IQ LTD,FacilityUse,
feed,https://sportsiq.bookteq.com/api/open-active/slots,COMPLETE,1.23,app.bookteq.com,Sports IQ LTD,Slot,
feed,https://sportsiq.bookteq.com/api/open-active/slots?afterTimestamp=1783637631935081&afterId=f698cfdf-be2a-5b1a-a0e0-90440d44f4db,COMPLETE,1.08,app.bookteq.com,Sports IQ LTD,Slot,
site,https://stanleyprimaryschool.bookteq.com/api/open-active,COMPLETE,,app.bookteq.com,Stanley Primary School,,2
feed,https://stanleyprimaryschool.bookteq.com/api/open-active/facility-uses,COMPLETE,1.06,app.bookteq.com,Stanley Primary School,FacilityUse,
feed,https://stanleyprimaryschool.bookteq.com/api/open-active/facility-uses?afterTimestamp=1769005649091404&afterId=86cc4d3f-42ef-4c4e-9b89-11df673ebdef,COMPLETE,0.5,app.bookteq.com,Stanley Primary School,FacilityUse,
feed,https://stanleyprimaryschool.bookteq.com/api/open-active/slots,COMPLETE,0.98,app.bookteq.com,Stanley Primary School,Slot,
feed,https://stanleyprimaryschool.bookteq.com/api/open-active/slots?afterTimestamp=1783810413478385&afterId=ca45e1d7-d7e5-5673-8ee5-d4d063e9996f,COMPLETE,0.91,app.bookteq.com,Stanley Primary School,Slot,
site,https://stcuthbertmayneschool.bookteq.com/api/open-active,COMPLETE,,app.bookteq.com,St Cuthbert Mayne School,,2
feed,https://stcuthbertmayneschool.bookteq.com/api/open-active/facility-uses,COMPLETE,0.73,app.bookteq.com,St Cuthbert Mayne School,FacilityUse,
feed,https://stcuthbertmayneschool.bookteq.com/api/open-active/facility-uses?afterTimestamp=1780668041349083&afterId=8575059c-07f5-42ff-be13-aa35044bf5d7,COMPLETE,0.52,app.bookteq.com,St Cuthbert Mayne School,FacilityUse,
feed,https://stcuthbertmayneschool.bookteq.com/api/open-active/slots,COMPLETE,0.92,app.bookteq.com,St Cuthbert Mayne School,Slot,
feed,https://stcuthbertmayneschool.bookteq.com/api/open-active/slots?afterTimestamp=1784110461558404&afterId=772076ff-2c31-535d-be43-6ba052d6e166,COMPLETE,0.56,app.bookteq.com,St Cuthbert Mayne School,Slot,
site,https://stgeorgesschool.bookteq.com/api/open-active,COMPLETE,,app.bookteq.com,"St George's School, Harpenden",,2
feed,https://stgeorgesschool.bookteq.com/api/open-active/facility-uses,COMPLETE,0.97,app.bookteq.com,"St George's School, Harpenden",FacilityUse,
feed,https://stgeorgesschool.bookteq.com/api/open-active/facility-uses?afterTimestamp=1762954686005198&afterId=3513ce0d-b2a0-4713-9cad-3243062f03ad,COMPLETE,0.76,app.bookteq.com,"St George's School, Harpenden",FacilityUse,
feed,https://stgeorgesschool.bookteq.com/api/open-active/slots,COMPLETE,1.77,app.bookteq.com,"St George's School, Harpenden",Slot,
feed,https://stgeorgesschool.bookteq.com/api/open-active/slots?afterTimestamp=1783637609989988&afterId=2e9c76c0-054d-5704-b6f4-60c946fe4ce7,COMPLETE,1.2,app.bookteq.com,"St George's School, Harpenden",Slot,
site,https://stoweenterprisesltd.bookteq.com/api/open-active,COMPLETE,,app.bookteq.com,Stowe Enterprises Ltd,,2
feed,https://stoweenterprisesltd.bookteq.com/api/open-active/facility-uses,COMPLETE,1.32,app.bookteq.com,Stowe Enterprises Ltd,FacilityUse,
feed,https://stoweenterprisesltd.bookteq.com/api/open-active/facility-uses?afterTimestamp=1779887868706394&afterId=e9a4577f-f20a-49a2-8f57-530a116b9868,COMPLETE,0.5,app.bookteq.com,Stowe Enterprises Ltd,FacilityUse,
feed,https://stoweenterprisesltd.bookteq.com/api/open-active/slots,COMPLETE,1.21,app.bookteq.com,Stowe Enterprises Ltd,Slot,
feed,https://stoweenterprisesltd.bookteq.com/api/open-active/slots?afterTimestamp=1783637619699144&afterId=4a244bc0-da07-58a8-b002-baaf6ad65bae,COMPLETE,0.97,app.bookteq.com,Stowe Enterprises Ltd,Slot,
site,https://strikersindoorsports.bookteq.com/api/open-active,COMPLETE,,app.bookteq.com,Strikers Indoor Football,,2
feed,https://strikersindoorsports.bookteq.com/api/open-active/facility-uses,COMPLETE,0.89,app.bookteq.com,Strikers Indoor Football,FacilityUse,
feed,https://strikersindoorsports.bookteq.com/api/open-active/facility-uses?afterTimestamp=1767392230626241&afterId=80c63671-8a3c-480e-912f-b74dfbc0d736,COMPLETE,0.68,app.bookteq.com,Strikers Indoor Football,FacilityUse,
feed,https://strikersindoorsports.bookteq.com/api/open-active/slots,COMPLETE,0.72,app.bookteq.com,Strikers Indoor Football,Slot,
feed,https://strikersindoorsports.bookteq.com/api/open-active/slots?afterTimestamp=1783896815022383&afterId=eeabdeab-4ae2-5792-9492-9c75b3a76117,COMPLETE,0.68,app.bookteq.com,Strikers Indoor Football,Slot,
site,https://sunburycricketclub.bookteq.com/api/open-active,COMPLETE,,app.bookteq.com,Sunbury Cricket Club,,2
feed,https://sunburycricketclub.bookteq.com/api/open-active/facility-uses,COMPLETE,0.75,app.bookteq.com,Sunbury Cricket Club,FacilityUse,
feed,https://sunburycricketclub.bookteq.com/api/open-active/facility-uses?afterTimestamp=1721325403725510&afterId=5a91dc7d-5e43-47fd-a5c9-5880e7f8cca4,COMPLETE,0.86,app.bookteq.com,Sunbury Cricket Club,FacilityUse,
feed,https://sunburycricketclub.bookteq.com/api/open-active/slots,COMPLETE,1.31,app.bookteq.com,Sunbury Cricket Club,Slot,
feed,https://sunburycricketclub.bookteq.com/api/open-active/slots?afterTimestamp=1784069655106511&afterId=d43f151c-5116-5e7c-b343-9347951930c3,COMPLETE,0.71,app.bookteq.com,Sunbury Cricket Club,Slot,
site,https://theblackprincetrust.bookteq.com/api/open-active,COMPLETE,,app.bookteq.com,The Black Prince Trust ,,2
feed,https://theblackprincetrust.bookteq.com/api/open-active/facility-uses,COMPLETE,0.88,app.bookteq.com,The Black Prince Trust ,FacilityUse,
feed,https://theblackprincetrust.bookteq.com/api/open-active/facility-uses?afterTimestamp=1775048533488112&afterId=23d4377e-c447-4d2c-8888-8af88e0d5897,COMPLETE,0.53,app.bookteq.com,The Black Prince Trust ,FacilityUse,
feed,https://theblackprincetrust.bookteq.com/api/open-active/slots,COMPLETE,1.05,app.bookteq.com,The Black Prince Trust ,Slot,
feed,https://theblackprincetrust.bookteq.com/api/open-active/slots?afterTimestamp=1783551219949564&afterId=4a4c599f-fe40-57cf-940d-c13e224fdc79,COMPLETE,1.03,app.bookteq.com,The Black Prince Trust ,Slot,
site,https://thedownsidesettlement.bookteq.com/api/open-active,COMPLETE,,app.bookteq.com,The Downside Settlement,,2
feed,https://thedownsidesettlement.bookteq.com/api/open-active/facility-uses,COMPLETE,0.83,app.bookteq.com,The Downside Settlement,FacilityUse,
feed,https://thedownsidesettlement.bookteq.com/api/open-active/facility-uses?afterTimestamp=1777473299005011&afterId=3989abad-a322-4559-b961-2336a9eee1cb,COMPLETE,0.51,app.bookteq.com,The Downside Settlement,FacilityUse,
feed,https://thedownsidesettlement.bookteq.com/api/open-active/slots,COMPLETE,0.86,app.bookteq.com,The Downside Settlement,Slot,
feed,https://thedownsidesettlement.bookteq.com/api/open-active/slots?afterTimestamp=1783724034762502&afterId=fb4e59d1-0713-5357-8881-84ea24182b9a,COMPLETE,0.94,app.bookteq.com,The Downside Settlement,Slot,
site,https://thesportswarehouseltd.bookteq.com/api/open-active,COMPLETE,,app.bookteq.com,The Sports Warehouse (Flint) LTD,,2
feed,https://thesportswarehouseltd.bookteq.com/api/open-active/facility-uses,COMPLETE,0.68,app.bookteq.com,The Sports Warehouse (Flint) LTD,FacilityUse,
feed,https://thesportswarehouseltd.bookteq.com/api/open-active/facility-uses?afterTimestamp=1778586674250995&afterId=8b576e1a-74f1-4e77-8d8d-dcbd6533d84e,COMPLETE,0.5,app.bookteq.com,The Sports Warehouse (Flint) LTD,FacilityUse,
feed,https://thesportswarehouseltd.bookteq.com/api/open-active/slots,COMPLETE,0.85,app.bookteq.com,The Sports Warehouse (Flint) LTD,Slot,
feed,https://thesportswarehouseltd.bookteq.com/api/open-active/slots?afterTimestamp=1784110410280256&afterId=fc503be5-c845-53fc-a9aa-880527c3cc93,COMPLETE,0.52,app.bookteq.com,The Sports Warehouse (Flint) LTD,Slot,
site,https://thewoodroffeschool.bookteq.com/api/open-active,COMPLETE,,app.bookteq.com,The Woodroffe School,,2
feed,https://thewoodroffeschool.bookteq.com/api/open-active/facility-uses,COMPLETE,0.77,app.bookteq.com,The Woodroffe School,FacilityUse,
feed,https://thewoodroffeschool.bookteq.com/api/open-active/facility-uses?afterTimestamp=1769005746761401&afterId=d99c7857-6670-4123-8b39-1c2aed8d6def,COMPLETE,0.5,app.bookteq.com,The Woodroffe School,FacilityUse,
feed,https://thewoodroffeschool.bookteq.com/api/open-active/slots,COMPLETE,0.88,app.bookteq.com,The Woodroffe School,Slot,
feed,https://thewoodroffeschool.bookteq.com/api/open-active/slots?afterTimestamp=1784110417654613&afterId=63a8857b-26c3-59ba-ad66-3a6b16d9c1cb,COMPLETE,0.78,app.bookteq.com,The Woodroffe School,Slot,
site,https://topcic.bookteq.com/api/open-active,COMPLETE,,app.bookteq.com,100% TO THE TOP CIC,,2
feed,https://topcic.bookteq.com/api/open-active/facility-uses,COMPLETE,0.7,app.bookteq.com,100% TO THE TOP CIC,FacilityUse,
feed,https://topcic.bookteq.com/api/open-active/facility-uses?afterTimestamp=1769005762689790&afterId=c696fe58-bb01-4988-bf90-b1b518ba5952,COMPLETE,0.53,app.bookteq.com,100% TO THE TOP CIC,FacilityUse,
feed,https://topcic.bookteq.com/api/open-active/slots,COMPLETE,0.57,app.bookteq.com,100% TO THE TOP CIC,Slot,
feed,https://topcic.bookteq.com/api/open-active/slots?afterTimestamp=1783551245710111&afterId=fdb37aec-c78e-5a44-bf34-ad7088578ae6,COMPLETE,0.71,app.bookteq.com,100% TO THE TOP CIC,Slot,
site,https://walthamforestcouncil.bookteq.com/api/open-active,COMPLETE,,app.bookteq.com,Waltham Forest Council,,2
feed,https://walthamforestcouncil.bookteq.com/api/open-active/facility-uses,COMPLETE,2.57,app.bookteq.com,Waltham Forest Council,FacilityUse,
feed,https://walthamforestcouncil.bookteq.com/api/open-active/facility-uses?afterTimestamp=1783940324049761&afterId=e35b21d9-1ad1-4a13-8ce1-ba748ad378e9,COMPLETE,0.54,app.bookteq.com,Waltham Forest Council,FacilityUse,
feed,https://walthamforestcouncil.bookteq.com/api/open-active/slots,COMPLETE,1.09,app.bookteq.com,Waltham Forest Council,Slot,
feed,https://walthamforestcouncil.bookteq.com/api/open-active/slots?afterTimestamp=1783551244884103&afterId=6eb209a0-9125-5f16-97bc-9e8edea321e5,COMPLETE,1.16,app.bookteq.com,Waltham Forest Council,Slot,
site,https://waspsfootballclub.bookteq.com/api/open-active,COMPLETE,,app.bookteq.com,Wasps FC - Rugby in West London,,2
feed,https://waspsfootballclub.bookteq.com/api/open-active/facility-uses,COMPLETE,0.71,app.bookteq.com,Wasps FC - Rugby in West London,FacilityUse,
feed,https://waspsfootballclub.bookteq.com/api/open-active/facility-uses?afterTimestamp=1686307409163329&afterId=592d41b5-7914-4a50-a9f1-62abcb0a3b42,COMPLETE,0.49,app.bookteq.com,Wasps FC - Rugby in West London,FacilityUse,
feed,https://waspsfootballclub.bookteq.com/api/open-active/slots,COMPLETE,0.74,app.bookteq.com,Wasps FC - Rugby in West London,Slot,
site,https://waterliliesswimmingschool.bookteq.com/api/open-active,COMPLETE,,app.bookteq.com,Water Lilies Swimming School Ltd,,2
feed,https://waterliliesswimmingschool.bookteq.com/api/open-active/facility-uses,COMPLETE,1.87,app.bookteq.com,Water Lilies Swimming School Ltd,FacilityUse,
feed,https://waterliliesswimmingschool.bookteq.com/api/open-active/facility-uses?afterTimestamp=1783950278560646&afterId=eb8224b5-e553-46ae-bbad-a3d3c412dfe4,COMPLETE,0.74,app.bookteq.com,Water Lilies Swimming School Ltd,FacilityUse,
feed,https://waterliliesswimmingschool.bookteq.com/api/open-active/slots,COMPLETE,1.21,app.bookteq.com,Water Lilies Swimming School Ltd,Slot,
feed,https://waterliliesswimmingschool.bookteq.com/api/open-active/slots?afterTimestamp=1783950216344753&afterId=e53dd5bc-b37e-56dc-88d2-cab9609e74a0,COMPLETE,0.88,app.bookteq.com,Water Lilies Swimming School Ltd,Slot,
site,https://wellscathedral.bookteq.com/api/open-active,COMPLETE,,app.bookteq.com,Wells Cathedral School,,2
feed,https://wellscathedral.bookteq.com/api/open-active/facility-uses,COMPLETE,0.79,app.bookteq.com,Wells Cathedral School,FacilityUse,
feed,https://wellscathedral.bookteq.com/api/open-active/facility-uses?afterTimestamp=1769005805816278&afterId=475f6314-ca9b-4e1c-87e9-f0e088bbc34f,COMPLETE,0.56,app.bookteq.com,Wells Cathedral School,FacilityUse,
feed,https://wellscathedral.bookteq.com/api/open-active/slots,COMPLETE,1.0,app.bookteq.com,Wells Cathedral School,Slot,
feed,https://wellscathedral.bookteq.com/api/open-active/slots?afterTimestamp=1783724043642387&afterId=e166db28-38ea-55a7-8fbd-e23d726858ec,COMPLETE,0.93,app.bookteq.com,Wells Cathedral School,Slot,
site,https://westheathprimaryschool.bookteq.com/api/open-active,COMPLETE,,app.bookteq.com,West Heath Primary School,,2
feed,https://westheathprimaryschool.bookteq.com/api/open-active/facility-uses,COMPLETE,0.8,app.bookteq.com,West Heath Primary School,FacilityUse,
feed,https://westheathprimaryschool.bookteq.com/api/open-active/facility-uses?afterTimestamp=1747920283442775&afterId=5f0687df-7950-4246-bcd6-be6f2971071e,COMPLETE,0.52,app.bookteq.com,West Heath Primary School,FacilityUse,
feed,https://westheathprimaryschool.bookteq.com/api/open-active/slots,COMPLETE,0.94,app.bookteq.com,West Heath Primary School,Slot,
feed,https://westheathprimaryschool.bookteq.com/api/open-active/slots?afterTimestamp=1783724058507010&afterId=ddc28ae5-5100-5249-bbee-ae37322d3351,COMPLETE,0.97,app.bookteq.com,West Heath Primary School,Slot,
site,https://woolmerhillsportspark.bookteq.com/api/open-active,COMPLETE,,app.bookteq.com,Woolmer Hill Sports Association,,2
feed,https://woolmerhillsportspark.bookteq.com/api/open-active/facility-uses,COMPLETE,0.8,app.bookteq.com,Woolmer Hill Sports Association,FacilityUse,
feed,https://woolmerhillsportspark.bookteq.com/api/open-active/facility-uses?afterTimestamp=1775122007693847&afterId=7b0ca0e2-950e-469e-afe6-e26b84b19b8c,COMPLETE,0.52,app.bookteq.com,Woolmer Hill Sports Association,FacilityUse,
feed,https://woolmerhillsportspark.bookteq.com/api/open-active/slots,COMPLETE,1.15,app.bookteq.com,Woolmer Hill Sports Association,Slot,
feed,https://woolmerhillsportspark.bookteq.com/api/open-active/slots?afterTimestamp=1783551218355568&afterId=bc7d16a9-2f96-5771-9262-ca53d1dea29d,COMPLETE,1.02,app.bookteq.com,Woolmer Hill Sports Association,Slot,
site,https://wycliffecollege.bookteq.com/api/open-active,COMPLETE,,app.bookteq.com,Wycliffe College,,2
feed,https://wycliffecollege.bookteq.com/api/open-active/facility-uses,COMPLETE,0.87,app.bookteq.com,Wycliffe College,FacilityUse,
feed,https://wycliffecollege.bookteq.com/api/open-active/facility-uses?afterTimestamp=1777980700500270&afterId=554b2b25-1bc1-4942-8bdf-c7fd689f9575,COMPLETE,0.52,app.bookteq.com,Wycliffe College,FacilityUse,
feed,https://wycliffecollege.bookteq.com/api/open-active/slots,COMPLETE,0.91,app.bookteq.com,Wycliffe College,Slot,
feed,https://wycliffecollege.bookteq.com/api/open-active/slots?afterTimestamp=1783724010287868&afterId=4214297a-866b-5a1b-98b9-b55401e872a4,COMPLETE,1.02,app.bookteq.com,Wycliffe College,Slot,
site,https://wymondhamtownunitedfc.bookteq.com/api/open-active,COMPLETE,,app.bookteq.com,Wymondham Town United FC,,2
feed,https://wymondhamtownunitedfc.bookteq.com/api/open-active/facility-uses,COMPLETE,0.79,app.bookteq.com,Wymondham Town United FC,FacilityUse,
feed,https://wymondhamtownunitedfc.bookteq.com/api/open-active/facility-uses?afterTimestamp=1783242845403797&afterId=02fe5474-f1f4-4acc-9554-83595308c7f5,COMPLETE,0.52,app.bookteq.com,Wymondham Town United FC,FacilityUse,
feed,https://wymondhamtownunitedfc.bookteq.com/api/open-active/slots,COMPLETE,0.94,app.bookteq.com,Wymondham Town United FC,Slot,
feed,https://wymondhamtownunitedfc.bookteq.com/api/open-active/slots?afterTimestamp=1783810464668160&afterId=e986f370-f3b7-59a5-88c1-fb8d2ee5512f,COMPLETE,0.99,app.bookteq.com,Wymondham Town United FC,Slot,
site,https://ymcahumber.bookteq.com/api/open-active,ERROR_HTTP_404,,app.bookteq.com,,,0
