platform,publisher,kind,field,presence_rate,n_items
opendata.leisurecloud.live,Active Hartlepool,SessionSeries,activity,0.0,500
opendata.leisurecloud.live,Active Hartlepool,SessionSeries,category,1.0,500
opendata.leisurecloud.live,Active Hartlepool,SessionSeries,organizer,0.662,500
opendata.leisurecloud.live,Active Hartlepool,SessionSeries,offers,1.0,500
opendata.leisurecloud.live,Active Hartlepool,SessionSeries,location,1.0,500
opendata.leisurecloud.live,Active Hartlepool,SessionSeries,name,1.0,500
opendata.leisurecloud.live,Active Hartlepool,SessionSeries,description,0.0,500
opendata.leisurecloud.live,Active Hartlepool,SessionSeries,eventSchedule,1.0,500
opendata.leisurecloud.live,Active Hartlepool,SessionSeries,ageRange,0.0,500
opendata.leisurecloud.live,Active Hartlepool,SessionSeries,genderRestriction,0.662,500
opendata.leisurecloud.live,Active Hartlepool,SessionSeries,level,0.0,500
opendata.leisurecloud.live,Active Hartlepool,SessionSeries,url,1.0,500
opendata.leisurecloud.live,Active Hartlepool,SessionSeries,attendeeInstructions,0.886,500
opendata.leisurecloud.live,Active Hartlepool,SessionSeries,superEvent,0.338,500
opendata.leisurecloud.live,Active Hartlepool,SessionSeries,activity,0.0,499
opendata.leisurecloud.live,Active Hartlepool,SessionSeries,category,1.0,499
opendata.leisurecloud.live,Active Hartlepool,SessionSeries,organizer,1.0,499
opendata.leisurecloud.live,Active Hartlepool,SessionSeries,offers,0.9876,499
opendata.leisurecloud.live,Active Hartlepool,SessionSeries,location,1.0,499
opendata.leisurecloud.live,Active Hartlepool,SessionSeries,name,1.0,499
opendata.leisurecloud.live,Active Hartlepool,SessionSeries,description,0.0,499
opendata.leisurecloud.live,Active Hartlepool,SessionSeries,eventSchedule,1.0,499
opendata.leisurecloud.live,Active Hartlepool,SessionSeries,ageRange,0.0,499
opendata.leisurecloud.live,Active Hartlepool,SessionSeries,genderRestriction,0.9876,499
opendata.leisurecloud.live,Active Hartlepool,SessionSeries,level,0.0,499
opendata.leisurecloud.live,Active Hartlepool,SessionSeries,url,1.0,499
opendata.leisurecloud.live,Active Hartlepool,SessionSeries,attendeeInstructions,0.6736,499
opendata.leisurecloud.live,Active Hartlepool,SessionSeries,superEvent,0.0,499
opendata.leisurecloud.live,Active Hartlepool,ScheduledSession,activity,0.0,500
opendata.leisurecloud.live,Active Hartlepool,ScheduledSession,category,0.0,500
opendata.leisurecloud.live,Active Hartlepool,ScheduledSession,organizer,0.0,500
opendata.leisurecloud.live,Active Hartlepool,ScheduledSession,offers,0.0,500
opendata.leisurecloud.live,Active Hartlepool,ScheduledSession,location,0.0,500
opendata.leisurecloud.live,Active Hartlepool,ScheduledSession,name,0.0,500
opendata.leisurecloud.live,Active Hartlepool,ScheduledSession,description,0.0,500
opendata.leisurecloud.live,Active Hartlepool,ScheduledSession,eventSchedule,0.0,500
opendata.leisurecloud.live,Active Hartlepool,ScheduledSession,ageRange,0.0,500
opendata.leisurecloud.live,Active Hartlepool,ScheduledSession,genderRestriction,0.0,500
opendata.leisurecloud.live,Active Hartlepool,ScheduledSession,level,0.0,500
opendata.leisurecloud.live,Active Hartlepool,ScheduledSession,url,0.0,500
opendata.leisurecloud.live,Active Hartlepool,ScheduledSession,attendeeInstructions,0.0,500
opendata.leisurecloud.live,Active Hartlepool,ScheduledSession,superEvent,1.0,500
opendata.leisurecloud.live,Active Hartlepool,ScheduledSession,activity,0.0,499
opendata.leisurecloud.live,Active Hartlepool,ScheduledSession,category,0.0,499
opendata.leisurecloud.live,Active Hartlepool,ScheduledSession,organizer,0.0,499
opendata.leisurecloud.live,Active Hartlepool,ScheduledSession,offers,0.0,499
opendata.leisurecloud.live,Active Hartlepool,ScheduledSession,location,0.0,499
opendata.leisurecloud.live,Active Hartlepool,ScheduledSession,name,0.0,499
opendata.leisurecloud.live,Active Hartlepool,ScheduledSession,description,0.0,499
opendata.leisurecloud.live,Active Hartlepool,ScheduledSession,eventSchedule,0.0,499
opendata.leisurecloud.live,Active Hartlepool,ScheduledSession,ageRange,0.0,499
opendata.leisurecloud.live,Active Hartlepool,ScheduledSession,genderRestriction,0.0,499
opendata.leisurecloud.live,Active Hartlepool,ScheduledSession,level,0.0,499
opendata.leisurecloud.live,Active Hartlepool,ScheduledSession,url,0.0,499
opendata.leisurecloud.live,Active Hartlepool,ScheduledSession,attendeeInstructions,0.0,499
opendata.leisurecloud.live,Active Hartlepool,ScheduledSession,superEvent,1.0,499
opendata.leisurecloud.live,Active Hartlepool,FacilityUse,activity,0.0,31
opendata.leisurecloud.live,Active Hartlepool,FacilityUse,category,1.0,31
opendata.leisurecloud.live,Active Hartlepool,FacilityUse,organizer,0.0,31
opendata.leisurecloud.live,Active Hartlepool,FacilityUse,offers,1.0,31
opendata.leisurecloud.live,Active Hartlepool,FacilityUse,location,1.0,31
opendata.leisurecloud.live,Active Hartlepool,FacilityUse,name,1.0,31
opendata.leisurecloud.live,Active Hartlepool,FacilityUse,description,0.0,31
opendata.leisurecloud.live,Active Hartlepool,FacilityUse,eventSchedule,0.0,31
opendata.leisurecloud.live,Active Hartlepool,FacilityUse,ageRange,0.0,31
opendata.leisurecloud.live,Active Hartlepool,FacilityUse,genderRestriction,0.0,31
opendata.leisurecloud.live,Active Hartlepool,FacilityUse,level,0.0,31
opendata.leisurecloud.live,Active Hartlepool,FacilityUse,url,1.0,31
opendata.leisurecloud.live,Active Hartlepool,FacilityUse,attendeeInstructions,0.5161,31
opendata.leisurecloud.live,Active Hartlepool,FacilityUse,superEvent,0.0,31
opendata.leisurecloud.live,Active Leeds,SessionSeries,activity,0.0,500
opendata.leisurecloud.live,Active Leeds,SessionSeries,category,1.0,500
opendata.leisurecloud.live,Active Leeds,SessionSeries,organizer,1.0,500
opendata.leisurecloud.live,Active Leeds,SessionSeries,offers,0.998,500
opendata.leisurecloud.live,Active Leeds,SessionSeries,location,1.0,500
opendata.leisurecloud.live,Active Leeds,SessionSeries,name,1.0,500
opendata.leisurecloud.live,Active Leeds,SessionSeries,description,0.0,500
opendata.leisurecloud.live,Active Leeds,SessionSeries,eventSchedule,1.0,500
opendata.leisurecloud.live,Active Leeds,SessionSeries,ageRange,0.0,500
opendata.leisurecloud.live,Active Leeds,SessionSeries,genderRestriction,1.0,500
opendata.leisurecloud.live,Active Leeds,SessionSeries,level,0.0,500
opendata.leisurecloud.live,Active Leeds,SessionSeries,url,1.0,500
opendata.leisurecloud.live,Active Leeds,SessionSeries,attendeeInstructions,0.836,500
opendata.leisurecloud.live,Active Leeds,SessionSeries,superEvent,0.0,500
opendata.leisurecloud.live,Active Leeds,SessionSeries,activity,0.0,499
opendata.leisurecloud.live,Active Leeds,SessionSeries,category,1.0,499
opendata.leisurecloud.live,Active Leeds,SessionSeries,organizer,1.0,499
opendata.leisurecloud.live,Active Leeds,SessionSeries,offers,0.998,499
opendata.leisurecloud.live,Active Leeds,SessionSeries,location,1.0,499
opendata.leisurecloud.live,Active Leeds,SessionSeries,name,1.0,499
opendata.leisurecloud.live,Active Leeds,SessionSeries,description,0.0,499
opendata.leisurecloud.live,Active Leeds,SessionSeries,eventSchedule,1.0,499
opendata.leisurecloud.live,Active Leeds,SessionSeries,ageRange,0.0,499
opendata.leisurecloud.live,Active Leeds,SessionSeries,genderRestriction,0.998,499
opendata.leisurecloud.live,Active Leeds,SessionSeries,level,0.0,499
opendata.leisurecloud.live,Active Leeds,SessionSeries,url,1.0,499
opendata.leisurecloud.live,Active Leeds,SessionSeries,attendeeInstructions,0.8589,499
opendata.leisurecloud.live,Active Leeds,SessionSeries,superEvent,0.0,499
opendata.leisurecloud.live,Active Leeds,ScheduledSession,activity,0.0,500
opendata.leisurecloud.live,Active Leeds,ScheduledSession,category,0.0,500
opendata.leisurecloud.live,Active Leeds,ScheduledSession,organizer,0.0,500
opendata.leisurecloud.live,Active Leeds,ScheduledSession,offers,0.0,500
opendata.leisurecloud.live,Active Leeds,ScheduledSession,location,0.0,500
opendata.leisurecloud.live,Active Leeds,ScheduledSession,name,0.0,500
opendata.leisurecloud.live,Active Leeds,ScheduledSession,description,0.0,500
opendata.leisurecloud.live,Active Leeds,ScheduledSession,eventSchedule,0.0,500
opendata.leisurecloud.live,Active Leeds,ScheduledSession,ageRange,0.0,500
opendata.leisurecloud.live,Active Leeds,ScheduledSession,genderRestriction,0.0,500
opendata.leisurecloud.live,Active Leeds,ScheduledSession,level,0.0,500
opendata.leisurecloud.live,Active Leeds,ScheduledSession,url,0.0,500
opendata.leisurecloud.live,Active Leeds,ScheduledSession,attendeeInstructions,0.0,500
opendata.leisurecloud.live,Active Leeds,ScheduledSession,superEvent,1.0,500
opendata.leisurecloud.live,Active Leeds,ScheduledSession,activity,0.0,499
opendata.leisurecloud.live,Active Leeds,ScheduledSession,category,0.0,499
opendata.leisurecloud.live,Active Leeds,ScheduledSession,organizer,0.0,499
opendata.leisurecloud.live,Active Leeds,ScheduledSession,offers,0.0,499
opendata.leisurecloud.live,Active Leeds,ScheduledSession,location,0.0,499
opendata.leisurecloud.live,Active Leeds,ScheduledSession,name,0.0,499
opendata.leisurecloud.live,Active Leeds,ScheduledSession,description,0.0,499
opendata.leisurecloud.live,Active Leeds,ScheduledSession,eventSchedule,0.0,499
opendata.leisurecloud.live,Active Leeds,ScheduledSession,ageRange,0.0,499
opendata.leisurecloud.live,Active Leeds,ScheduledSession,genderRestriction,0.0,499
opendata.leisurecloud.live,Active Leeds,ScheduledSession,level,0.0,499
opendata.leisurecloud.live,Active Leeds,ScheduledSession,url,0.0,499
opendata.leisurecloud.live,Active Leeds,ScheduledSession,attendeeInstructions,0.0,499
opendata.leisurecloud.live,Active Leeds,ScheduledSession,superEvent,1.0,499
opendata.leisurecloud.live,Active Leeds,FacilityUse,activity,0.0,80
opendata.leisurecloud.live,Active Leeds,FacilityUse,category,1.0,80
opendata.leisurecloud.live,Active Leeds,FacilityUse,organizer,0.0,80
opendata.leisurecloud.live,Active Leeds,FacilityUse,offers,1.0,80
opendata.leisurecloud.live,Active Leeds,FacilityUse,location,1.0,80
opendata.leisurecloud.live,Active Leeds,FacilityUse,name,1.0,80
opendata.leisurecloud.live,Active Leeds,FacilityUse,description,0.0,80
opendata.leisurecloud.live,Active Leeds,FacilityUse,eventSchedule,0.0,80
opendata.leisurecloud.live,Active Leeds,FacilityUse,ageRange,0.0,80
opendata.leisurecloud.live,Active Leeds,FacilityUse,genderRestriction,0.0,80
opendata.leisurecloud.live,Active Leeds,FacilityUse,level,0.0,80
opendata.leisurecloud.live,Active Leeds,FacilityUse,url,1.0,80
opendata.leisurecloud.live,Active Leeds,FacilityUse,attendeeInstructions,0.4625,80
opendata.leisurecloud.live,Active Leeds,FacilityUse,superEvent,0.0,80
opendata.leisurecloud.live,Active Leeds,Slot,activity,0.0,500
opendata.leisurecloud.live,Active Leeds,Slot,category,0.0,500
opendata.leisurecloud.live,Active Leeds,Slot,organizer,0.0,500
opendata.leisurecloud.live,Active Leeds,Slot,offers,1.0,500
opendata.leisurecloud.live,Active Leeds,Slot,location,0.0,500
opendata.leisurecloud.live,Active Leeds,Slot,name,0.0,500
opendata.leisurecloud.live,Active Leeds,Slot,description,0.0,500
opendata.leisurecloud.live,Active Leeds,Slot,eventSchedule,0.0,500
opendata.leisurecloud.live,Active Leeds,Slot,ageRange,0.0,500
opendata.leisurecloud.live,Active Leeds,Slot,genderRestriction,0.0,500
opendata.leisurecloud.live,Active Leeds,Slot,level,0.0,500
opendata.leisurecloud.live,Active Leeds,Slot,url,0.0,500
opendata.leisurecloud.live,Active Leeds,Slot,attendeeInstructions,0.0,500
opendata.leisurecloud.live,Active Leeds,Slot,superEvent,0.0,500
opendata.leisurecloud.live,Active Leeds,Slot,activity,0.0,499
opendata.leisurecloud.live,Active Leeds,Slot,category,0.0,499
opendata.leisurecloud.live,Active Leeds,Slot,organizer,0.0,499
opendata.leisurecloud.live,Active Leeds,Slot,offers,1.0,499
opendata.leisurecloud.live,Active Leeds,Slot,location,0.0,499
opendata.leisurecloud.live,Active Leeds,Slot,name,0.0,499
opendata.leisurecloud.live,Active Leeds,Slot,description,0.0,499
opendata.leisurecloud.live,Active Leeds,Slot,eventSchedule,0.0,499
opendata.leisurecloud.live,Active Leeds,Slot,ageRange,0.0,499
opendata.leisurecloud.live,Active Leeds,Slot,genderRestriction,0.0,499
opendata.leisurecloud.live,Active Leeds,Slot,level,0.0,499
opendata.leisurecloud.live,Active Leeds,Slot,url,0.0,499
opendata.leisurecloud.live,Active Leeds,Slot,attendeeInstructions,0.0,499
opendata.leisurecloud.live,Active Leeds,Slot,superEvent,0.0,499
opendata.leisurecloud.live,Birmingham City Council,SessionSeries,activity,0.0,126
opendata.leisurecloud.live,Birmingham City Council,SessionSeries,category,1.0,126
opendata.leisurecloud.live,Birmingham City Council,SessionSeries,organizer,0.6271,126
opendata.leisurecloud.live,Birmingham City Council,SessionSeries,offers,1.0,126
opendata.leisurecloud.live,Birmingham City Council,SessionSeries,location,1.0,126
opendata.leisurecloud.live,Birmingham City Council,SessionSeries,name,1.0,126
opendata.leisurecloud.live,Birmingham City Council,SessionSeries,description,0.0,126
opendata.leisurecloud.live,Birmingham City Council,SessionSeries,eventSchedule,1.0,126
opendata.leisurecloud.live,Birmingham City Council,SessionSeries,ageRange,0.0,126
opendata.leisurecloud.live,Birmingham City Council,SessionSeries,genderRestriction,0.6271,126
opendata.leisurecloud.live,Birmingham City Council,SessionSeries,level,0.0,126
opendata.leisurecloud.live,Birmingham City Council,SessionSeries,url,1.0,126
opendata.leisurecloud.live,Birmingham City Council,SessionSeries,attendeeInstructions,1.0,126
opendata.leisurecloud.live,Birmingham City Council,SessionSeries,superEvent,0.3729,126
opendata.leisurecloud.live,Birmingham City Council,ScheduledSession,activity,0.0,303
opendata.leisurecloud.live,Birmingham City Council,ScheduledSession,category,0.0,303
opendata.leisurecloud.live,Birmingham City Council,ScheduledSession,organizer,0.0,303
opendata.leisurecloud.live,Birmingham City Council,ScheduledSession,offers,0.0,303
opendata.leisurecloud.live,Birmingham City Council,ScheduledSession,location,0.0,303
opendata.leisurecloud.live,Birmingham City Council,ScheduledSession,name,0.0,303
opendata.leisurecloud.live,Birmingham City Council,ScheduledSession,description,0.0,303
opendata.leisurecloud.live,Birmingham City Council,ScheduledSession,eventSchedule,0.0,303
opendata.leisurecloud.live,Birmingham City Council,ScheduledSession,ageRange,0.0,303
opendata.leisurecloud.live,Birmingham City Council,ScheduledSession,genderRestriction,0.0,303
opendata.leisurecloud.live,Birmingham City Council,ScheduledSession,level,0.0,303
opendata.leisurecloud.live,Birmingham City Council,ScheduledSession,url,0.0,303
opendata.leisurecloud.live,Birmingham City Council,ScheduledSession,attendeeInstructions,0.0,303
opendata.leisurecloud.live,Birmingham City Council,ScheduledSession,superEvent,1.0,303
opendata.leisurecloud.live,Birmingham City Council,ScheduledSession,activity,0.0,243
opendata.leisurecloud.live,Birmingham City Council,ScheduledSession,category,0.0,243
opendata.leisurecloud.live,Birmingham City Council,ScheduledSession,organizer,0.0,243
opendata.leisurecloud.live,Birmingham City Council,ScheduledSession,offers,0.0,243
opendata.leisurecloud.live,Birmingham City Council,ScheduledSession,location,0.0,243
opendata.leisurecloud.live,Birmingham City Council,ScheduledSession,name,0.0,243
opendata.leisurecloud.live,Birmingham City Council,ScheduledSession,description,0.0,243
opendata.leisurecloud.live,Birmingham City Council,ScheduledSession,eventSchedule,0.0,243
opendata.leisurecloud.live,Birmingham City Council,ScheduledSession,ageRange,0.0,243
opendata.leisurecloud.live,Birmingham City Council,ScheduledSession,genderRestriction,0.0,243
opendata.leisurecloud.live,Birmingham City Council,ScheduledSession,level,0.0,243
opendata.leisurecloud.live,Birmingham City Council,ScheduledSession,url,0.0,243
opendata.leisurecloud.live,Birmingham City Council,ScheduledSession,attendeeInstructions,0.0,243
opendata.leisurecloud.live,Birmingham City Council,ScheduledSession,superEvent,1.0,243
opendata.leisurecloud.live,Birmingham City Council,FacilityUse,activity,0.7,10
opendata.leisurecloud.live,Birmingham City Council,FacilityUse,category,1.0,10
opendata.leisurecloud.live,Birmingham City Council,FacilityUse,organizer,0.0,10
opendata.leisurecloud.live,Birmingham City Council,FacilityUse,offers,1.0,10
opendata.leisurecloud.live,Birmingham City Council,FacilityUse,location,1.0,10
opendata.leisurecloud.live,Birmingham City Council,FacilityUse,name,1.0,10
opendata.leisurecloud.live,Birmingham City Council,FacilityUse,description,0.0,10
opendata.leisurecloud.live,Birmingham City Council,FacilityUse,eventSchedule,0.0,10
opendata.leisurecloud.live,Birmingham City Council,FacilityUse,ageRange,0.0,10
opendata.leisurecloud.live,Birmingham City Council,FacilityUse,genderRestriction,0.0,10
opendata.leisurecloud.live,Birmingham City Council,FacilityUse,level,0.0,10
opendata.leisurecloud.live,Birmingham City Council,FacilityUse,url,1.0,10
opendata.leisurecloud.live,Birmingham City Council,FacilityUse,attendeeInstructions,0.9,10
opendata.leisurecloud.live,Birmingham City Council,FacilityUse,superEvent,0.0,10
opendata.leisurecloud.live,Birmingham City Council,Slot,activity,0.0,500
opendata.leisurecloud.live,Birmingham City Council,Slot,category,0.0,500
opendata.leisurecloud.live,Birmingham City Council,Slot,organizer,0.0,500
opendata.leisurecloud.live,Birmingham City Council,Slot,offers,1.0,500
opendata.leisurecloud.live,Birmingham City Council,Slot,location,0.0,500
opendata.leisurecloud.live,Birmingham City Council,Slot,name,0.0,500
opendata.leisurecloud.live,Birmingham City Council,Slot,description,0.0,500
opendata.leisurecloud.live,Birmingham City Council,Slot,eventSchedule,0.0,500
opendata.leisurecloud.live,Birmingham City Council,Slot,ageRange,0.0,500
opendata.leisurecloud.live,Birmingham City Council,Slot,genderRestriction,0.0,500
opendata.leisurecloud.live,Birmingham City Council,Slot,level,0.0,500
opendata.leisurecloud.live,Birmingham City Council,Slot,url,0.0,500
opendata.leisurecloud.live,Birmingham City Council,Slot,attendeeInstructions,0.0,500
opendata.leisurecloud.live,Birmingham City Council,Slot,superEvent,0.0,500
opendata.leisurecloud.live,Birmingham City Council,Slot,activity,0.0,499
opendata.leisurecloud.live,Birmingham City Council,Slot,category,0.0,499
opendata.leisurecloud.live,Birmingham City Council,Slot,organizer,0.0,499
opendata.leisurecloud.live,Birmingham City Council,Slot,offers,1.0,499
opendata.leisurecloud.live,Birmingham City Council,Slot,location,0.0,499
opendata.leisurecloud.live,Birmingham City Council,Slot,name,0.0,499
opendata.leisurecloud.live,Birmingham City Council,Slot,description,0.0,499
opendata.leisurecloud.live,Birmingham City Council,Slot,eventSchedule,0.0,499
opendata.leisurecloud.live,Birmingham City Council,Slot,ageRange,0.0,499
opendata.leisurecloud.live,Birmingham City Council,Slot,genderRestriction,0.0,499
opendata.leisurecloud.live,Birmingham City Council,Slot,level,0.0,499
opendata.leisurecloud.live,Birmingham City Council,Slot,url,0.0,499
opendata.leisurecloud.live,Birmingham City Council,Slot,attendeeInstructions,0.0,499
opendata.leisurecloud.live,Birmingham City Council,Slot,superEvent,0.0,499
opendata.leisurecloud.live,Wigan Leisure and Culture Trust,CourseInstance,activity,0.0,1
opendata.leisurecloud.live,Wigan Leisure and Culture Trust,CourseInstance,category,1.0,1
opendata.leisurecloud.live,Wigan Leisure and Culture Trust,CourseInstance,organizer,1.0,1
opendata.leisurecloud.live,Wigan Leisure and Culture Trust,CourseInstance,offers,1.0,1
opendata.leisurecloud.live,Wigan Leisure and Culture Trust,CourseInstance,location,1.0,1
opendata.leisurecloud.live,Wigan Leisure and Culture Trust,CourseInstance,name,1.0,1
opendata.leisurecloud.live,Wigan Leisure and Culture Trust,CourseInstance,description,0.0,1
opendata.leisurecloud.live,Wigan Leisure and Culture Trust,CourseInstance,eventSchedule,0.0,1
opendata.leisurecloud.live,Wigan Leisure and Culture Trust,CourseInstance,ageRange,0.0,1
opendata.leisurecloud.live,Wigan Leisure and Culture Trust,CourseInstance,genderRestriction,0.0,1
opendata.leisurecloud.live,Wigan Leisure and Culture Trust,CourseInstance,level,0.0,1
opendata.leisurecloud.live,Wigan Leisure and Culture Trust,CourseInstance,url,0.0,1
opendata.leisurecloud.live,Wigan Leisure and Culture Trust,CourseInstance,attendeeInstructions,1.0,1
opendata.leisurecloud.live,Wigan Leisure and Culture Trust,CourseInstance,superEvent,0.0,1
opendata.leisurecloud.live,Wigan Leisure and Culture Trust,SessionSeries,activity,0.0,500
opendata.leisurecloud.live,Wigan Leisure and Culture Trust,SessionSeries,category,1.0,500
opendata.leisurecloud.live,Wigan Leisure and Culture Trust,SessionSeries,organizer,1.0,500
opendata.leisurecloud.live,Wigan Leisure and Culture Trust,SessionSeries,offers,0.998,500
opendata.leisurecloud.live,Wigan Leisure and Culture Trust,SessionSeries,location,1.0,500
opendata.leisurecloud.live,Wigan Leisure and Culture Trust,SessionSeries,name,1.0,500
opendata.leisurecloud.live,Wigan Leisure and Culture Trust,SessionSeries,description,0.0,500
opendata.leisurecloud.live,Wigan Leisure and Culture Trust,SessionSeries,eventSchedule,1.0,500
opendata.leisurecloud.live,Wigan Leisure and Culture Trust,SessionSeries,ageRange,0.0,500
opendata.leisurecloud.live,Wigan Leisure and Culture Trust,SessionSeries,genderRestriction,0.998,500
opendata.leisurecloud.live,Wigan Leisure and Culture Trust,SessionSeries,level,0.0,500
opendata.leisurecloud.live,Wigan Leisure and Culture Trust,SessionSeries,url,0.0,500
opendata.leisurecloud.live,Wigan Leisure and Culture Trust,SessionSeries,attendeeInstructions,0.966,500
opendata.leisurecloud.live,Wigan Leisure and Culture Trust,SessionSeries,superEvent,0.0,500
opendata.leisurecloud.live,Wigan Leisure and Culture Trust,SessionSeries,activity,0.0,499
opendata.leisurecloud.live,Wigan Leisure and Culture Trust,SessionSeries,category,1.0,499
opendata.leisurecloud.live,Wigan Leisure and Culture Trust,SessionSeries,organizer,1.0,499
opendata.leisurecloud.live,Wigan Leisure and Culture Trust,SessionSeries,offers,1.0,499
opendata.leisurecloud.live,Wigan Leisure and Culture Trust,SessionSeries,location,1.0,499
opendata.leisurecloud.live,Wigan Leisure and Culture Trust,SessionSeries,name,1.0,499
opendata.leisurecloud.live,Wigan Leisure and Culture Trust,SessionSeries,description,0.0,499
opendata.leisurecloud.live,Wigan Leisure and Culture Trust,SessionSeries,eventSchedule,1.0,499
opendata.leisurecloud.live,Wigan Leisure and Culture Trust,SessionSeries,ageRange,0.0,499
opendata.leisurecloud.live,Wigan Leisure and Culture Trust,SessionSeries,genderRestriction,1.0,499
opendata.leisurecloud.live,Wigan Leisure and Culture Trust,SessionSeries,level,0.0,499
opendata.leisurecloud.live,Wigan Leisure and Culture Trust,SessionSeries,url,0.0,499
opendata.leisurecloud.live,Wigan Leisure and Culture Trust,SessionSeries,attendeeInstructions,0.998,499
opendata.leisurecloud.live,Wigan Leisure and Culture Trust,SessionSeries,superEvent,0.0,499
opendata.leisurecloud.live,Wigan Leisure and Culture Trust,FacilityUse,activity,0.0,58
opendata.leisurecloud.live,Wigan Leisure and Culture Trust,FacilityUse,category,1.0,58
opendata.leisurecloud.live,Wigan Leisure and Culture Trust,FacilityUse,organizer,0.0,58
opendata.leisurecloud.live,Wigan Leisure and Culture Trust,FacilityUse,offers,1.0,58
opendata.leisurecloud.live,Wigan Leisure and Culture Trust,FacilityUse,location,1.0,58
opendata.leisurecloud.live,Wigan Leisure and Culture Trust,FacilityUse,name,1.0,58
opendata.leisurecloud.live,Wigan Leisure and Culture Trust,FacilityUse,description,0.0,58
opendata.leisurecloud.live,Wigan Leisure and Culture Trust,FacilityUse,eventSchedule,0.0,58
opendata.leisurecloud.live,Wigan Leisure and Culture Trust,FacilityUse,ageRange,0.0,58
opendata.leisurecloud.live,Wigan Leisure and Culture Trust,FacilityUse,genderRestriction,0.0,58
opendata.leisurecloud.live,Wigan Leisure and Culture Trust,FacilityUse,level,0.0,58
opendata.leisurecloud.live,Wigan Leisure and Culture Trust,FacilityUse,url,0.0,58
opendata.leisurecloud.live,Wigan Leisure and Culture Trust,FacilityUse,attendeeInstructions,0.1379,58
opendata.leisurecloud.live,Wigan Leisure and Culture Trust,FacilityUse,superEvent,0.0,58
opendata.leisurecloud.live,Wigan Leisure and Culture Trust,Slot,activity,0.0,500
opendata.leisurecloud.live,Wigan Leisure and Culture Trust,Slot,category,0.0,500
opendata.leisurecloud.live,Wigan Leisure and Culture Trust,Slot,organizer,0.0,500
opendata.leisurecloud.live,Wigan Leisure and Culture Trust,Slot,offers,1.0,500
opendata.leisurecloud.live,Wigan Leisure and Culture Trust,Slot,location,0.0,500
opendata.leisurecloud.live,Wigan Leisure and Culture Trust,Slot,name,0.0,500
opendata.leisurecloud.live,Wigan Leisure and Culture Trust,Slot,description,0.0,500
opendata.leisurecloud.live,Wigan Leisure and Culture Trust,Slot,eventSchedule,0.0,500
opendata.leisurecloud.live,Wigan Leisure and Culture Trust,Slot,ageRange,0.0,500
opendata.leisurecloud.live,Wigan Leisure and Culture Trust,Slot,genderRestriction,0.0,500
opendata.leisurecloud.live,Wigan Leisure and Culture Trust,Slot,level,0.0,500
opendata.leisurecloud.live,Wigan Leisure and Culture Trust,Slot,url,0.0,500
opendata.leisurecloud.live,Wigan Leisure and Culture Trust,Slot,attendeeInstructions,0.0,500
opendata.leisurecloud.live,Wigan Leisure and Culture Trust,Slot,superEvent,0.0,500
opendata.leisurecloud.live,Wigan Leisure and Culture Trust,Slot,activity,0.0,499
opendata.leisurecloud.live,Wigan Leisure and Culture Trust,Slot,category,0.0,499
opendata.leisurecloud.live,Wigan Leisure and Culture Trust,Slot,organizer,0.0,499
opendata.leisurecloud.live,Wigan Leisure and Culture Trust,Slot,offers,1.0,499
opendata.leisurecloud.live,Wigan Leisure and Culture Trust,Slot,location,0.0,499
opendata.leisurecloud.live,Wigan Leisure and Culture Trust,Slot,name,0.0,499
opendata.leisurecloud.live,Wigan Leisure and Culture Trust,Slot,description,0.0,499
opendata.leisurecloud.live,Wigan Leisure and Culture Trust,Slot,eventSchedule,0.0,499
opendata.leisurecloud.live,Wigan Leisure and Culture Trust,Slot,ageRange,0.0,499
opendata.leisurecloud.live,Wigan Leisure and Culture Trust,Slot,genderRestriction,0.0,499
opendata.leisurecloud.live,Wigan Leisure and Culture Trust,Slot,level,0.0,499
opendata.leisurecloud.live,Wigan Leisure and Culture Trust,Slot,url,0.0,499
opendata.leisurecloud.live,Wigan Leisure and Culture Trust,Slot,attendeeInstructions,0.0,499
opendata.leisurecloud.live,Wigan Leisure and Culture Trust,Slot,superEvent,0.0,499
opendata.leisurecloud.live,Brimhams Active,SessionSeries,activity,0.0,500
opendata.leisurecloud.live,Brimhams Active,SessionSeries,category,1.0,500
opendata.leisurecloud.live,Brimhams Active,SessionSeries,organizer,1.0,500
opendata.leisurecloud.live,Brimhams Active,SessionSeries,offers,0.992,500
opendata.leisurecloud.live,Brimhams Active,SessionSeries,location,1.0,500
opendata.leisurecloud.live,Brimhams Active,SessionSeries,name,1.0,500
opendata.leisurecloud.live,Brimhams Active,SessionSeries,description,0.0,500
opendata.leisurecloud.live,Brimhams Active,SessionSeries,eventSchedule,1.0,500
opendata.leisurecloud.live,Brimhams Active,SessionSeries,ageRange,0.0,500
opendata.leisurecloud.live,Brimhams Active,SessionSeries,genderRestriction,0.992,500
opendata.leisurecloud.live,Brimhams Active,SessionSeries,level,0.0,500
opendata.leisurecloud.live,Brimhams Active,SessionSeries,url,1.0,500
opendata.leisurecloud.live,Brimhams Active,SessionSeries,attendeeInstructions,0.764,500
opendata.leisurecloud.live,Brimhams Active,SessionSeries,superEvent,0.0,500
opendata.leisurecloud.live,Brimhams Active,SessionSeries,activity,0.0,436
opendata.leisurecloud.live,Brimhams Active,SessionSeries,category,1.0,436
opendata.leisurecloud.live,Brimhams Active,SessionSeries,organizer,1.0,436
opendata.leisurecloud.live,Brimhams Active,SessionSeries,offers,1.0,436
opendata.leisurecloud.live,Brimhams Active,SessionSeries,location,1.0,436
opendata.leisurecloud.live,Brimhams Active,SessionSeries,name,1.0,436
opendata.leisurecloud.live,Brimhams Active,SessionSeries,description,0.0,436
opendata.leisurecloud.live,Brimhams Active,SessionSeries,eventSchedule,1.0,436
opendata.leisurecloud.live,Brimhams Active,SessionSeries,ageRange,0.0,436
opendata.leisurecloud.live,Brimhams Active,SessionSeries,genderRestriction,1.0,436
opendata.leisurecloud.live,Brimhams Active,SessionSeries,level,0.0,436
opendata.leisurecloud.live,Brimhams Active,SessionSeries,url,1.0,436
opendata.leisurecloud.live,Brimhams Active,SessionSeries,attendeeInstructions,0.6577,436
opendata.leisurecloud.live,Brimhams Active,SessionSeries,superEvent,0.0,436
opendata.leisurecloud.live,Brimhams Active,ScheduledSession,activity,0.0,500
opendata.leisurecloud.live,Brimhams Active,ScheduledSession,category,0.0,500
opendata.leisurecloud.live,Brimhams Active,ScheduledSession,organizer,0.0,500
opendata.leisurecloud.live,Brimhams Active,ScheduledSession,offers,0.0,500
opendata.leisurecloud.live,Brimhams Active,ScheduledSession,location,0.0,500
opendata.leisurecloud.live,Brimhams Active,ScheduledSession,name,0.0,500
opendata.leisurecloud.live,Brimhams Active,ScheduledSession,description,0.0,500
opendata.leisurecloud.live,Brimhams Active,ScheduledSession,eventSchedule,0.0,500
opendata.leisurecloud.live,Brimhams Active,ScheduledSession,ageRange,0.0,500
opendata.leisurecloud.live,Brimhams Active,ScheduledSession,genderRestriction,0.0,500
opendata.leisurecloud.live,Brimhams Active,ScheduledSession,level,0.0,500
opendata.leisurecloud.live,Brimhams Active,ScheduledSession,url,0.0,500
opendata.leisurecloud.live,Brimhams Active,ScheduledSession,attendeeInstructions,0.0,500
opendata.leisurecloud.live,Brimhams Active,ScheduledSession,superEvent,1.0,500
opendata.leisurecloud.live,Brimhams Active,ScheduledSession,activity,0.0,499
opendata.leisurecloud.live,Brimhams Active,ScheduledSession,category,0.0,499
opendata.leisurecloud.live,Brimhams Active,ScheduledSession,organizer,0.0,499
opendata.leisurecloud.live,Brimhams Active,ScheduledSession,offers,0.0,499
opendata.leisurecloud.live,Brimhams Active,ScheduledSession,location,0.0,499
opendata.leisurecloud.live,Brimhams Active,ScheduledSession,name,0.0,499
opendata.leisurecloud.live,Brimhams Active,ScheduledSession,description,0.0,499
opendata.leisurecloud.live,Brimhams Active,ScheduledSession,eventSchedule,0.0,499
opendata.leisurecloud.live,Brimhams Active,ScheduledSession,ageRange,0.0,499
opendata.leisurecloud.live,Brimhams Active,ScheduledSession,genderRestriction,0.0,499
opendata.leisurecloud.live,Brimhams Active,ScheduledSession,level,0.0,499
opendata.leisurecloud.live,Brimhams Active,ScheduledSession,url,0.0,499
opendata.leisurecloud.live,Brimhams Active,ScheduledSession,attendeeInstructions,0.0,499
opendata.leisurecloud.live,Brimhams Active,ScheduledSession,superEvent,1.0,499
opendata.leisurecloud.live,Brimhams Active,FacilityUse,activity,0.0,9
opendata.leisurecloud.live,Brimhams Active,FacilityUse,category,1.0,9
opendata.leisurecloud.live,Brimhams Active,FacilityUse,organizer,0.0,9
opendata.leisurecloud.live,Brimhams Active,FacilityUse,offers,1.0,9
opendata.leisurecloud.live,Brimhams Active,FacilityUse,location,1.0,9
opendata.leisurecloud.live,Brimhams Active,FacilityUse,name,1.0,9
opendata.leisurecloud.live,Brimhams Active,FacilityUse,description,0.0,9
opendata.leisurecloud.live,Brimhams Active,FacilityUse,eventSchedule,0.0,9
opendata.leisurecloud.live,Brimhams Active,FacilityUse,ageRange,0.0,9
opendata.leisurecloud.live,Brimhams Active,FacilityUse,genderRestriction,0.0,9
opendata.leisurecloud.live,Brimhams Active,FacilityUse,level,0.0,9
opendata.leisurecloud.live,Brimhams Active,FacilityUse,url,1.0,9
opendata.leisurecloud.live,Brimhams Active,FacilityUse,attendeeInstructions,0.4444,9
opendata.leisurecloud.live,Brimhams Active,FacilityUse,superEvent,0.0,9
opendata.leisurecloud.live,Brimhams Active,Slot,activity,0.0,500
opendata.leisurecloud.live,Brimhams Active,Slot,category,0.0,500
opendata.leisurecloud.live,Brimhams Active,Slot,organizer,0.0,500
opendata.leisurecloud.live,Brimhams Active,Slot,offers,1.0,500
opendata.leisurecloud.live,Brimhams Active,Slot,location,0.0,500
opendata.leisurecloud.live,Brimhams Active,Slot,name,0.0,500
opendata.leisurecloud.live,Brimhams Active,Slot,description,0.0,500
opendata.leisurecloud.live,Brimhams Active,Slot,eventSchedule,0.0,500
opendata.leisurecloud.live,Brimhams Active,Slot,ageRange,0.0,500
opendata.leisurecloud.live,Brimhams Active,Slot,genderRestriction,0.0,500
opendata.leisurecloud.live,Brimhams Active,Slot,level,0.0,500
opendata.leisurecloud.live,Brimhams Active,Slot,url,0.0,500
opendata.leisurecloud.live,Brimhams Active,Slot,attendeeInstructions,0.0,500
opendata.leisurecloud.live,Brimhams Active,Slot,superEvent,0.0,500
opendata.leisurecloud.live,Brimhams Active,Slot,activity,0.0,499
opendata.leisurecloud.live,Brimhams Active,Slot,category,0.0,499
opendata.leisurecloud.live,Brimhams Active,Slot,organizer,0.0,499
opendata.leisurecloud.live,Brimhams Active,Slot,offers,1.0,499
opendata.leisurecloud.live,Brimhams Active,Slot,location,0.0,499
opendata.leisurecloud.live,Brimhams Active,Slot,name,0.0,499
opendata.leisurecloud.live,Brimhams Active,Slot,description,0.0,499
opendata.leisurecloud.live,Brimhams Active,Slot,eventSchedule,0.0,499
opendata.leisurecloud.live,Brimhams Active,Slot,ageRange,0.0,499
opendata.leisurecloud.live,Brimhams Active,Slot,genderRestriction,0.0,499
opendata.leisurecloud.live,Brimhams Active,Slot,level,0.0,499
opendata.leisurecloud.live,Brimhams Active,Slot,url,0.0,499
opendata.leisurecloud.live,Brimhams Active,Slot,attendeeInstructions,0.0,499
opendata.leisurecloud.live,Brimhams Active,Slot,superEvent,0.0,499
opendata.leisurecloud.live,Castlepoint,SessionSeries,activity,0.0,500
opendata.leisurecloud.live,Castlepoint,SessionSeries,category,1.0,500
opendata.leisurecloud.live,Castlepoint,SessionSeries,organizer,0.038,500
opendata.leisurecloud.live,Castlepoint,SessionSeries,offers,0.0,500
opendata.leisurecloud.live,Castlepoint,SessionSeries,location,1.0,500
opendata.leisurecloud.live,Castlepoint,SessionSeries,name,1.0,500
opendata.leisurecloud.live,Castlepoint,SessionSeries,description,0.0,500
opendata.leisurecloud.live,Castlepoint,SessionSeries,eventSchedule,1.0,500
opendata.leisurecloud.live,Castlepoint,SessionSeries,ageRange,0.0,500
opendata.leisurecloud.live,Castlepoint,SessionSeries,genderRestriction,0.036,500
opendata.leisurecloud.live,Castlepoint,SessionSeries,level,0.0,500
opendata.leisurecloud.live,Castlepoint,SessionSeries,url,1.0,500
opendata.leisurecloud.live,Castlepoint,SessionSeries,attendeeInstructions,0.886,500
opendata.leisurecloud.live,Castlepoint,SessionSeries,superEvent,0.962,500
opendata.leisurecloud.live,Castlepoint,SessionSeries,activity,0.0,257
opendata.leisurecloud.live,Castlepoint,SessionSeries,category,1.0,257
opendata.leisurecloud.live,Castlepoint,SessionSeries,organizer,0.2661,257
opendata.leisurecloud.live,Castlepoint,SessionSeries,offers,0.0601,257
opendata.leisurecloud.live,Castlepoint,SessionSeries,location,1.0,257
opendata.leisurecloud.live,Castlepoint,SessionSeries,name,1.0,257
opendata.leisurecloud.live,Castlepoint,SessionSeries,description,0.0,257
opendata.leisurecloud.live,Castlepoint,SessionSeries,eventSchedule,1.0,257
opendata.leisurecloud.live,Castlepoint,SessionSeries,ageRange,0.0,257
opendata.leisurecloud.live,Castlepoint,SessionSeries,genderRestriction,0.2618,257
opendata.leisurecloud.live,Castlepoint,SessionSeries,level,0.0,257
opendata.leisurecloud.live,Castlepoint,SessionSeries,url,1.0,257
opendata.leisurecloud.live,Castlepoint,SessionSeries,attendeeInstructions,0.8884,257
opendata.leisurecloud.live,Castlepoint,SessionSeries,superEvent,0.7339,257
opendata.leisurecloud.live,Castlepoint,ScheduledSession,activity,0.0,500
opendata.leisurecloud.live,Castlepoint,ScheduledSession,category,0.0,500
opendata.leisurecloud.live,Castlepoint,ScheduledSession,organizer,0.0,500
opendata.leisurecloud.live,Castlepoint,ScheduledSession,offers,0.0,500
opendata.leisurecloud.live,Castlepoint,ScheduledSession,location,0.0,500
opendata.leisurecloud.live,Castlepoint,ScheduledSession,name,0.0,500
opendata.leisurecloud.live,Castlepoint,ScheduledSession,description,0.0,500
opendata.leisurecloud.live,Castlepoint,ScheduledSession,eventSchedule,0.0,500
opendata.leisurecloud.live,Castlepoint,ScheduledSession,ageRange,0.0,500
opendata.leisurecloud.live,Castlepoint,ScheduledSession,genderRestriction,0.0,500
opendata.leisurecloud.live,Castlepoint,ScheduledSession,level,0.0,500
opendata.leisurecloud.live,Castlepoint,ScheduledSession,url,0.0,500
opendata.leisurecloud.live,Castlepoint,ScheduledSession,attendeeInstructions,0.0,500
opendata.leisurecloud.live,Castlepoint,ScheduledSession,superEvent,1.0,500
opendata.leisurecloud.live,Castlepoint,ScheduledSession,activity,0.0,499
opendata.leisurecloud.live,Castlepoint,ScheduledSession,category,0.0,499
opendata.leisurecloud.live,Castlepoint,ScheduledSession,organizer,0.0,499
opendata.leisurecloud.live,Castlepoint,ScheduledSession,offers,0.0,499
opendata.leisurecloud.live,Castlepoint,ScheduledSession,location,0.0,499
opendata.leisurecloud.live,Castlepoint,ScheduledSession,name,0.0,499
opendata.leisurecloud.live,Castlepoint,ScheduledSession,description,0.0,499
opendata.leisurecloud.live,Castlepoint,ScheduledSession,eventSchedule,0.0,499
opendata.leisurecloud.live,Castlepoint,ScheduledSession,ageRange,0.0,499
opendata.leisurecloud.live,Castlepoint,ScheduledSession,genderRestriction,0.0,499
opendata.leisurecloud.live,Castlepoint,ScheduledSession,level,0.0,499
opendata.leisurecloud.live,Castlepoint,ScheduledSession,url,0.0,499
opendata.leisurecloud.live,Castlepoint,ScheduledSession,attendeeInstructions,0.0,499
opendata.leisurecloud.live,Castlepoint,ScheduledSession,superEvent,1.0,499
opendata.leisurecloud.live,Castlepoint,FacilityUse,activity,1.0,6
opendata.leisurecloud.live,Castlepoint,FacilityUse,category,1.0,6
opendata.leisurecloud.live,Castlepoint,FacilityUse,organizer,0.0,6
opendata.leisurecloud.live,Castlepoint,FacilityUse,offers,0.0,6
opendata.leisurecloud.live,Castlepoint,FacilityUse,location,1.0,6
opendata.leisurecloud.live,Castlepoint,FacilityUse,name,1.0,6
opendata.leisurecloud.live,Castlepoint,FacilityUse,description,0.6667,6
opendata.leisurecloud.live,Castlepoint,FacilityUse,eventSchedule,0.0,6
opendata.leisurecloud.live,Castlepoint,FacilityUse,ageRange,0.0,6
opendata.leisurecloud.live,Castlepoint,FacilityUse,genderRestriction,0.0,6
opendata.leisurecloud.live,Castlepoint,FacilityUse,level,0.0,6
opendata.leisurecloud.live,Castlepoint,FacilityUse,url,1.0,6
opendata.leisurecloud.live,Castlepoint,FacilityUse,attendeeInstructions,0.0,6
opendata.leisurecloud.live,Castlepoint,FacilityUse,superEvent,0.0,6
opendata.leisurecloud.live,Castlepoint,Slot,activity,0.0,500
opendata.leisurecloud.live,Castlepoint,Slot,category,0.0,500
opendata.leisurecloud.live,Castlepoint,Slot,organizer,0.0,500
opendata.leisurecloud.live,Castlepoint,Slot,offers,1.0,500
opendata.leisurecloud.live,Castlepoint,Slot,location,0.0,500
opendata.leisurecloud.live,Castlepoint,Slot,name,0.0,500
opendata.leisurecloud.live,Castlepoint,Slot,description,0.0,500
opendata.leisurecloud.live,Castlepoint,Slot,eventSchedule,0.0,500
opendata.leisurecloud.live,Castlepoint,Slot,ageRange,0.0,500
opendata.leisurecloud.live,Castlepoint,Slot,genderRestriction,0.0,500
opendata.leisurecloud.live,Castlepoint,Slot,level,0.0,500
opendata.leisurecloud.live,Castlepoint,Slot,url,0.0,500
opendata.leisurecloud.live,Castlepoint,Slot,attendeeInstructions,0.0,500
opendata.leisurecloud.live,Castlepoint,Slot,superEvent,0.0,500
opendata.leisurecloud.live,Castlepoint,Slot,activity,0.0,499
opendata.leisurecloud.live,Castlepoint,Slot,category,0.0,499
opendata.leisurecloud.live,Castlepoint,Slot,organizer,0.0,499
opendata.leisurecloud.live,Castlepoint,Slot,offers,1.0,499
opendata.leisurecloud.live,Castlepoint,Slot,location,0.0,499
opendata.leisurecloud.live,Castlepoint,Slot,name,0.0,499
opendata.leisurecloud.live,Castlepoint,Slot,description,0.0,499
opendata.leisurecloud.live,Castlepoint,Slot,eventSchedule,0.0,499
opendata.leisurecloud.live,Castlepoint,Slot,ageRange,0.0,499
opendata.leisurecloud.live,Castlepoint,Slot,genderRestriction,0.0,499
opendata.leisurecloud.live,Castlepoint,Slot,level,0.0,499
opendata.leisurecloud.live,Castlepoint,Slot,url,0.0,499
opendata.leisurecloud.live,Castlepoint,Slot,attendeeInstructions,0.0,499
opendata.leisurecloud.live,Castlepoint,Slot,superEvent,0.0,499
opendata.leisurecloud.live,Chelmsford City Sports,CourseInstance,activity,0.0,2
opendata.leisurecloud.live,Chelmsford City Sports,CourseInstance,category,1.0,2
opendata.leisurecloud.live,Chelmsford City Sports,CourseInstance,organizer,1.0,2
opendata.leisurecloud.live,Chelmsford City Sports,CourseInstance,offers,0.5,2
opendata.leisurecloud.live,Chelmsford City Sports,CourseInstance,location,1.0,2
opendata.leisurecloud.live,Chelmsford City Sports,CourseInstance,name,1.0,2
opendata.leisurecloud.live,Chelmsford City Sports,CourseInstance,description,0.0,2
opendata.leisurecloud.live,Chelmsford City Sports,CourseInstance,eventSchedule,0.0,2
opendata.leisurecloud.live,Chelmsford City Sports,CourseInstance,ageRange,0.0,2
opendata.leisurecloud.live,Chelmsford City Sports,CourseInstance,genderRestriction,0.0,2
opendata.leisurecloud.live,Chelmsford City Sports,CourseInstance,level,0.0,2
opendata.leisurecloud.live,Chelmsford City Sports,CourseInstance,url,1.0,2
opendata.leisurecloud.live,Chelmsford City Sports,CourseInstance,attendeeInstructions,0.0,2
opendata.leisurecloud.live,Chelmsford City Sports,CourseInstance,superEvent,0.0,2
opendata.leisurecloud.live,Chelmsford City Sports,SessionSeries,activity,0.0,500
opendata.leisurecloud.live,Chelmsford City Sports,SessionSeries,category,1.0,500
opendata.leisurecloud.live,Chelmsford City Sports,SessionSeries,organizer,0.426,500
opendata.leisurecloud.live,Chelmsford City Sports,SessionSeries,offers,1.0,500
opendata.leisurecloud.live,Chelmsford City Sports,SessionSeries,location,1.0,500
opendata.leisurecloud.live,Chelmsford City Sports,SessionSeries,name,1.0,500
opendata.leisurecloud.live,Chelmsford City Sports,SessionSeries,description,0.0,500
opendata.leisurecloud.live,Chelmsford City Sports,SessionSeries,eventSchedule,1.0,500
opendata.leisurecloud.live,Chelmsford City Sports,SessionSeries,ageRange,0.0,500
opendata.leisurecloud.live,Chelmsford City Sports,SessionSeries,genderRestriction,0.426,500
opendata.leisurecloud.live,Chelmsford City Sports,SessionSeries,level,0.0,500
opendata.leisurecloud.live,Chelmsford City Sports,SessionSeries,url,1.0,500
opendata.leisurecloud.live,Chelmsford City Sports,SessionSeries,attendeeInstructions,0.824,500
opendata.leisurecloud.live,Chelmsford City Sports,SessionSeries,superEvent,0.574,500
opendata.leisurecloud.live,Chelmsford City Sports,SessionSeries,activity,0.0,272
opendata.leisurecloud.live,Chelmsford City Sports,SessionSeries,category,1.0,272
opendata.leisurecloud.live,Chelmsford City Sports,SessionSeries,organizer,0.4754,272
opendata.leisurecloud.live,Chelmsford City Sports,SessionSeries,offers,0.9918,272
opendata.leisurecloud.live,Chelmsford City Sports,SessionSeries,location,1.0,272
opendata.leisurecloud.live,Chelmsford City Sports,SessionSeries,name,1.0,272
opendata.leisurecloud.live,Chelmsford City Sports,SessionSeries,description,0.0,272
opendata.leisurecloud.live,Chelmsford City Sports,SessionSeries,eventSchedule,1.0,272
opendata.leisurecloud.live,Chelmsford City Sports,SessionSeries,ageRange,0.0,272
opendata.leisurecloud.live,Chelmsford City Sports,SessionSeries,genderRestriction,0.4754,272
opendata.leisurecloud.live,Chelmsford City Sports,SessionSeries,level,0.0,272
opendata.leisurecloud.live,Chelmsford City Sports,SessionSeries,url,1.0,272
opendata.leisurecloud.live,Chelmsford City Sports,SessionSeries,attendeeInstructions,0.7746,272
opendata.leisurecloud.live,Chelmsford City Sports,SessionSeries,superEvent,0.5246,272
opendata.leisurecloud.live,Chelmsford City Sports,ScheduledSession,activity,0.0,500
opendata.leisurecloud.live,Chelmsford City Sports,ScheduledSession,category,0.0,500
opendata.leisurecloud.live,Chelmsford City Sports,ScheduledSession,organizer,0.0,500
opendata.leisurecloud.live,Chelmsford City Sports,ScheduledSession,offers,0.0,500
opendata.leisurecloud.live,Chelmsford City Sports,ScheduledSession,location,0.0,500
opendata.leisurecloud.live,Chelmsford City Sports,ScheduledSession,name,0.0,500
opendata.leisurecloud.live,Chelmsford City Sports,ScheduledSession,description,0.0,500
opendata.leisurecloud.live,Chelmsford City Sports,ScheduledSession,eventSchedule,0.0,500
opendata.leisurecloud.live,Chelmsford City Sports,ScheduledSession,ageRange,0.0,500
opendata.leisurecloud.live,Chelmsford City Sports,ScheduledSession,genderRestriction,0.0,500
opendata.leisurecloud.live,Chelmsford City Sports,ScheduledSession,level,0.0,500
opendata.leisurecloud.live,Chelmsford City Sports,ScheduledSession,url,0.0,500
opendata.leisurecloud.live,Chelmsford City Sports,ScheduledSession,attendeeInstructions,0.0,500
opendata.leisurecloud.live,Chelmsford City Sports,ScheduledSession,superEvent,1.0,500
opendata.leisurecloud.live,Chelmsford City Sports,ScheduledSession,activity,0.0,499
opendata.leisurecloud.live,Chelmsford City Sports,ScheduledSession,category,0.0,499
opendata.leisurecloud.live,Chelmsford City Sports,ScheduledSession,organizer,0.0,499
opendata.leisurecloud.live,Chelmsford City Sports,ScheduledSession,offers,0.0,499
opendata.leisurecloud.live,Chelmsford City Sports,ScheduledSession,location,0.0,499
opendata.leisurecloud.live,Chelmsford City Sports,ScheduledSession,name,0.0,499
opendata.leisurecloud.live,Chelmsford City Sports,ScheduledSession,description,0.0,499
opendata.leisurecloud.live,Chelmsford City Sports,ScheduledSession,eventSchedule,0.0,499
opendata.leisurecloud.live,Chelmsford City Sports,ScheduledSession,ageRange,0.0,499
opendata.leisurecloud.live,Chelmsford City Sports,ScheduledSession,genderRestriction,0.0,499
opendata.leisurecloud.live,Chelmsford City Sports,ScheduledSession,level,0.0,499
opendata.leisurecloud.live,Chelmsford City Sports,ScheduledSession,url,0.0,499
opendata.leisurecloud.live,Chelmsford City Sports,ScheduledSession,attendeeInstructions,0.0,499
opendata.leisurecloud.live,Chelmsford City Sports,ScheduledSession,superEvent,1.0,499
opendata.leisurecloud.live,Chelmsford City Sports,FacilityUse,activity,0.5357,56
opendata.leisurecloud.live,Chelmsford City Sports,FacilityUse,category,1.0,56
opendata.leisurecloud.live,Chelmsford City Sports,FacilityUse,organizer,0.0,56
opendata.leisurecloud.live,Chelmsford City Sports,FacilityUse,offers,1.0,56
opendata.leisurecloud.live,Chelmsford City Sports,FacilityUse,location,1.0,56
opendata.leisurecloud.live,Chelmsford City Sports,FacilityUse,name,1.0,56
opendata.leisurecloud.live,Chelmsford City Sports,FacilityUse,description,0.0,56
opendata.leisurecloud.live,Chelmsford City Sports,FacilityUse,eventSchedule,0.0,56
opendata.leisurecloud.live,Chelmsford City Sports,FacilityUse,ageRange,0.0,56
opendata.leisurecloud.live,Chelmsford City Sports,FacilityUse,genderRestriction,0.0,56
opendata.leisurecloud.live,Chelmsford City Sports,FacilityUse,level,0.0,56
opendata.leisurecloud.live,Chelmsford City Sports,FacilityUse,url,1.0,56
opendata.leisurecloud.live,Chelmsford City Sports,FacilityUse,attendeeInstructions,0.9643,56
opendata.leisurecloud.live,Chelmsford City Sports,FacilityUse,superEvent,0.0,56
opendata.leisurecloud.live,Chelmsford City Sports,Slot,activity,0.0,500
opendata.leisurecloud.live,Chelmsford City Sports,Slot,category,0.0,500
opendata.leisurecloud.live,Chelmsford City Sports,Slot,organizer,0.0,500
opendata.leisurecloud.live,Chelmsford City Sports,Slot,offers,1.0,500
opendata.leisurecloud.live,Chelmsford City Sports,Slot,location,0.0,500
opendata.leisurecloud.live,Chelmsford City Sports,Slot,name,0.0,500
opendata.leisurecloud.live,Chelmsford City Sports,Slot,description,0.0,500
opendata.leisurecloud.live,Chelmsford City Sports,Slot,eventSchedule,0.0,500
opendata.leisurecloud.live,Chelmsford City Sports,Slot,ageRange,0.0,500
opendata.leisurecloud.live,Chelmsford City Sports,Slot,genderRestriction,0.0,500
opendata.leisurecloud.live,Chelmsford City Sports,Slot,level,0.0,500
opendata.leisurecloud.live,Chelmsford City Sports,Slot,url,0.0,500
opendata.leisurecloud.live,Chelmsford City Sports,Slot,attendeeInstructions,0.0,500
opendata.leisurecloud.live,Chelmsford City Sports,Slot,superEvent,0.0,500
opendata.leisurecloud.live,Chelmsford City Sports,Slot,activity,0.0,499
opendata.leisurecloud.live,Chelmsford City Sports,Slot,category,0.0,499
opendata.leisurecloud.live,Chelmsford City Sports,Slot,organizer,0.0,499
opendata.leisurecloud.live,Chelmsford City Sports,Slot,offers,1.0,499
opendata.leisurecloud.live,Chelmsford City Sports,Slot,location,0.0,499
opendata.leisurecloud.live,Chelmsford City Sports,Slot,name,0.0,499
opendata.leisurecloud.live,Chelmsford City Sports,Slot,description,0.0,499
opendata.leisurecloud.live,Chelmsford City Sports,Slot,eventSchedule,0.0,499
opendata.leisurecloud.live,Chelmsford City Sports,Slot,ageRange,0.0,499
opendata.leisurecloud.live,Chelmsford City Sports,Slot,genderRestriction,0.0,499
opendata.leisurecloud.live,Chelmsford City Sports,Slot,level,0.0,499
opendata.leisurecloud.live,Chelmsford City Sports,Slot,url,0.0,499
opendata.leisurecloud.live,Chelmsford City Sports,Slot,attendeeInstructions,0.0,499
opendata.leisurecloud.live,Chelmsford City Sports,Slot,superEvent,0.0,499
opendata.leisurecloud.live,Chelmsford City Sports,CourseInstance,activity,0.0,2
opendata.leisurecloud.live,Chelmsford City Sports,CourseInstance,category,1.0,2
opendata.leisurecloud.live,Chelmsford City Sports,CourseInstance,organizer,1.0,2
opendata.leisurecloud.live,Chelmsford City Sports,CourseInstance,offers,0.5,2
opendata.leisurecloud.live,Chelmsford City Sports,CourseInstance,location,1.0,2
opendata.leisurecloud.live,Chelmsford City Sports,CourseInstance,name,1.0,2
opendata.leisurecloud.live,Chelmsford City Sports,CourseInstance,description,0.0,2
opendata.leisurecloud.live,Chelmsford City Sports,CourseInstance,eventSchedule,0.0,2
opendata.leisurecloud.live,Chelmsford City Sports,CourseInstance,ageRange,0.0,2
opendata.leisurecloud.live,Chelmsford City Sports,CourseInstance,genderRestriction,0.0,2
opendata.leisurecloud.live,Chelmsford City Sports,CourseInstance,level,0.0,2
opendata.leisurecloud.live,Chelmsford City Sports,CourseInstance,url,1.0,2
opendata.leisurecloud.live,Chelmsford City Sports,CourseInstance,attendeeInstructions,0.0,2
opendata.leisurecloud.live,Chelmsford City Sports,CourseInstance,superEvent,0.0,2
opendata.leisurecloud.live,Chelmsford City Sports,SessionSeries,activity,0.0,500
opendata.leisurecloud.live,Chelmsford City Sports,SessionSeries,category,1.0,500
opendata.leisurecloud.live,Chelmsford City Sports,SessionSeries,organizer,0.426,500
opendata.leisurecloud.live,Chelmsford City Sports,SessionSeries,offers,1.0,500
opendata.leisurecloud.live,Chelmsford City Sports,SessionSeries,location,1.0,500
opendata.leisurecloud.live,Chelmsford City Sports,SessionSeries,name,1.0,500
opendata.leisurecloud.live,Chelmsford City Sports,SessionSeries,description,0.0,500
opendata.leisurecloud.live,Chelmsford City Sports,SessionSeries,eventSchedule,1.0,500
opendata.leisurecloud.live,Chelmsford City Sports,SessionSeries,ageRange,0.0,500
opendata.leisurecloud.live,Chelmsford City Sports,SessionSeries,genderRestriction,0.426,500
opendata.leisurecloud.live,Chelmsford City Sports,SessionSeries,level,0.0,500
opendata.leisurecloud.live,Chelmsford City Sports,SessionSeries,url,1.0,500
opendata.leisurecloud.live,Chelmsford City Sports,SessionSeries,attendeeInstructions,0.824,500
opendata.leisurecloud.live,Chelmsford City Sports,SessionSeries,superEvent,0.574,500
opendata.leisurecloud.live,Chelmsford City Sports,SessionSeries,activity,0.0,272
opendata.leisurecloud.live,Chelmsford City Sports,SessionSeries,category,1.0,272
opendata.leisurecloud.live,Chelmsford City Sports,SessionSeries,organizer,0.4754,272
opendata.leisurecloud.live,Chelmsford City Sports,SessionSeries,offers,0.9918,272
opendata.leisurecloud.live,Chelmsford City Sports,SessionSeries,location,1.0,272
opendata.leisurecloud.live,Chelmsford City Sports,SessionSeries,name,1.0,272
opendata.leisurecloud.live,Chelmsford City Sports,SessionSeries,description,0.0,272
opendata.leisurecloud.live,Chelmsford City Sports,SessionSeries,eventSchedule,1.0,272
opendata.leisurecloud.live,Chelmsford City Sports,SessionSeries,ageRange,0.0,272
opendata.leisurecloud.live,Chelmsford City Sports,SessionSeries,genderRestriction,0.4754,272
opendata.leisurecloud.live,Chelmsford City Sports,SessionSeries,level,0.0,272
opendata.leisurecloud.live,Chelmsford City Sports,SessionSeries,url,1.0,272
opendata.leisurecloud.live,Chelmsford City Sports,SessionSeries,attendeeInstructions,0.7746,272
opendata.leisurecloud.live,Chelmsford City Sports,SessionSeries,superEvent,0.5246,272
opendata.leisurecloud.live,Chelmsford City Sports,ScheduledSession,activity,0.0,500
opendata.leisurecloud.live,Chelmsford City Sports,ScheduledSession,category,0.0,500
opendata.leisurecloud.live,Chelmsford City Sports,ScheduledSession,organizer,0.0,500
opendata.leisurecloud.live,Chelmsford City Sports,ScheduledSession,offers,0.0,500
opendata.leisurecloud.live,Chelmsford City Sports,ScheduledSession,location,0.0,500
opendata.leisurecloud.live,Chelmsford City Sports,ScheduledSession,name,0.0,500
opendata.leisurecloud.live,Chelmsford City Sports,ScheduledSession,description,0.0,500
opendata.leisurecloud.live,Chelmsford City Sports,ScheduledSession,eventSchedule,0.0,500
opendata.leisurecloud.live,Chelmsford City Sports,ScheduledSession,ageRange,0.0,500
opendata.leisurecloud.live,Chelmsford City Sports,ScheduledSession,genderRestriction,0.0,500
opendata.leisurecloud.live,Chelmsford City Sports,ScheduledSession,level,0.0,500
opendata.leisurecloud.live,Chelmsford City Sports,ScheduledSession,url,0.0,500
opendata.leisurecloud.live,Chelmsford City Sports,ScheduledSession,attendeeInstructions,0.0,500
opendata.leisurecloud.live,Chelmsford City Sports,ScheduledSession,superEvent,1.0,500
opendata.leisurecloud.live,Chelmsford City Sports,ScheduledSession,activity,0.0,499
opendata.leisurecloud.live,Chelmsford City Sports,ScheduledSession,category,0.0,499
opendata.leisurecloud.live,Chelmsford City Sports,ScheduledSession,organizer,0.0,499
opendata.leisurecloud.live,Chelmsford City Sports,ScheduledSession,offers,0.0,499
opendata.leisurecloud.live,Chelmsford City Sports,ScheduledSession,location,0.0,499
opendata.leisurecloud.live,Chelmsford City Sports,ScheduledSession,name,0.0,499
opendata.leisurecloud.live,Chelmsford City Sports,ScheduledSession,description,0.0,499
opendata.leisurecloud.live,Chelmsford City Sports,ScheduledSession,eventSchedule,0.0,499
opendata.leisurecloud.live,Chelmsford City Sports,ScheduledSession,ageRange,0.0,499
opendata.leisurecloud.live,Chelmsford City Sports,ScheduledSession,genderRestriction,0.0,499
opendata.leisurecloud.live,Chelmsford City Sports,ScheduledSession,level,0.0,499
opendata.leisurecloud.live,Chelmsford City Sports,ScheduledSession,url,0.0,499
opendata.leisurecloud.live,Chelmsford City Sports,ScheduledSession,attendeeInstructions,0.0,499
opendata.leisurecloud.live,Chelmsford City Sports,ScheduledSession,superEvent,1.0,499
opendata.leisurecloud.live,Chelmsford City Sports,FacilityUse,activity,0.5357,56
opendata.leisurecloud.live,Chelmsford City Sports,FacilityUse,category,1.0,56
opendata.leisurecloud.live,Chelmsford City Sports,FacilityUse,organizer,0.0,56
opendata.leisurecloud.live,Chelmsford City Sports,FacilityUse,offers,1.0,56
opendata.leisurecloud.live,Chelmsford City Sports,FacilityUse,location,1.0,56
opendata.leisurecloud.live,Chelmsford City Sports,FacilityUse,name,1.0,56
opendata.leisurecloud.live,Chelmsford City Sports,FacilityUse,description,0.0,56
opendata.leisurecloud.live,Chelmsford City Sports,FacilityUse,eventSchedule,0.0,56
opendata.leisurecloud.live,Chelmsford City Sports,FacilityUse,ageRange,0.0,56
opendata.leisurecloud.live,Chelmsford City Sports,FacilityUse,genderRestriction,0.0,56
opendata.leisurecloud.live,Chelmsford City Sports,FacilityUse,level,0.0,56
opendata.leisurecloud.live,Chelmsford City Sports,FacilityUse,url,1.0,56
opendata.leisurecloud.live,Chelmsford City Sports,FacilityUse,attendeeInstructions,0.9643,56
opendata.leisurecloud.live,Chelmsford City Sports,FacilityUse,superEvent,0.0,56
opendata.leisurecloud.live,Chelmsford City Sports,Slot,activity,0.0,500
opendata.leisurecloud.live,Chelmsford City Sports,Slot,category,0.0,500
opendata.leisurecloud.live,Chelmsford City Sports,Slot,organizer,0.0,500
opendata.leisurecloud.live,Chelmsford City Sports,Slot,offers,1.0,500
opendata.leisurecloud.live,Chelmsford City Sports,Slot,location,0.0,500
opendata.leisurecloud.live,Chelmsford City Sports,Slot,name,0.0,500
opendata.leisurecloud.live,Chelmsford City Sports,Slot,description,0.0,500
opendata.leisurecloud.live,Chelmsford City Sports,Slot,eventSchedule,0.0,500
opendata.leisurecloud.live,Chelmsford City Sports,Slot,ageRange,0.0,500
opendata.leisurecloud.live,Chelmsford City Sports,Slot,genderRestriction,0.0,500
opendata.leisurecloud.live,Chelmsford City Sports,Slot,level,0.0,500
opendata.leisurecloud.live,Chelmsford City Sports,Slot,url,0.0,500
opendata.leisurecloud.live,Chelmsford City Sports,Slot,attendeeInstructions,0.0,500
opendata.leisurecloud.live,Chelmsford City Sports,Slot,superEvent,0.0,500
opendata.leisurecloud.live,Chelmsford City Sports,Slot,activity,0.0,499
opendata.leisurecloud.live,Chelmsford City Sports,Slot,category,0.0,499
opendata.leisurecloud.live,Chelmsford City Sports,Slot,organizer,0.0,499
opendata.leisurecloud.live,Chelmsford City Sports,Slot,offers,1.0,499
opendata.leisurecloud.live,Chelmsford City Sports,Slot,location,0.0,499
opendata.leisurecloud.live,Chelmsford City Sports,Slot,name,0.0,499
opendata.leisurecloud.live,Chelmsford City Sports,Slot,description,0.0,499
opendata.leisurecloud.live,Chelmsford City Sports,Slot,eventSchedule,0.0,499
opendata.leisurecloud.live,Chelmsford City Sports,Slot,ageRange,0.0,499
opendata.leisurecloud.live,Chelmsford City Sports,Slot,genderRestriction,0.0,499
opendata.leisurecloud.live,Chelmsford City Sports,Slot,level,0.0,499
opendata.leisurecloud.live,Chelmsford City Sports,Slot,url,0.0,499
opendata.leisurecloud.live,Chelmsford City Sports,Slot,attendeeInstructions,0.0,499
opendata.leisurecloud.live,Chelmsford City Sports,Slot,superEvent,0.0,499
opendata.leisurecloud.live,Pembrokeshire Leisure,SessionSeries,activity,0.0,500
opendata.leisurecloud.live,Pembrokeshire Leisure,SessionSeries,category,1.0,500
opendata.leisurecloud.live,Pembrokeshire Leisure,SessionSeries,organizer,0.118,500
opendata.leisurecloud.live,Pembrokeshire Leisure,SessionSeries,offers,0.796,500
opendata.leisurecloud.live,Pembrokeshire Leisure,SessionSeries,location,1.0,500
opendata.leisurecloud.live,Pembrokeshire Leisure,SessionSeries,name,1.0,500
opendata.leisurecloud.live,Pembrokeshire Leisure,SessionSeries,description,0.0,500
opendata.leisurecloud.live,Pembrokeshire Leisure,SessionSeries,eventSchedule,1.0,500
opendata.leisurecloud.live,Pembrokeshire Leisure,SessionSeries,ageRange,0.0,500
opendata.leisurecloud.live,Pembrokeshire Leisure,SessionSeries,genderRestriction,0.112,500
opendata.leisurecloud.live,Pembrokeshire Leisure,SessionSeries,level,0.0,500
opendata.leisurecloud.live,Pembrokeshire Leisure,SessionSeries,url,1.0,500
opendata.leisurecloud.live,Pembrokeshire Leisure,SessionSeries,attendeeInstructions,0.382,500
opendata.leisurecloud.live,Pembrokeshire Leisure,SessionSeries,superEvent,0.882,500
opendata.leisurecloud.live,Pembrokeshire Leisure,SessionSeries,activity,0.0,499
opendata.leisurecloud.live,Pembrokeshire Leisure,SessionSeries,category,1.0,499
opendata.leisurecloud.live,Pembrokeshire Leisure,SessionSeries,organizer,0.499,499
opendata.leisurecloud.live,Pembrokeshire Leisure,SessionSeries,offers,0.8525,499
opendata.leisurecloud.live,Pembrokeshire Leisure,SessionSeries,location,1.0,499
opendata.leisurecloud.live,Pembrokeshire Leisure,SessionSeries,name,1.0,499
opendata.leisurecloud.live,Pembrokeshire Leisure,SessionSeries,description,0.0,499
opendata.leisurecloud.live,Pembrokeshire Leisure,SessionSeries,eventSchedule,1.0,499
opendata.leisurecloud.live,Pembrokeshire Leisure,SessionSeries,ageRange,0.0,499
opendata.leisurecloud.live,Pembrokeshire Leisure,SessionSeries,genderRestriction,0.4929,499
opendata.leisurecloud.live,Pembrokeshire Leisure,SessionSeries,level,0.0,499
opendata.leisurecloud.live,Pembrokeshire Leisure,SessionSeries,url,1.0,499
opendata.leisurecloud.live,Pembrokeshire Leisure,SessionSeries,attendeeInstructions,0.6364,499
opendata.leisurecloud.live,Pembrokeshire Leisure,SessionSeries,superEvent,0.501,499
opendata.leisurecloud.live,Pembrokeshire Leisure,ScheduledSession,activity,0.0,500
opendata.leisurecloud.live,Pembrokeshire Leisure,ScheduledSession,category,0.0,500
opendata.leisurecloud.live,Pembrokeshire Leisure,ScheduledSession,organizer,0.0,500
opendata.leisurecloud.live,Pembrokeshire Leisure,ScheduledSession,offers,0.0,500
opendata.leisurecloud.live,Pembrokeshire Leisure,ScheduledSession,location,0.0,500
opendata.leisurecloud.live,Pembrokeshire Leisure,ScheduledSession,name,0.0,500
opendata.leisurecloud.live,Pembrokeshire Leisure,ScheduledSession,description,0.0,500
opendata.leisurecloud.live,Pembrokeshire Leisure,ScheduledSession,eventSchedule,0.0,500
opendata.leisurecloud.live,Pembrokeshire Leisure,ScheduledSession,ageRange,0.0,500
opendata.leisurecloud.live,Pembrokeshire Leisure,ScheduledSession,genderRestriction,0.0,500
opendata.leisurecloud.live,Pembrokeshire Leisure,ScheduledSession,level,0.0,500
opendata.leisurecloud.live,Pembrokeshire Leisure,ScheduledSession,url,0.0,500
opendata.leisurecloud.live,Pembrokeshire Leisure,ScheduledSession,attendeeInstructions,0.0,500
opendata.leisurecloud.live,Pembrokeshire Leisure,ScheduledSession,superEvent,1.0,500
opendata.leisurecloud.live,Pembrokeshire Leisure,ScheduledSession,activity,0.0,499
opendata.leisurecloud.live,Pembrokeshire Leisure,ScheduledSession,category,0.0,499
opendata.leisurecloud.live,Pembrokeshire Leisure,ScheduledSession,organizer,0.0,499
opendata.leisurecloud.live,Pembrokeshire Leisure,ScheduledSession,offers,0.0,499
opendata.leisurecloud.live,Pembrokeshire Leisure,ScheduledSession,location,0.0,499
opendata.leisurecloud.live,Pembrokeshire Leisure,ScheduledSession,name,0.0,499
opendata.leisurecloud.live,Pembrokeshire Leisure,ScheduledSession,description,0.0,499
opendata.leisurecloud.live,Pembrokeshire Leisure,ScheduledSession,eventSchedule,0.0,499
opendata.leisurecloud.live,Pembrokeshire Leisure,ScheduledSession,ageRange,0.0,499
opendata.leisurecloud.live,Pembrokeshire Leisure,ScheduledSession,genderRestriction,0.0,499
opendata.leisurecloud.live,Pembrokeshire Leisure,ScheduledSession,level,0.0,499
opendata.leisurecloud.live,Pembrokeshire Leisure,ScheduledSession,url,0.0,499
opendata.leisurecloud.live,Pembrokeshire Leisure,ScheduledSession,attendeeInstructions,0.0,499
opendata.leisurecloud.live,Pembrokeshire Leisure,ScheduledSession,superEvent,1.0,499
opendata.leisurecloud.live,Pembrokeshire Leisure,FacilityUse,activity,0.2615,65
opendata.leisurecloud.live,Pembrokeshire Leisure,FacilityUse,category,1.0,65
opendata.leisurecloud.live,Pembrokeshire Leisure,FacilityUse,organizer,0.0,65
opendata.leisurecloud.live,Pembrokeshire Leisure,FacilityUse,offers,0.0,65
opendata.leisurecloud.live,Pembrokeshire Leisure,FacilityUse,location,1.0,65
opendata.leisurecloud.live,Pembrokeshire Leisure,FacilityUse,name,1.0,65
opendata.leisurecloud.live,Pembrokeshire Leisure,FacilityUse,description,0.0,65
opendata.leisurecloud.live,Pembrokeshire Leisure,FacilityUse,eventSchedule,0.0,65
opendata.leisurecloud.live,Pembrokeshire Leisure,FacilityUse,ageRange,0.0,65
opendata.leisurecloud.live,Pembrokeshire Leisure,FacilityUse,genderRestriction,0.0,65
opendata.leisurecloud.live,Pembrokeshire Leisure,FacilityUse,level,0.0,65
opendata.leisurecloud.live,Pembrokeshire Leisure,FacilityUse,url,1.0,65
opendata.leisurecloud.live,Pembrokeshire Leisure,FacilityUse,attendeeInstructions,0.1231,65
opendata.leisurecloud.live,Pembrokeshire Leisure,FacilityUse,superEvent,0.0,65
opendata.leisurecloud.live,Pembrokeshire Leisure,Slot,activity,0.0,500
opendata.leisurecloud.live,Pembrokeshire Leisure,Slot,category,0.0,500
opendata.leisurecloud.live,Pembrokeshire Leisure,Slot,organizer,0.0,500
opendata.leisurecloud.live,Pembrokeshire Leisure,Slot,offers,1.0,500
opendata.leisurecloud.live,Pembrokeshire Leisure,Slot,location,0.0,500
opendata.leisurecloud.live,Pembrokeshire Leisure,Slot,name,0.0,500
opendata.leisurecloud.live,Pembrokeshire Leisure,Slot,description,0.0,500
opendata.leisurecloud.live,Pembrokeshire Leisure,Slot,eventSchedule,0.0,500
opendata.leisurecloud.live,Pembrokeshire Leisure,Slot,ageRange,0.0,500
opendata.leisurecloud.live,Pembrokeshire Leisure,Slot,genderRestriction,0.0,500
opendata.leisurecloud.live,Pembrokeshire Leisure,Slot,level,0.0,500
opendata.leisurecloud.live,Pembrokeshire Leisure,Slot,url,0.0,500
opendata.leisurecloud.live,Pembrokeshire Leisure,Slot,attendeeInstructions,0.0,500
opendata.leisurecloud.live,Pembrokeshire Leisure,Slot,superEvent,0.0,500
opendata.leisurecloud.live,Pembrokeshire Leisure,Slot,activity,0.0,499
opendata.leisurecloud.live,Pembrokeshire Leisure,Slot,category,0.0,499
opendata.leisurecloud.live,Pembrokeshire Leisure,Slot,organizer,0.0,499
opendata.leisurecloud.live,Pembrokeshire Leisure,Slot,offers,1.0,499
opendata.leisurecloud.live,Pembrokeshire Leisure,Slot,location,0.0,499
opendata.leisurecloud.live,Pembrokeshire Leisure,Slot,name,0.0,499
opendata.leisurecloud.live,Pembrokeshire Leisure,Slot,description,0.0,499
opendata.leisurecloud.live,Pembrokeshire Leisure,Slot,eventSchedule,0.0,499
opendata.leisurecloud.live,Pembrokeshire Leisure,Slot,ageRange,0.0,499
opendata.leisurecloud.live,Pembrokeshire Leisure,Slot,genderRestriction,0.0,499
opendata.leisurecloud.live,Pembrokeshire Leisure,Slot,level,0.0,499
opendata.leisurecloud.live,Pembrokeshire Leisure,Slot,url,0.0,499
opendata.leisurecloud.live,Pembrokeshire Leisure,Slot,attendeeInstructions,0.0,499
opendata.leisurecloud.live,Pembrokeshire Leisure,Slot,superEvent,0.0,499
opendata.leisurecloud.live,Conwy,SessionSeries,activity,0.0,500
opendata.leisurecloud.live,Conwy,SessionSeries,category,1.0,500
opendata.leisurecloud.live,Conwy,SessionSeries,organizer,1.0,500
opendata.leisurecloud.live,Conwy,SessionSeries,offers,0.0,500
opendata.leisurecloud.live,Conwy,SessionSeries,location,1.0,500
opendata.leisurecloud.live,Conwy,SessionSeries,name,1.0,500
opendata.leisurecloud.live,Conwy,SessionSeries,description,0.0,500
opendata.leisurecloud.live,Conwy,SessionSeries,eventSchedule,1.0,500
opendata.leisurecloud.live,Conwy,SessionSeries,ageRange,0.0,500
opendata.leisurecloud.live,Conwy,SessionSeries,genderRestriction,1.0,500
opendata.leisurecloud.live,Conwy,SessionSeries,level,0.0,500
opendata.leisurecloud.live,Conwy,SessionSeries,url,0.0,500
opendata.leisurecloud.live,Conwy,SessionSeries,attendeeInstructions,0.122,500
opendata.leisurecloud.live,Conwy,SessionSeries,superEvent,0.0,500
opendata.leisurecloud.live,Conwy,SessionSeries,activity,0.0,499
opendata.leisurecloud.live,Conwy,SessionSeries,category,1.0,499
opendata.leisurecloud.live,Conwy,SessionSeries,organizer,1.0,499
opendata.leisurecloud.live,Conwy,SessionSeries,offers,0.0,499
opendata.leisurecloud.live,Conwy,SessionSeries,location,1.0,499
opendata.leisurecloud.live,Conwy,SessionSeries,name,1.0,499
opendata.leisurecloud.live,Conwy,SessionSeries,description,0.0,499
opendata.leisurecloud.live,Conwy,SessionSeries,eventSchedule,1.0,499
opendata.leisurecloud.live,Conwy,SessionSeries,ageRange,0.0,499
opendata.leisurecloud.live,Conwy,SessionSeries,genderRestriction,1.0,499
opendata.leisurecloud.live,Conwy,SessionSeries,level,0.0,499
opendata.leisurecloud.live,Conwy,SessionSeries,url,0.0,499
opendata.leisurecloud.live,Conwy,SessionSeries,attendeeInstructions,0.5691,499
opendata.leisurecloud.live,Conwy,SessionSeries,superEvent,0.0,499
opendata.leisurecloud.live,Conwy,ScheduledSession,activity,0.0,500
opendata.leisurecloud.live,Conwy,ScheduledSession,category,0.0,500
opendata.leisurecloud.live,Conwy,ScheduledSession,organizer,0.0,500
opendata.leisurecloud.live,Conwy,ScheduledSession,offers,0.0,500
opendata.leisurecloud.live,Conwy,ScheduledSession,location,0.0,500
opendata.leisurecloud.live,Conwy,ScheduledSession,name,0.0,500
opendata.leisurecloud.live,Conwy,ScheduledSession,description,0.0,500
opendata.leisurecloud.live,Conwy,ScheduledSession,eventSchedule,0.0,500
opendata.leisurecloud.live,Conwy,ScheduledSession,ageRange,0.0,500
opendata.leisurecloud.live,Conwy,ScheduledSession,genderRestriction,0.0,500
opendata.leisurecloud.live,Conwy,ScheduledSession,level,0.0,500
opendata.leisurecloud.live,Conwy,ScheduledSession,url,0.0,500
opendata.leisurecloud.live,Conwy,ScheduledSession,attendeeInstructions,0.0,500
opendata.leisurecloud.live,Conwy,ScheduledSession,superEvent,1.0,500
opendata.leisurecloud.live,Conwy,ScheduledSession,activity,0.0,499
opendata.leisurecloud.live,Conwy,ScheduledSession,category,0.0,499
opendata.leisurecloud.live,Conwy,ScheduledSession,organizer,0.0,499
opendata.leisurecloud.live,Conwy,ScheduledSession,offers,0.0,499
opendata.leisurecloud.live,Conwy,ScheduledSession,location,0.0,499
opendata.leisurecloud.live,Conwy,ScheduledSession,name,0.0,499
opendata.leisurecloud.live,Conwy,ScheduledSession,description,0.0,499
opendata.leisurecloud.live,Conwy,ScheduledSession,eventSchedule,0.0,499
opendata.leisurecloud.live,Conwy,ScheduledSession,ageRange,0.0,499
opendata.leisurecloud.live,Conwy,ScheduledSession,genderRestriction,0.0,499
opendata.leisurecloud.live,Conwy,ScheduledSession,level,0.0,499
opendata.leisurecloud.live,Conwy,ScheduledSession,url,0.0,499
opendata.leisurecloud.live,Conwy,ScheduledSession,attendeeInstructions,0.0,499
opendata.leisurecloud.live,Conwy,ScheduledSession,superEvent,1.0,499
opendata.leisurecloud.live,Conwy,FacilityUse,activity,0.0,30
opendata.leisurecloud.live,Conwy,FacilityUse,category,1.0,30
opendata.leisurecloud.live,Conwy,FacilityUse,organizer,0.0,30
opendata.leisurecloud.live,Conwy,FacilityUse,offers,0.0,30
opendata.leisurecloud.live,Conwy,FacilityUse,location,1.0,30
opendata.leisurecloud.live,Conwy,FacilityUse,name,1.0,30
opendata.leisurecloud.live,Conwy,FacilityUse,description,0.0,30
opendata.leisurecloud.live,Conwy,FacilityUse,eventSchedule,0.0,30
opendata.leisurecloud.live,Conwy,FacilityUse,ageRange,0.0,30
opendata.leisurecloud.live,Conwy,FacilityUse,genderRestriction,0.0,30
opendata.leisurecloud.live,Conwy,FacilityUse,level,0.0,30
opendata.leisurecloud.live,Conwy,FacilityUse,url,0.0,30
opendata.leisurecloud.live,Conwy,FacilityUse,attendeeInstructions,0.4,30
opendata.leisurecloud.live,Conwy,FacilityUse,superEvent,0.0,30
opendata.leisurecloud.live,Conwy,Slot,activity,0.0,500
opendata.leisurecloud.live,Conwy,Slot,category,0.0,500
opendata.leisurecloud.live,Conwy,Slot,organizer,0.0,500
opendata.leisurecloud.live,Conwy,Slot,offers,1.0,500
opendata.leisurecloud.live,Conwy,Slot,location,0.0,500
opendata.leisurecloud.live,Conwy,Slot,name,0.0,500
opendata.leisurecloud.live,Conwy,Slot,description,0.0,500
opendata.leisurecloud.live,Conwy,Slot,eventSchedule,0.0,500
opendata.leisurecloud.live,Conwy,Slot,ageRange,0.0,500
opendata.leisurecloud.live,Conwy,Slot,genderRestriction,0.0,500
opendata.leisurecloud.live,Conwy,Slot,level,0.0,500
opendata.leisurecloud.live,Conwy,Slot,url,0.0,500
opendata.leisurecloud.live,Conwy,Slot,attendeeInstructions,0.0,500
opendata.leisurecloud.live,Conwy,Slot,superEvent,0.0,500
opendata.leisurecloud.live,Conwy,Slot,activity,0.0,499
opendata.leisurecloud.live,Conwy,Slot,category,0.0,499
opendata.leisurecloud.live,Conwy,Slot,organizer,0.0,499
opendata.leisurecloud.live,Conwy,Slot,offers,1.0,499
opendata.leisurecloud.live,Conwy,Slot,location,0.0,499
opendata.leisurecloud.live,Conwy,Slot,name,0.0,499
opendata.leisurecloud.live,Conwy,Slot,description,0.0,499
opendata.leisurecloud.live,Conwy,Slot,eventSchedule,0.0,499
opendata.leisurecloud.live,Conwy,Slot,ageRange,0.0,499
opendata.leisurecloud.live,Conwy,Slot,genderRestriction,0.0,499
opendata.leisurecloud.live,Conwy,Slot,level,0.0,499
opendata.leisurecloud.live,Conwy,Slot,url,0.0,499
opendata.leisurecloud.live,Conwy,Slot,attendeeInstructions,0.0,499
opendata.leisurecloud.live,Conwy,Slot,superEvent,0.0,499
opendata.leisurecloud.live,Everyone Active,CourseInstance,activity,0.0,500
opendata.leisurecloud.live,Everyone Active,CourseInstance,category,1.0,500
opendata.leisurecloud.live,Everyone Active,CourseInstance,organizer,1.0,500
opendata.leisurecloud.live,Everyone Active,CourseInstance,offers,1.0,500
opendata.leisurecloud.live,Everyone Active,CourseInstance,location,1.0,500
opendata.leisurecloud.live,Everyone Active,CourseInstance,name,1.0,500
opendata.leisurecloud.live,Everyone Active,CourseInstance,description,0.0,500
opendata.leisurecloud.live,Everyone Active,CourseInstance,eventSchedule,0.0,500
opendata.leisurecloud.live,Everyone Active,CourseInstance,ageRange,0.0,500
opendata.leisurecloud.live,Everyone Active,CourseInstance,genderRestriction,0.0,500
opendata.leisurecloud.live,Everyone Active,CourseInstance,level,1.0,500
opendata.leisurecloud.live,Everyone Active,CourseInstance,url,1.0,500
opendata.leisurecloud.live,Everyone Active,CourseInstance,attendeeInstructions,0.0,500
opendata.leisurecloud.live,Everyone Active,CourseInstance,superEvent,0.0,500
opendata.leisurecloud.live,Everyone Active,CourseInstance,activity,0.0,499
opendata.leisurecloud.live,Everyone Active,CourseInstance,category,1.0,499
opendata.leisurecloud.live,Everyone Active,CourseInstance,organizer,1.0,499
opendata.leisurecloud.live,Everyone Active,CourseInstance,offers,1.0,499
opendata.leisurecloud.live,Everyone Active,CourseInstance,location,1.0,499
opendata.leisurecloud.live,Everyone Active,CourseInstance,name,1.0,499
opendata.leisurecloud.live,Everyone Active,CourseInstance,description,0.0,499
opendata.leisurecloud.live,Everyone Active,CourseInstance,eventSchedule,0.0,499
opendata.leisurecloud.live,Everyone Active,CourseInstance,ageRange,0.0,499
opendata.leisurecloud.live,Everyone Active,CourseInstance,genderRestriction,0.0,499
opendata.leisurecloud.live,Everyone Active,CourseInstance,level,1.0,499
opendata.leisurecloud.live,Everyone Active,CourseInstance,url,1.0,499
opendata.leisurecloud.live,Everyone Active,CourseInstance,attendeeInstructions,0.0685,499
opendata.leisurecloud.live,Everyone Active,CourseInstance,superEvent,0.0,499
opendata.leisurecloud.live,Everyone Active,SessionSeries,activity,0.0,500
opendata.leisurecloud.live,Everyone Active,SessionSeries,category,1.0,500
opendata.leisurecloud.live,Everyone Active,SessionSeries,organizer,0.0,500
opendata.leisurecloud.live,Everyone Active,SessionSeries,offers,0.974,500
opendata.leisurecloud.live,Everyone Active,SessionSeries,location,1.0,500
opendata.leisurecloud.live,Everyone Active,SessionSeries,name,1.0,500
opendata.leisurecloud.live,Everyone Active,SessionSeries,description,0.0,500
opendata.leisurecloud.live,Everyone Active,SessionSeries,eventSchedule,1.0,500
opendata.leisurecloud.live,Everyone Active,SessionSeries,ageRange,0.0,500
opendata.leisurecloud.live,Everyone Active,SessionSeries,genderRestriction,0.0,500
opendata.leisurecloud.live,Everyone Active,SessionSeries,level,0.0,500
opendata.leisurecloud.live,Everyone Active,SessionSeries,url,1.0,500
opendata.leisurecloud.live,Everyone Active,SessionSeries,attendeeInstructions,0.92,500
opendata.leisurecloud.live,Everyone Active,SessionSeries,superEvent,1.0,500
opendata.leisurecloud.live,Everyone Active,SessionSeries,activity,0.0,499
opendata.leisurecloud.live,Everyone Active,SessionSeries,category,1.0,499
opendata.leisurecloud.live,Everyone Active,SessionSeries,organizer,0.0,499
opendata.leisurecloud.live,Everyone Active,SessionSeries,offers,0.994,499
opendata.leisurecloud.live,Everyone Active,SessionSeries,location,1.0,499
opendata.leisurecloud.live,Everyone Active,SessionSeries,name,1.0,499
opendata.leisurecloud.live,Everyone Active,SessionSeries,description,0.0,499
opendata.leisurecloud.live,Everyone Active,SessionSeries,eventSchedule,1.0,499
opendata.leisurecloud.live,Everyone Active,SessionSeries,ageRange,0.0,499
opendata.leisurecloud.live,Everyone Active,SessionSeries,genderRestriction,0.0,499
opendata.leisurecloud.live,Everyone Active,SessionSeries,level,0.0,499
opendata.leisurecloud.live,Everyone Active,SessionSeries,url,1.0,499
opendata.leisurecloud.live,Everyone Active,SessionSeries,attendeeInstructions,0.998,499
opendata.leisurecloud.live,Everyone Active,SessionSeries,superEvent,1.0,499
opendata.leisurecloud.live,Everyone Active,ScheduledSession,activity,0.0,500
opendata.leisurecloud.live,Everyone Active,ScheduledSession,category,0.0,500
opendata.leisurecloud.live,Everyone Active,ScheduledSession,organizer,0.0,500
opendata.leisurecloud.live,Everyone Active,ScheduledSession,offers,0.0,500
opendata.leisurecloud.live,Everyone Active,ScheduledSession,location,0.0,500
opendata.leisurecloud.live,Everyone Active,ScheduledSession,name,0.0,500
opendata.leisurecloud.live,Everyone Active,ScheduledSession,description,0.0,500
opendata.leisurecloud.live,Everyone Active,ScheduledSession,eventSchedule,0.0,500
opendata.leisurecloud.live,Everyone Active,ScheduledSession,ageRange,0.0,500
opendata.leisurecloud.live,Everyone Active,ScheduledSession,genderRestriction,0.0,500
opendata.leisurecloud.live,Everyone Active,ScheduledSession,level,0.0,500
opendata.leisurecloud.live,Everyone Active,ScheduledSession,url,0.0,500
opendata.leisurecloud.live,Everyone Active,ScheduledSession,attendeeInstructions,0.0,500
opendata.leisurecloud.live,Everyone Active,ScheduledSession,superEvent,1.0,500
opendata.leisurecloud.live,Everyone Active,ScheduledSession,activity,0.0,499
opendata.leisurecloud.live,Everyone Active,ScheduledSession,category,0.0,499
opendata.leisurecloud.live,Everyone Active,ScheduledSession,organizer,0.0,499
opendata.leisurecloud.live,Everyone Active,ScheduledSession,offers,0.0,499
opendata.leisurecloud.live,Everyone Active,ScheduledSession,location,0.0,499
opendata.leisurecloud.live,Everyone Active,ScheduledSession,name,0.0,499
opendata.leisurecloud.live,Everyone Active,ScheduledSession,description,0.0,499
opendata.leisurecloud.live,Everyone Active,ScheduledSession,eventSchedule,0.0,499
opendata.leisurecloud.live,Everyone Active,ScheduledSession,ageRange,0.0,499
opendata.leisurecloud.live,Everyone Active,ScheduledSession,genderRestriction,0.0,499
opendata.leisurecloud.live,Everyone Active,ScheduledSession,level,0.0,499
opendata.leisurecloud.live,Everyone Active,ScheduledSession,url,0.0,499
opendata.leisurecloud.live,Everyone Active,ScheduledSession,attendeeInstructions,0.0,499
opendata.leisurecloud.live,Everyone Active,ScheduledSession,superEvent,1.0,499
opendata.leisurecloud.live,Everyone Active,FacilityUse,activity,1.0,500
opendata.leisurecloud.live,Everyone Active,FacilityUse,category,1.0,500
opendata.leisurecloud.live,Everyone Active,FacilityUse,organizer,0.0,500
opendata.leisurecloud.live,Everyone Active,FacilityUse,offers,1.0,500
opendata.leisurecloud.live,Everyone Active,FacilityUse,location,1.0,500
opendata.leisurecloud.live,Everyone Active,FacilityUse,name,1.0,500
opendata.leisurecloud.live,Everyone Active,FacilityUse,description,1.0,500
opendata.leisurecloud.live,Everyone Active,FacilityUse,eventSchedule,0.0,500
opendata.leisurecloud.live,Everyone Active,FacilityUse,ageRange,0.0,500
opendata.leisurecloud.live,Everyone Active,FacilityUse,genderRestriction,0.0,500
opendata.leisurecloud.live,Everyone Active,FacilityUse,level,0.0,500
opendata.leisurecloud.live,Everyone Active,FacilityUse,url,1.0,500
opendata.leisurecloud.live,Everyone Active,FacilityUse,attendeeInstructions,0.756,500
opendata.leisurecloud.live,Everyone Active,FacilityUse,superEvent,0.0,500
opendata.leisurecloud.live,Everyone Active,FacilityUse,activity,1.0,499
opendata.leisurecloud.live,Everyone Active,FacilityUse,category,1.0,499
opendata.leisurecloud.live,Everyone Active,FacilityUse,organizer,0.0,499
opendata.leisurecloud.live,Everyone Active,FacilityUse,offers,1.0,499
opendata.leisurecloud.live,Everyone Active,FacilityUse,location,1.0,499
opendata.leisurecloud.live,Everyone Active,FacilityUse,name,1.0,499
opendata.leisurecloud.live,Everyone Active,FacilityUse,description,0.998,499
opendata.leisurecloud.live,Everyone Active,FacilityUse,eventSchedule,0.0,499
opendata.leisurecloud.live,Everyone Active,FacilityUse,ageRange,0.0,499
opendata.leisurecloud.live,Everyone Active,FacilityUse,genderRestriction,0.0,499
opendata.leisurecloud.live,Everyone Active,FacilityUse,level,0.0,499
opendata.leisurecloud.live,Everyone Active,FacilityUse,url,1.0,499
opendata.leisurecloud.live,Everyone Active,FacilityUse,attendeeInstructions,0.4569,499
opendata.leisurecloud.live,Everyone Active,FacilityUse,superEvent,0.0,499
opendata.leisurecloud.live,Lampton Leisure,SessionSeries,activity,0.0,500
opendata.leisurecloud.live,Lampton Leisure,SessionSeries,category,1.0,500
opendata.leisurecloud.live,Lampton Leisure,SessionSeries,organizer,0.042,500
opendata.leisurecloud.live,Lampton Leisure,SessionSeries,offers,0.928,500
opendata.leisurecloud.live,Lampton Leisure,SessionSeries,location,1.0,500
opendata.leisurecloud.live,Lampton Leisure,SessionSeries,name,1.0,500
opendata.leisurecloud.live,Lampton Leisure,SessionSeries,description,0.0,500
opendata.leisurecloud.live,Lampton Leisure,SessionSeries,eventSchedule,1.0,500
opendata.leisurecloud.live,Lampton Leisure,SessionSeries,ageRange,0.0,500
opendata.leisurecloud.live,Lampton Leisure,SessionSeries,genderRestriction,0.04,500
opendata.leisurecloud.live,Lampton Leisure,SessionSeries,level,0.0,500
opendata.leisurecloud.live,Lampton Leisure,SessionSeries,url,1.0,500
opendata.leisurecloud.live,Lampton Leisure,SessionSeries,attendeeInstructions,0.516,500
opendata.leisurecloud.live,Lampton Leisure,SessionSeries,superEvent,0.958,500
opendata.leisurecloud.live,Lampton Leisure,SessionSeries,activity,0.0,212
opendata.leisurecloud.live,Lampton Leisure,SessionSeries,category,1.0,212
opendata.leisurecloud.live,Lampton Leisure,SessionSeries,organizer,0.4789,212
opendata.leisurecloud.live,Lampton Leisure,SessionSeries,offers,0.9947,212
opendata.leisurecloud.live,Lampton Leisure,SessionSeries,location,1.0,212
opendata.leisurecloud.live,Lampton Leisure,SessionSeries,name,1.0,212
opendata.leisurecloud.live,Lampton Leisure,SessionSeries,description,0.0,212
opendata.leisurecloud.live,Lampton Leisure,SessionSeries,eventSchedule,1.0,212
opendata.leisurecloud.live,Lampton Leisure,SessionSeries,ageRange,0.0,212
opendata.leisurecloud.live,Lampton Leisure,SessionSeries,genderRestriction,0.4737,212
opendata.leisurecloud.live,Lampton Leisure,SessionSeries,level,0.0,212
opendata.leisurecloud.live,Lampton Leisure,SessionSeries,url,1.0,212
opendata.leisurecloud.live,Lampton Leisure,SessionSeries,attendeeInstructions,0.7368,212
opendata.leisurecloud.live,Lampton Leisure,SessionSeries,superEvent,0.5211,212
opendata.leisurecloud.live,Lampton Leisure,ScheduledSession,activity,0.0,500
opendata.leisurecloud.live,Lampton Leisure,ScheduledSession,category,0.0,500
opendata.leisurecloud.live,Lampton Leisure,ScheduledSession,organizer,0.0,500
opendata.leisurecloud.live,Lampton Leisure,ScheduledSession,offers,0.0,500
opendata.leisurecloud.live,Lampton Leisure,ScheduledSession,location,0.0,500
opendata.leisurecloud.live,Lampton Leisure,ScheduledSession,name,0.0,500
opendata.leisurecloud.live,Lampton Leisure,ScheduledSession,description,0.0,500
opendata.leisurecloud.live,Lampton Leisure,ScheduledSession,eventSchedule,0.0,500
opendata.leisurecloud.live,Lampton Leisure,ScheduledSession,ageRange,0.0,500
opendata.leisurecloud.live,Lampton Leisure,ScheduledSession,genderRestriction,0.0,500
opendata.leisurecloud.live,Lampton Leisure,ScheduledSession,level,0.0,500
opendata.leisurecloud.live,Lampton Leisure,ScheduledSession,url,0.0,500
opendata.leisurecloud.live,Lampton Leisure,ScheduledSession,attendeeInstructions,0.0,500
opendata.leisurecloud.live,Lampton Leisure,ScheduledSession,superEvent,1.0,500
opendata.leisurecloud.live,Lampton Leisure,ScheduledSession,activity,0.0,499
opendata.leisurecloud.live,Lampton Leisure,ScheduledSession,category,0.0,499
opendata.leisurecloud.live,Lampton Leisure,ScheduledSession,organizer,0.0,499
opendata.leisurecloud.live,Lampton Leisure,ScheduledSession,offers,0.0,499
opendata.leisurecloud.live,Lampton Leisure,ScheduledSession,location,0.0,499
opendata.leisurecloud.live,Lampton Leisure,ScheduledSession,name,0.0,499
opendata.leisurecloud.live,Lampton Leisure,ScheduledSession,description,0.0,499
opendata.leisurecloud.live,Lampton Leisure,ScheduledSession,eventSchedule,0.0,499
opendata.leisurecloud.live,Lampton Leisure,ScheduledSession,ageRange,0.0,499
opendata.leisurecloud.live,Lampton Leisure,ScheduledSession,genderRestriction,0.0,499
opendata.leisurecloud.live,Lampton Leisure,ScheduledSession,level,0.0,499
opendata.leisurecloud.live,Lampton Leisure,ScheduledSession,url,0.0,499
opendata.leisurecloud.live,Lampton Leisure,ScheduledSession,attendeeInstructions,0.0,499
opendata.leisurecloud.live,Lampton Leisure,ScheduledSession,superEvent,1.0,499
opendata.leisurecloud.live,Lampton Leisure,FacilityUse,activity,0.0,32
opendata.leisurecloud.live,Lampton Leisure,FacilityUse,category,1.0,32
opendata.leisurecloud.live,Lampton Leisure,FacilityUse,organizer,0.0,32
opendata.leisurecloud.live,Lampton Leisure,FacilityUse,offers,1.0,32
opendata.leisurecloud.live,Lampton Leisure,FacilityUse,location,1.0,32
opendata.leisurecloud.live,Lampton Leisure,FacilityUse,name,1.0,32
opendata.leisurecloud.live,Lampton Leisure,FacilityUse,description,0.0,32
opendata.leisurecloud.live,Lampton Leisure,FacilityUse,eventSchedule,0.0,32
opendata.leisurecloud.live,Lampton Leisure,FacilityUse,ageRange,0.0,32
opendata.leisurecloud.live,Lampton Leisure,FacilityUse,genderRestriction,0.0,32
opendata.leisurecloud.live,Lampton Leisure,FacilityUse,level,0.0,32
opendata.leisurecloud.live,Lampton Leisure,FacilityUse,url,1.0,32
opendata.leisurecloud.live,Lampton Leisure,FacilityUse,attendeeInstructions,0.5312,32
opendata.leisurecloud.live,Lampton Leisure,FacilityUse,superEvent,0.0,32
opendata.leisurecloud.live,Lampton Leisure,Slot,activity,0.0,500
opendata.leisurecloud.live,Lampton Leisure,Slot,category,0.0,500
opendata.leisurecloud.live,Lampton Leisure,Slot,organizer,0.0,500
opendata.leisurecloud.live,Lampton Leisure,Slot,offers,1.0,500
opendata.leisurecloud.live,Lampton Leisure,Slot,location,0.0,500
opendata.leisurecloud.live,Lampton Leisure,Slot,name,0.0,500
opendata.leisurecloud.live,Lampton Leisure,Slot,description,0.0,500
opendata.leisurecloud.live,Lampton Leisure,Slot,eventSchedule,0.0,500
opendata.leisurecloud.live,Lampton Leisure,Slot,ageRange,0.0,500
opendata.leisurecloud.live,Lampton Leisure,Slot,genderRestriction,0.0,500
opendata.leisurecloud.live,Lampton Leisure,Slot,level,0.0,500
opendata.leisurecloud.live,Lampton Leisure,Slot,url,0.0,500
opendata.leisurecloud.live,Lampton Leisure,Slot,attendeeInstructions,0.0,500
opendata.leisurecloud.live,Lampton Leisure,Slot,superEvent,0.0,500
opendata.leisurecloud.live,Lampton Leisure,Slot,activity,0.0,499
opendata.leisurecloud.live,Lampton Leisure,Slot,category,0.0,499
opendata.leisurecloud.live,Lampton Leisure,Slot,organizer,0.0,499
opendata.leisurecloud.live,Lampton Leisure,Slot,offers,1.0,499
opendata.leisurecloud.live,Lampton Leisure,Slot,location,0.0,499
opendata.leisurecloud.live,Lampton Leisure,Slot,name,0.0,499
opendata.leisurecloud.live,Lampton Leisure,Slot,description,0.0,499
opendata.leisurecloud.live,Lampton Leisure,Slot,eventSchedule,0.0,499
opendata.leisurecloud.live,Lampton Leisure,Slot,ageRange,0.0,499
opendata.leisurecloud.live,Lampton Leisure,Slot,genderRestriction,0.0,499
opendata.leisurecloud.live,Lampton Leisure,Slot,level,0.0,499
opendata.leisurecloud.live,Lampton Leisure,Slot,url,0.0,499
opendata.leisurecloud.live,Lampton Leisure,Slot,attendeeInstructions,0.0,499
opendata.leisurecloud.live,Lampton Leisure,Slot,superEvent,0.0,499
opendata.leisurecloud.live,LED Community Leisure Ltd,CourseInstance,activity,0.0,4
opendata.leisurecloud.live,LED Community Leisure Ltd,CourseInstance,category,1.0,4
opendata.leisurecloud.live,LED Community Leisure Ltd,CourseInstance,organizer,1.0,4
opendata.leisurecloud.live,LED Community Leisure Ltd,CourseInstance,offers,1.0,4
opendata.leisurecloud.live,LED Community Leisure Ltd,CourseInstance,location,1.0,4
opendata.leisurecloud.live,LED Community Leisure Ltd,CourseInstance,name,1.0,4
opendata.leisurecloud.live,LED Community Leisure Ltd,CourseInstance,description,0.0,4
opendata.leisurecloud.live,LED Community Leisure Ltd,CourseInstance,eventSchedule,0.0,4
opendata.leisurecloud.live,LED Community Leisure Ltd,CourseInstance,ageRange,0.0,4
opendata.leisurecloud.live,LED Community Leisure Ltd,CourseInstance,genderRestriction,0.0,4
opendata.leisurecloud.live,LED Community Leisure Ltd,CourseInstance,level,0.0,4
opendata.leisurecloud.live,LED Community Leisure Ltd,CourseInstance,url,1.0,4
opendata.leisurecloud.live,LED Community Leisure Ltd,CourseInstance,attendeeInstructions,1.0,4
opendata.leisurecloud.live,LED Community Leisure Ltd,CourseInstance,superEvent,0.0,4
opendata.leisurecloud.live,LED Community Leisure Ltd,SessionSeries,activity,0.0,500
opendata.leisurecloud.live,LED Community Leisure Ltd,SessionSeries,category,1.0,500
opendata.leisurecloud.live,LED Community Leisure Ltd,SessionSeries,organizer,0.0,500
opendata.leisurecloud.live,LED Community Leisure Ltd,SessionSeries,offers,0.99,500
opendata.leisurecloud.live,LED Community Leisure Ltd,SessionSeries,location,1.0,500
opendata.leisurecloud.live,LED Community Leisure Ltd,SessionSeries,name,1.0,500
opendata.leisurecloud.live,LED Community Leisure Ltd,SessionSeries,description,0.0,500
opendata.leisurecloud.live,LED Community Leisure Ltd,SessionSeries,eventSchedule,1.0,500
opendata.leisurecloud.live,LED Community Leisure Ltd,SessionSeries,ageRange,0.0,500
opendata.leisurecloud.live,LED Community Leisure Ltd,SessionSeries,genderRestriction,0.0,500
opendata.leisurecloud.live,LED Community Leisure Ltd,SessionSeries,level,0.0,500
opendata.leisurecloud.live,LED Community Leisure Ltd,SessionSeries,url,1.0,500
opendata.leisurecloud.live,LED Community Leisure Ltd,SessionSeries,attendeeInstructions,0.684,500
opendata.leisurecloud.live,LED Community Leisure Ltd,SessionSeries,superEvent,1.0,500
opendata.leisurecloud.live,LED Community Leisure Ltd,SessionSeries,activity,0.0,499
opendata.leisurecloud.live,LED Community Leisure Ltd,SessionSeries,category,1.0,499
opendata.leisurecloud.live,LED Community Leisure Ltd,SessionSeries,organizer,0.0,499
opendata.leisurecloud.live,LED Community Leisure Ltd,SessionSeries,offers,0.992,499
opendata.leisurecloud.live,LED Community Leisure Ltd,SessionSeries,location,1.0,499
opendata.leisurecloud.live,LED Community Leisure Ltd,SessionSeries,name,1.0,499
opendata.leisurecloud.live,LED Community Leisure Ltd,SessionSeries,description,0.0,499
opendata.leisurecloud.live,LED Community Leisure Ltd,SessionSeries,eventSchedule,1.0,499
opendata.leisurecloud.live,LED Community Leisure Ltd,SessionSeries,ageRange,0.0,499
opendata.leisurecloud.live,LED Community Leisure Ltd,SessionSeries,genderRestriction,0.0,499
opendata.leisurecloud.live,LED Community Leisure Ltd,SessionSeries,level,0.0,499
opendata.leisurecloud.live,LED Community Leisure Ltd,SessionSeries,url,1.0,499
opendata.leisurecloud.live,LED Community Leisure Ltd,SessionSeries,attendeeInstructions,0.7796,499
opendata.leisurecloud.live,LED Community Leisure Ltd,SessionSeries,superEvent,1.0,499
opendata.leisurecloud.live,LED Community Leisure Ltd,ScheduledSession,activity,0.0,500
opendata.leisurecloud.live,LED Community Leisure Ltd,ScheduledSession,category,0.0,500
opendata.leisurecloud.live,LED Community Leisure Ltd,ScheduledSession,organizer,0.0,500
opendata.leisurecloud.live,LED Community Leisure Ltd,ScheduledSession,offers,0.0,500
opendata.leisurecloud.live,LED Community Leisure Ltd,ScheduledSession,location,0.0,500
opendata.leisurecloud.live,LED Community Leisure Ltd,ScheduledSession,name,0.0,500
opendata.leisurecloud.live,LED Community Leisure Ltd,ScheduledSession,description,0.0,500
opendata.leisurecloud.live,LED Community Leisure Ltd,ScheduledSession,eventSchedule,0.0,500
opendata.leisurecloud.live,LED Community Leisure Ltd,ScheduledSession,ageRange,0.0,500
opendata.leisurecloud.live,LED Community Leisure Ltd,ScheduledSession,genderRestriction,0.0,500
opendata.leisurecloud.live,LED Community Leisure Ltd,ScheduledSession,level,0.0,500
opendata.leisurecloud.live,LED Community Leisure Ltd,ScheduledSession,url,0.0,500
opendata.leisurecloud.live,LED Community Leisure Ltd,ScheduledSession,attendeeInstructions,0.0,500
opendata.leisurecloud.live,LED Community Leisure Ltd,ScheduledSession,superEvent,1.0,500
opendata.leisurecloud.live,LED Community Leisure Ltd,ScheduledSession,activity,0.0,499
opendata.leisurecloud.live,LED Community Leisure Ltd,ScheduledSession,category,0.0,499
opendata.leisurecloud.live,LED Community Leisure Ltd,ScheduledSession,organizer,0.0,499
opendata.leisurecloud.live,LED Community Leisure Ltd,ScheduledSession,offers,0.0,499
opendata.leisurecloud.live,LED Community Leisure Ltd,ScheduledSession,location,0.0,499
opendata.leisurecloud.live,LED Community Leisure Ltd,ScheduledSession,name,0.0,499
opendata.leisurecloud.live,LED Community Leisure Ltd,ScheduledSession,description,0.0,499
opendata.leisurecloud.live,LED Community Leisure Ltd,ScheduledSession,eventSchedule,0.0,499
opendata.leisurecloud.live,LED Community Leisure Ltd,ScheduledSession,ageRange,0.0,499
opendata.leisurecloud.live,LED Community Leisure Ltd,ScheduledSession,genderRestriction,0.0,499
opendata.leisurecloud.live,LED Community Leisure Ltd,ScheduledSession,level,0.0,499
opendata.leisurecloud.live,LED Community Leisure Ltd,ScheduledSession,url,0.0,499
opendata.leisurecloud.live,LED Community Leisure Ltd,ScheduledSession,attendeeInstructions,0.0,499
opendata.leisurecloud.live,LED Community Leisure Ltd,ScheduledSession,superEvent,1.0,499
opendata.leisurecloud.live,LED Community Leisure Ltd,FacilityUse,activity,0.7516,161
opendata.leisurecloud.live,LED Community Leisure Ltd,FacilityUse,category,1.0,161
opendata.leisurecloud.live,LED Community Leisure Ltd,FacilityUse,organizer,0.0,161
opendata.leisurecloud.live,LED Community Leisure Ltd,FacilityUse,offers,0.9814,161
opendata.leisurecloud.live,LED Community Leisure Ltd,FacilityUse,location,1.0,161
opendata.leisurecloud.live,LED Community Leisure Ltd,FacilityUse,name,1.0,161
opendata.leisurecloud.live,LED Community Leisure Ltd,FacilityUse,description,0.1056,161
opendata.leisurecloud.live,LED Community Leisure Ltd,FacilityUse,eventSchedule,0.0,161
opendata.leisurecloud.live,LED Community Leisure Ltd,FacilityUse,ageRange,0.0,161
opendata.leisurecloud.live,LED Community Leisure Ltd,FacilityUse,genderRestriction,0.0,161
opendata.leisurecloud.live,LED Community Leisure Ltd,FacilityUse,level,0.0,161
opendata.leisurecloud.live,LED Community Leisure Ltd,FacilityUse,url,0.9938,161
opendata.leisurecloud.live,LED Community Leisure Ltd,FacilityUse,attendeeInstructions,0.8075,161
opendata.leisurecloud.live,LED Community Leisure Ltd,FacilityUse,superEvent,0.0,161
opendata.leisurecloud.live,LED Community Leisure Ltd,Slot,activity,0.0,500
opendata.leisurecloud.live,LED Community Leisure Ltd,Slot,category,0.0,500
opendata.leisurecloud.live,LED Community Leisure Ltd,Slot,organizer,0.0,500
opendata.leisurecloud.live,LED Community Leisure Ltd,Slot,offers,1.0,500
opendata.leisurecloud.live,LED Community Leisure Ltd,Slot,location,0.0,500
opendata.leisurecloud.live,LED Community Leisure Ltd,Slot,name,0.0,500
opendata.leisurecloud.live,LED Community Leisure Ltd,Slot,description,0.0,500
opendata.leisurecloud.live,LED Community Leisure Ltd,Slot,eventSchedule,0.0,500
opendata.leisurecloud.live,LED Community Leisure Ltd,Slot,ageRange,0.0,500
opendata.leisurecloud.live,LED Community Leisure Ltd,Slot,genderRestriction,0.0,500
opendata.leisurecloud.live,LED Community Leisure Ltd,Slot,level,0.0,500
opendata.leisurecloud.live,LED Community Leisure Ltd,Slot,url,0.0,500
opendata.leisurecloud.live,LED Community Leisure Ltd,Slot,attendeeInstructions,0.0,500
opendata.leisurecloud.live,LED Community Leisure Ltd,Slot,superEvent,0.0,500
opendata.leisurecloud.live,LED Community Leisure Ltd,Slot,activity,0.0,499
opendata.leisurecloud.live,LED Community Leisure Ltd,Slot,category,0.0,499
opendata.leisurecloud.live,LED Community Leisure Ltd,Slot,organizer,0.0,499
opendata.leisurecloud.live,LED Community Leisure Ltd,Slot,offers,1.0,499
opendata.leisurecloud.live,LED Community Leisure Ltd,Slot,location,0.0,499
opendata.leisurecloud.live,LED Community Leisure Ltd,Slot,name,0.0,499
opendata.leisurecloud.live,LED Community Leisure Ltd,Slot,description,0.0,499
opendata.leisurecloud.live,LED Community Leisure Ltd,Slot,eventSchedule,0.0,499
opendata.leisurecloud.live,LED Community Leisure Ltd,Slot,ageRange,0.0,499
opendata.leisurecloud.live,LED Community Leisure Ltd,Slot,genderRestriction,0.0,499
opendata.leisurecloud.live,LED Community Leisure Ltd,Slot,level,0.0,499
opendata.leisurecloud.live,LED Community Leisure Ltd,Slot,url,0.0,499
opendata.leisurecloud.live,LED Community Leisure Ltd,Slot,attendeeInstructions,0.0,499
opendata.leisurecloud.live,LED Community Leisure Ltd,Slot,superEvent,0.0,499
opendata.leisurecloud.live,Leisure SK,SessionSeries,activity,0.0,500
opendata.leisurecloud.live,Leisure SK,SessionSeries,category,1.0,500
opendata.leisurecloud.live,Leisure SK,SessionSeries,organizer,1.0,500
opendata.leisurecloud.live,Leisure SK,SessionSeries,offers,0.992,500
opendata.leisurecloud.live,Leisure SK,SessionSeries,location,1.0,500
opendata.leisurecloud.live,Leisure SK,SessionSeries,name,1.0,500
opendata.leisurecloud.live,Leisure SK,SessionSeries,description,0.0,500
opendata.leisurecloud.live,Leisure SK,SessionSeries,eventSchedule,1.0,500
opendata.leisurecloud.live,Leisure SK,SessionSeries,ageRange,0.0,500
opendata.leisurecloud.live,Leisure SK,SessionSeries,genderRestriction,0.992,500
opendata.leisurecloud.live,Leisure SK,SessionSeries,level,0.0,500
opendata.leisurecloud.live,Leisure SK,SessionSeries,url,1.0,500
opendata.leisurecloud.live,Leisure SK,SessionSeries,attendeeInstructions,0.6036,500
opendata.leisurecloud.live,Leisure SK,SessionSeries,superEvent,0.0,500
opendata.leisurecloud.live,Leisure SK,SessionSeries,activity,0.0,24
opendata.leisurecloud.live,Leisure SK,SessionSeries,category,1.0,24
opendata.leisurecloud.live,Leisure SK,SessionSeries,organizer,1.0,24
opendata.leisurecloud.live,Leisure SK,SessionSeries,offers,0.95,24
opendata.leisurecloud.live,Leisure SK,SessionSeries,location,1.0,24
opendata.leisurecloud.live,Leisure SK,SessionSeries,name,1.0,24
opendata.leisurecloud.live,Leisure SK,SessionSeries,description,0.0,24
opendata.leisurecloud.live,Leisure SK,SessionSeries,eventSchedule,1.0,24
opendata.leisurecloud.live,Leisure SK,SessionSeries,ageRange,0.0,24
opendata.leisurecloud.live,Leisure SK,SessionSeries,genderRestriction,0.95,24
opendata.leisurecloud.live,Leisure SK,SessionSeries,level,0.0,24
opendata.leisurecloud.live,Leisure SK,SessionSeries,url,1.0,24
opendata.leisurecloud.live,Leisure SK,SessionSeries,attendeeInstructions,0.8,24
opendata.leisurecloud.live,Leisure SK,SessionSeries,superEvent,0.0,24
opendata.leisurecloud.live,Leisure SK,ScheduledSession,activity,0.0,500
opendata.leisurecloud.live,Leisure SK,ScheduledSession,category,0.0,500
opendata.leisurecloud.live,Leisure SK,ScheduledSession,organizer,0.0,500
opendata.leisurecloud.live,Leisure SK,ScheduledSession,offers,0.0,500
opendata.leisurecloud.live,Leisure SK,ScheduledSession,location,0.0,500
opendata.leisurecloud.live,Leisure SK,ScheduledSession,name,0.0,500
opendata.leisurecloud.live,Leisure SK,ScheduledSession,description,0.0,500
opendata.leisurecloud.live,Leisure SK,ScheduledSession,eventSchedule,0.0,500
opendata.leisurecloud.live,Leisure SK,ScheduledSession,ageRange,0.0,500
opendata.leisurecloud.live,Leisure SK,ScheduledSession,genderRestriction,0.0,500
opendata.leisurecloud.live,Leisure SK,ScheduledSession,level,0.0,500
opendata.leisurecloud.live,Leisure SK,ScheduledSession,url,0.0,500
opendata.leisurecloud.live,Leisure SK,ScheduledSession,attendeeInstructions,0.0,500
opendata.leisurecloud.live,Leisure SK,ScheduledSession,superEvent,1.0,500
opendata.leisurecloud.live,Leisure SK,ScheduledSession,activity,0.0,499
opendata.leisurecloud.live,Leisure SK,ScheduledSession,category,0.0,499
opendata.leisurecloud.live,Leisure SK,ScheduledSession,organizer,0.0,499
opendata.leisurecloud.live,Leisure SK,ScheduledSession,offers,0.0,499
opendata.leisurecloud.live,Leisure SK,ScheduledSession,location,0.0,499
opendata.leisurecloud.live,Leisure SK,ScheduledSession,name,0.0,499
opendata.leisurecloud.live,Leisure SK,ScheduledSession,description,0.0,499
opendata.leisurecloud.live,Leisure SK,ScheduledSession,eventSchedule,0.0,499
opendata.leisurecloud.live,Leisure SK,ScheduledSession,ageRange,0.0,499
opendata.leisurecloud.live,Leisure SK,ScheduledSession,genderRestriction,0.0,499
opendata.leisurecloud.live,Leisure SK,ScheduledSession,level,0.0,499
opendata.leisurecloud.live,Leisure SK,ScheduledSession,url,0.0,499
opendata.leisurecloud.live,Leisure SK,ScheduledSession,attendeeInstructions,0.0,499
opendata.leisurecloud.live,Leisure SK,ScheduledSession,superEvent,1.0,499
opendata.leisurecloud.live,Leisure SK,FacilityUse,activity,0.0,1
opendata.leisurecloud.live,Leisure SK,FacilityUse,category,1.0,1
opendata.leisurecloud.live,Leisure SK,FacilityUse,organizer,0.0,1
opendata.leisurecloud.live,Leisure SK,FacilityUse,offers,1.0,1
opendata.leisurecloud.live,Leisure SK,FacilityUse,location,1.0,1
opendata.leisurecloud.live,Leisure SK,FacilityUse,name,1.0,1
opendata.leisurecloud.live,Leisure SK,FacilityUse,description,0.0,1
opendata.leisurecloud.live,Leisure SK,FacilityUse,eventSchedule,0.0,1
opendata.leisurecloud.live,Leisure SK,FacilityUse,ageRange,0.0,1
opendata.leisurecloud.live,Leisure SK,FacilityUse,genderRestriction,0.0,1
opendata.leisurecloud.live,Leisure SK,FacilityUse,level,0.0,1
opendata.leisurecloud.live,Leisure SK,FacilityUse,url,1.0,1
opendata.leisurecloud.live,Leisure SK,FacilityUse,attendeeInstructions,1.0,1
opendata.leisurecloud.live,Leisure SK,FacilityUse,superEvent,0.0,1
opendata.leisurecloud.live,Leisure SK,Slot,activity,0.0,500
opendata.leisurecloud.live,Leisure SK,Slot,category,0.0,500
opendata.leisurecloud.live,Leisure SK,Slot,organizer,0.0,500
opendata.leisurecloud.live,Leisure SK,Slot,offers,1.0,500
opendata.leisurecloud.live,Leisure SK,Slot,location,0.0,500
opendata.leisurecloud.live,Leisure SK,Slot,name,0.0,500
opendata.leisurecloud.live,Leisure SK,Slot,description,0.0,500
opendata.leisurecloud.live,Leisure SK,Slot,eventSchedule,0.0,500
opendata.leisurecloud.live,Leisure SK,Slot,ageRange,0.0,500
opendata.leisurecloud.live,Leisure SK,Slot,genderRestriction,0.0,500
opendata.leisurecloud.live,Leisure SK,Slot,level,0.0,500
opendata.leisurecloud.live,Leisure SK,Slot,url,0.0,500
opendata.leisurecloud.live,Leisure SK,Slot,attendeeInstructions,0.0,500
opendata.leisurecloud.live,Leisure SK,Slot,superEvent,0.0,500
opendata.leisurecloud.live,Leisure SK,Slot,activity,0.0,499
opendata.leisurecloud.live,Leisure SK,Slot,category,0.0,499
opendata.leisurecloud.live,Leisure SK,Slot,organizer,0.0,499
opendata.leisurecloud.live,Leisure SK,Slot,offers,1.0,499
opendata.leisurecloud.live,Leisure SK,Slot,location,0.0,499
opendata.leisurecloud.live,Leisure SK,Slot,name,0.0,499
opendata.leisurecloud.live,Leisure SK,Slot,description,0.0,499
opendata.leisurecloud.live,Leisure SK,Slot,eventSchedule,0.0,499
opendata.leisurecloud.live,Leisure SK,Slot,ageRange,0.0,499
opendata.leisurecloud.live,Leisure SK,Slot,genderRestriction,0.0,499
opendata.leisurecloud.live,Leisure SK,Slot,level,0.0,499
opendata.leisurecloud.live,Leisure SK,Slot,url,0.0,499
opendata.leisurecloud.live,Leisure SK,Slot,attendeeInstructions,0.0,499
opendata.leisurecloud.live,Leisure SK,Slot,superEvent,0.0,499
opendata.leisurecloud.live,Colchester Leisure World,SessionSeries,activity,0.0,500
opendata.leisurecloud.live,Colchester Leisure World,SessionSeries,category,1.0,500
opendata.leisurecloud.live,Colchester Leisure World,SessionSeries,organizer,1.0,500
opendata.leisurecloud.live,Colchester Leisure World,SessionSeries,offers,0.974,500
opendata.leisurecloud.live,Colchester Leisure World,SessionSeries,location,1.0,500
opendata.leisurecloud.live,Colchester Leisure World,SessionSeries,name,1.0,500
opendata.leisurecloud.live,Colchester Leisure World,SessionSeries,description,0.0,500
opendata.leisurecloud.live,Colchester Leisure World,SessionSeries,eventSchedule,1.0,500
opendata.leisurecloud.live,Colchester Leisure World,SessionSeries,ageRange,0.0,500
opendata.leisurecloud.live,Colchester Leisure World,SessionSeries,genderRestriction,1.0,500
opendata.leisurecloud.live,Colchester Leisure World,SessionSeries,level,0.0,500
opendata.leisurecloud.live,Colchester Leisure World,SessionSeries,url,0.784,500
opendata.leisurecloud.live,Colchester Leisure World,SessionSeries,attendeeInstructions,0.912,500
opendata.leisurecloud.live,Colchester Leisure World,SessionSeries,superEvent,0.0,500
opendata.leisurecloud.live,Colchester Leisure World,SessionSeries,activity,0.0,448
opendata.leisurecloud.live,Colchester Leisure World,SessionSeries,category,1.0,448
opendata.leisurecloud.live,Colchester Leisure World,SessionSeries,organizer,1.0,448
opendata.leisurecloud.live,Colchester Leisure World,SessionSeries,offers,0.8716,448
opendata.leisurecloud.live,Colchester Leisure World,SessionSeries,location,1.0,448
opendata.leisurecloud.live,Colchester Leisure World,SessionSeries,name,1.0,448
opendata.leisurecloud.live,Colchester Leisure World,SessionSeries,description,0.0,448
opendata.leisurecloud.live,Colchester Leisure World,SessionSeries,eventSchedule,1.0,448
opendata.leisurecloud.live,Colchester Leisure World,SessionSeries,ageRange,0.0,448
opendata.leisurecloud.live,Colchester Leisure World,SessionSeries,genderRestriction,1.0,448
opendata.leisurecloud.live,Colchester Leisure World,SessionSeries,level,0.0,448
opendata.leisurecloud.live,Colchester Leisure World,SessionSeries,url,0.0,448
opendata.leisurecloud.live,Colchester Leisure World,SessionSeries,attendeeInstructions,0.9587,448
opendata.leisurecloud.live,Colchester Leisure World,SessionSeries,superEvent,0.0,448
opendata.leisurecloud.live,Colchester Leisure World,ScheduledSession,activity,0.0,500
opendata.leisurecloud.live,Colchester Leisure World,ScheduledSession,category,0.0,500
opendata.leisurecloud.live,Colchester Leisure World,ScheduledSession,organizer,0.0,500
opendata.leisurecloud.live,Colchester Leisure World,ScheduledSession,offers,0.0,500
opendata.leisurecloud.live,Colchester Leisure World,ScheduledSession,location,0.0,500
opendata.leisurecloud.live,Colchester Leisure World,ScheduledSession,name,0.0,500
opendata.leisurecloud.live,Colchester Leisure World,ScheduledSession,description,0.0,500
opendata.leisurecloud.live,Colchester Leisure World,ScheduledSession,eventSchedule,0.0,500
opendata.leisurecloud.live,Colchester Leisure World,ScheduledSession,ageRange,0.0,500
opendata.leisurecloud.live,Colchester Leisure World,ScheduledSession,genderRestriction,0.0,500
opendata.leisurecloud.live,Colchester Leisure World,ScheduledSession,level,0.0,500
opendata.leisurecloud.live,Colchester Leisure World,ScheduledSession,url,0.0,500
opendata.leisurecloud.live,Colchester Leisure World,ScheduledSession,attendeeInstructions,0.0,500
opendata.leisurecloud.live,Colchester Leisure World,ScheduledSession,superEvent,1.0,500
opendata.leisurecloud.live,Colchester Leisure World,ScheduledSession,activity,0.0,499
opendata.leisurecloud.live,Colchester Leisure World,ScheduledSession,category,0.0,499
opendata.leisurecloud.live,Colchester Leisure World,ScheduledSession,organizer,0.0,499
opendata.leisurecloud.live,Colchester Leisure World,ScheduledSession,offers,0.0,499
opendata.leisurecloud.live,Colchester Leisure World,ScheduledSession,location,0.0,499
opendata.leisurecloud.live,Colchester Leisure World,ScheduledSession,name,0.0,499
opendata.leisurecloud.live,Colchester Leisure World,ScheduledSession,description,0.0,499
opendata.leisurecloud.live,Colchester Leisure World,ScheduledSession,eventSchedule,0.0,499
opendata.leisurecloud.live,Colchester Leisure World,ScheduledSession,ageRange,0.0,499
opendata.leisurecloud.live,Colchester Leisure World,ScheduledSession,genderRestriction,0.0,499
opendata.leisurecloud.live,Colchester Leisure World,ScheduledSession,level,0.0,499
opendata.leisurecloud.live,Colchester Leisure World,ScheduledSession,url,0.0,499
opendata.leisurecloud.live,Colchester Leisure World,ScheduledSession,attendeeInstructions,0.0,499
opendata.leisurecloud.live,Colchester Leisure World,ScheduledSession,superEvent,1.0,499
opendata.leisurecloud.live,Colchester Leisure World,FacilityUse,activity,0.0,50
opendata.leisurecloud.live,Colchester Leisure World,FacilityUse,category,1.0,50
opendata.leisurecloud.live,Colchester Leisure World,FacilityUse,organizer,0.0,50
opendata.leisurecloud.live,Colchester Leisure World,FacilityUse,offers,0.54,50
opendata.leisurecloud.live,Colchester Leisure World,FacilityUse,location,1.0,50
opendata.leisurecloud.live,Colchester Leisure World,FacilityUse,name,1.0,50
opendata.leisurecloud.live,Colchester Leisure World,FacilityUse,description,0.0,50
opendata.leisurecloud.live,Colchester Leisure World,FacilityUse,eventSchedule,0.0,50
opendata.leisurecloud.live,Colchester Leisure World,FacilityUse,ageRange,0.0,50
opendata.leisurecloud.live,Colchester Leisure World,FacilityUse,genderRestriction,0.0,50
opendata.leisurecloud.live,Colchester Leisure World,FacilityUse,level,0.0,50
opendata.leisurecloud.live,Colchester Leisure World,FacilityUse,url,0.0,50
opendata.leisurecloud.live,Colchester Leisure World,FacilityUse,attendeeInstructions,0.8,50
opendata.leisurecloud.live,Colchester Leisure World,FacilityUse,superEvent,0.0,50
opendata.leisurecloud.live,Colchester Leisure World,Slot,activity,0.0,500
opendata.leisurecloud.live,Colchester Leisure World,Slot,category,0.0,500
opendata.leisurecloud.live,Colchester Leisure World,Slot,organizer,0.0,500
opendata.leisurecloud.live,Colchester Leisure World,Slot,offers,1.0,500
opendata.leisurecloud.live,Colchester Leisure World,Slot,location,0.0,500
opendata.leisurecloud.live,Colchester Leisure World,Slot,name,0.0,500
opendata.leisurecloud.live,Colchester Leisure World,Slot,description,0.0,500
opendata.leisurecloud.live,Colchester Leisure World,Slot,eventSchedule,0.0,500
opendata.leisurecloud.live,Colchester Leisure World,Slot,ageRange,0.0,500
opendata.leisurecloud.live,Colchester Leisure World,Slot,genderRestriction,0.0,500
opendata.leisurecloud.live,Colchester Leisure World,Slot,level,0.0,500
opendata.leisurecloud.live,Colchester Leisure World,Slot,url,0.0,500
opendata.leisurecloud.live,Colchester Leisure World,Slot,attendeeInstructions,0.0,500
opendata.leisurecloud.live,Colchester Leisure World,Slot,superEvent,0.0,500
opendata.leisurecloud.live,Colchester Leisure World,Slot,activity,0.0,499
opendata.leisurecloud.live,Colchester Leisure World,Slot,category,0.0,499
opendata.leisurecloud.live,Colchester Leisure World,Slot,organizer,0.0,499
opendata.leisurecloud.live,Colchester Leisure World,Slot,offers,1.0,499
opendata.leisurecloud.live,Colchester Leisure World,Slot,location,0.0,499
opendata.leisurecloud.live,Colchester Leisure World,Slot,name,0.0,499
opendata.leisurecloud.live,Colchester Leisure World,Slot,description,0.0,499
opendata.leisurecloud.live,Colchester Leisure World,Slot,eventSchedule,0.0,499
opendata.leisurecloud.live,Colchester Leisure World,Slot,ageRange,0.0,499
opendata.leisurecloud.live,Colchester Leisure World,Slot,genderRestriction,0.0,499
opendata.leisurecloud.live,Colchester Leisure World,Slot,level,0.0,499
opendata.leisurecloud.live,Colchester Leisure World,Slot,url,0.0,499
opendata.leisurecloud.live,Colchester Leisure World,Slot,attendeeInstructions,0.0,499
opendata.leisurecloud.live,Colchester Leisure World,Slot,superEvent,0.0,499
opendata.leisurecloud.live,Liberty Leisure,SessionSeries,activity,0.0,427
opendata.leisurecloud.live,Liberty Leisure,SessionSeries,category,1.0,427
opendata.leisurecloud.live,Liberty Leisure,SessionSeries,organizer,0.2322,427
opendata.leisurecloud.live,Liberty Leisure,SessionSeries,offers,0.9645,427
opendata.leisurecloud.live,Liberty Leisure,SessionSeries,location,1.0,427
opendata.leisurecloud.live,Liberty Leisure,SessionSeries,name,1.0,427
opendata.leisurecloud.live,Liberty Leisure,SessionSeries,description,0.0,427
opendata.leisurecloud.live,Liberty Leisure,SessionSeries,eventSchedule,1.0,427
opendata.leisurecloud.live,Liberty Leisure,SessionSeries,ageRange,0.0,427
opendata.leisurecloud.live,Liberty Leisure,SessionSeries,genderRestriction,0.2322,427
opendata.leisurecloud.live,Liberty Leisure,SessionSeries,level,0.0,427
opendata.leisurecloud.live,Liberty Leisure,SessionSeries,url,1.0,427
opendata.leisurecloud.live,Liberty Leisure,SessionSeries,attendeeInstructions,0.3626,427
opendata.leisurecloud.live,Liberty Leisure,SessionSeries,superEvent,0.7678,427
opendata.leisurecloud.live,Liberty Leisure,ScheduledSession,activity,0.0,500
opendata.leisurecloud.live,Liberty Leisure,ScheduledSession,category,0.0,500
opendata.leisurecloud.live,Liberty Leisure,ScheduledSession,organizer,0.0,500
opendata.leisurecloud.live,Liberty Leisure,ScheduledSession,offers,0.0,500
opendata.leisurecloud.live,Liberty Leisure,ScheduledSession,location,0.0,500
opendata.leisurecloud.live,Liberty Leisure,ScheduledSession,name,0.0,500
opendata.leisurecloud.live,Liberty Leisure,ScheduledSession,description,0.0,500
opendata.leisurecloud.live,Liberty Leisure,ScheduledSession,eventSchedule,0.0,500
opendata.leisurecloud.live,Liberty Leisure,ScheduledSession,ageRange,0.0,500
opendata.leisurecloud.live,Liberty Leisure,ScheduledSession,genderRestriction,0.0,500
opendata.leisurecloud.live,Liberty Leisure,ScheduledSession,level,0.0,500
opendata.leisurecloud.live,Liberty Leisure,ScheduledSession,url,0.0,500
opendata.leisurecloud.live,Liberty Leisure,ScheduledSession,attendeeInstructions,0.0,500
opendata.leisurecloud.live,Liberty Leisure,ScheduledSession,superEvent,1.0,500
opendata.leisurecloud.live,Liberty Leisure,ScheduledSession,activity,0.0,499
opendata.leisurecloud.live,Liberty Leisure,ScheduledSession,category,0.0,499
opendata.leisurecloud.live,Liberty Leisure,ScheduledSession,organizer,0.0,499
opendata.leisurecloud.live,Liberty Leisure,ScheduledSession,offers,0.0,499
opendata.leisurecloud.live,Liberty Leisure,ScheduledSession,location,0.0,499
opendata.leisurecloud.live,Liberty Leisure,ScheduledSession,name,0.0,499
opendata.leisurecloud.live,Liberty Leisure,ScheduledSession,description,0.0,499
opendata.leisurecloud.live,Liberty Leisure,ScheduledSession,eventSchedule,0.0,499
opendata.leisurecloud.live,Liberty Leisure,ScheduledSession,ageRange,0.0,499
opendata.leisurecloud.live,Liberty Leisure,ScheduledSession,genderRestriction,0.0,499
opendata.leisurecloud.live,Liberty Leisure,ScheduledSession,level,0.0,499
opendata.leisurecloud.live,Liberty Leisure,ScheduledSession,url,0.0,499
opendata.leisurecloud.live,Liberty Leisure,ScheduledSession,attendeeInstructions,0.0,499
opendata.leisurecloud.live,Liberty Leisure,ScheduledSession,superEvent,1.0,499
opendata.leisurecloud.live,Liberty Leisure,FacilityUse,activity,0.4194,31
opendata.leisurecloud.live,Liberty Leisure,FacilityUse,category,1.0,31
opendata.leisurecloud.live,Liberty Leisure,FacilityUse,organizer,0.0,31
opendata.leisurecloud.live,Liberty Leisure,FacilityUse,offers,0.6129,31
opendata.leisurecloud.live,Liberty Leisure,FacilityUse,location,1.0,31
opendata.leisurecloud.live,Liberty Leisure,FacilityUse,name,1.0,31
opendata.leisurecloud.live,Liberty Leisure,FacilityUse,description,0.0,31
opendata.leisurecloud.live,Liberty Leisure,FacilityUse,eventSchedule,0.0,31
opendata.leisurecloud.live,Liberty Leisure,FacilityUse,ageRange,0.0,31
opendata.leisurecloud.live,Liberty Leisure,FacilityUse,genderRestriction,0.0,31
opendata.leisurecloud.live,Liberty Leisure,FacilityUse,level,0.0,31
opendata.leisurecloud.live,Liberty Leisure,FacilityUse,url,1.0,31
opendata.leisurecloud.live,Liberty Leisure,FacilityUse,attendeeInstructions,0.1613,31
opendata.leisurecloud.live,Liberty Leisure,FacilityUse,superEvent,0.0,31
opendata.leisurecloud.live,Liberty Leisure,Slot,activity,0.0,500
opendata.leisurecloud.live,Liberty Leisure,Slot,category,0.0,500
opendata.leisurecloud.live,Liberty Leisure,Slot,organizer,0.0,500
opendata.leisurecloud.live,Liberty Leisure,Slot,offers,1.0,500
opendata.leisurecloud.live,Liberty Leisure,Slot,location,0.0,500
opendata.leisurecloud.live,Liberty Leisure,Slot,name,0.0,500
opendata.leisurecloud.live,Liberty Leisure,Slot,description,0.0,500
opendata.leisurecloud.live,Liberty Leisure,Slot,eventSchedule,0.0,500
opendata.leisurecloud.live,Liberty Leisure,Slot,ageRange,0.0,500
opendata.leisurecloud.live,Liberty Leisure,Slot,genderRestriction,0.0,500
opendata.leisurecloud.live,Liberty Leisure,Slot,level,0.0,500
opendata.leisurecloud.live,Liberty Leisure,Slot,url,0.0,500
opendata.leisurecloud.live,Liberty Leisure,Slot,attendeeInstructions,0.0,500
opendata.leisurecloud.live,Liberty Leisure,Slot,superEvent,0.0,500
opendata.leisurecloud.live,Liberty Leisure,Slot,activity,0.0,499
opendata.leisurecloud.live,Liberty Leisure,Slot,category,0.0,499
opendata.leisurecloud.live,Liberty Leisure,Slot,organizer,0.0,499
opendata.leisurecloud.live,Liberty Leisure,Slot,offers,1.0,499
opendata.leisurecloud.live,Liberty Leisure,Slot,location,0.0,499
opendata.leisurecloud.live,Liberty Leisure,Slot,name,0.0,499
opendata.leisurecloud.live,Liberty Leisure,Slot,description,0.0,499
opendata.leisurecloud.live,Liberty Leisure,Slot,eventSchedule,0.0,499
opendata.leisurecloud.live,Liberty Leisure,Slot,ageRange,0.0,499
opendata.leisurecloud.live,Liberty Leisure,Slot,genderRestriction,0.0,499
opendata.leisurecloud.live,Liberty Leisure,Slot,level,0.0,499
opendata.leisurecloud.live,Liberty Leisure,Slot,url,0.0,499
opendata.leisurecloud.live,Liberty Leisure,Slot,attendeeInstructions,0.0,499
opendata.leisurecloud.live,Liberty Leisure,Slot,superEvent,0.0,499
opendata.leisurecloud.live,Oldham Community Leisure,SessionSeries,activity,0.0,500
opendata.leisurecloud.live,Oldham Community Leisure,SessionSeries,category,1.0,500
opendata.leisurecloud.live,Oldham Community Leisure,SessionSeries,organizer,0.0089,500
opendata.leisurecloud.live,Oldham Community Leisure,SessionSeries,offers,0.9911,500
opendata.leisurecloud.live,Oldham Community Leisure,SessionSeries,location,1.0,500
opendata.leisurecloud.live,Oldham Community Leisure,SessionSeries,name,1.0,500
opendata.leisurecloud.live,Oldham Community Leisure,SessionSeries,description,0.0,500
opendata.leisurecloud.live,Oldham Community Leisure,SessionSeries,eventSchedule,1.0,500
opendata.leisurecloud.live,Oldham Community Leisure,SessionSeries,ageRange,0.0,500
opendata.leisurecloud.live,Oldham Community Leisure,SessionSeries,genderRestriction,0.0,500
opendata.leisurecloud.live,Oldham Community Leisure,SessionSeries,level,0.0,500
opendata.leisurecloud.live,Oldham Community Leisure,SessionSeries,url,1.0,500
opendata.leisurecloud.live,Oldham Community Leisure,SessionSeries,attendeeInstructions,0.8733,500
opendata.leisurecloud.live,Oldham Community Leisure,SessionSeries,superEvent,0.9911,500
opendata.leisurecloud.live,Oldham Community Leisure,SessionSeries,activity,0.0,143
opendata.leisurecloud.live,Oldham Community Leisure,SessionSeries,category,1.0,143
opendata.leisurecloud.live,Oldham Community Leisure,SessionSeries,organizer,0.4091,143
opendata.leisurecloud.live,Oldham Community Leisure,SessionSeries,offers,0.9455,143
opendata.leisurecloud.live,Oldham Community Leisure,SessionSeries,location,1.0,143
opendata.leisurecloud.live,Oldham Community Leisure,SessionSeries,name,1.0,143
opendata.leisurecloud.live,Oldham Community Leisure,SessionSeries,description,0.0,143
opendata.leisurecloud.live,Oldham Community Leisure,SessionSeries,eventSchedule,1.0,143
opendata.leisurecloud.live,Oldham Community Leisure,SessionSeries,ageRange,0.0,143
opendata.leisurecloud.live,Oldham Community Leisure,SessionSeries,genderRestriction,0.3545,143
opendata.leisurecloud.live,Oldham Community Leisure,SessionSeries,level,0.0,143
opendata.leisurecloud.live,Oldham Community Leisure,SessionSeries,url,1.0,143
opendata.leisurecloud.live,Oldham Community Leisure,SessionSeries,attendeeInstructions,0.9364,143
opendata.leisurecloud.live,Oldham Community Leisure,SessionSeries,superEvent,0.5909,143
opendata.leisurecloud.live,Oldham Community Leisure,ScheduledSession,activity,0.0,500
opendata.leisurecloud.live,Oldham Community Leisure,ScheduledSession,category,0.0,500
opendata.leisurecloud.live,Oldham Community Leisure,ScheduledSession,organizer,0.0,500
opendata.leisurecloud.live,Oldham Community Leisure,ScheduledSession,offers,0.0,500
opendata.leisurecloud.live,Oldham Community Leisure,ScheduledSession,location,0.0,500
opendata.leisurecloud.live,Oldham Community Leisure,ScheduledSession,name,0.0,500
opendata.leisurecloud.live,Oldham Community Leisure,ScheduledSession,description,0.0,500
opendata.leisurecloud.live,Oldham Community Leisure,ScheduledSession,eventSchedule,0.0,500
opendata.leisurecloud.live,Oldham Community Leisure,ScheduledSession,ageRange,0.0,500
opendata.leisurecloud.live,Oldham Community Leisure,ScheduledSession,genderRestriction,0.0,500
opendata.leisurecloud.live,Oldham Community Leisure,ScheduledSession,level,0.0,500
opendata.leisurecloud.live,Oldham Community Leisure,ScheduledSession,url,0.0,500
opendata.leisurecloud.live,Oldham Community Leisure,ScheduledSession,attendeeInstructions,0.0,500
opendata.leisurecloud.live,Oldham Community Leisure,ScheduledSession,superEvent,1.0,500
opendata.leisurecloud.live,Oldham Community Leisure,ScheduledSession,activity,0.0,499
opendata.leisurecloud.live,Oldham Community Leisure,ScheduledSession,category,0.0,499
opendata.leisurecloud.live,Oldham Community Leisure,ScheduledSession,organizer,0.0,499
opendata.leisurecloud.live,Oldham Community Leisure,ScheduledSession,offers,0.0,499
opendata.leisurecloud.live,Oldham Community Leisure,ScheduledSession,location,0.0,499
opendata.leisurecloud.live,Oldham Community Leisure,ScheduledSession,name,0.0,499
opendata.leisurecloud.live,Oldham Community Leisure,ScheduledSession,description,0.0,499
opendata.leisurecloud.live,Oldham Community Leisure,ScheduledSession,eventSchedule,0.0,499
opendata.leisurecloud.live,Oldham Community Leisure,ScheduledSession,ageRange,0.0,499
opendata.leisurecloud.live,Oldham Community Leisure,ScheduledSession,genderRestriction,0.0,499
opendata.leisurecloud.live,Oldham Community Leisure,ScheduledSession,level,0.0,499
opendata.leisurecloud.live,Oldham Community Leisure,ScheduledSession,url,0.0,499
opendata.leisurecloud.live,Oldham Community Leisure,ScheduledSession,attendeeInstructions,0.0,499
opendata.leisurecloud.live,Oldham Community Leisure,ScheduledSession,superEvent,1.0,499
opendata.leisurecloud.live,Oldham Community Leisure,FacilityUse,activity,1.0,6
opendata.leisurecloud.live,Oldham Community Leisure,FacilityUse,category,1.0,6
opendata.leisurecloud.live,Oldham Community Leisure,FacilityUse,organizer,0.0,6
opendata.leisurecloud.live,Oldham Community Leisure,FacilityUse,offers,1.0,6
opendata.leisurecloud.live,Oldham Community Leisure,FacilityUse,location,1.0,6
opendata.leisurecloud.live,Oldham Community Leisure,FacilityUse,name,1.0,6
opendata.leisurecloud.live,Oldham Community Leisure,FacilityUse,description,1.0,6
opendata.leisurecloud.live,Oldham Community Leisure,FacilityUse,eventSchedule,0.0,6
opendata.leisurecloud.live,Oldham Community Leisure,FacilityUse,ageRange,0.0,6
opendata.leisurecloud.live,Oldham Community Leisure,FacilityUse,genderRestriction,0.0,6
opendata.leisurecloud.live,Oldham Community Leisure,FacilityUse,level,0.0,6
opendata.leisurecloud.live,Oldham Community Leisure,FacilityUse,url,1.0,6
opendata.leisurecloud.live,Oldham Community Leisure,FacilityUse,attendeeInstructions,1.0,6
opendata.leisurecloud.live,Oldham Community Leisure,FacilityUse,superEvent,0.0,6
opendata.leisurecloud.live,Oldham Community Leisure,Slot,activity,0.0,500
opendata.leisurecloud.live,Oldham Community Leisure,Slot,category,0.0,500
opendata.leisurecloud.live,Oldham Community Leisure,Slot,organizer,0.0,500
opendata.leisurecloud.live,Oldham Community Leisure,Slot,offers,1.0,500
opendata.leisurecloud.live,Oldham Community Leisure,Slot,location,0.0,500
opendata.leisurecloud.live,Oldham Community Leisure,Slot,name,0.0,500
opendata.leisurecloud.live,Oldham Community Leisure,Slot,description,0.0,500
opendata.leisurecloud.live,Oldham Community Leisure,Slot,eventSchedule,0.0,500
opendata.leisurecloud.live,Oldham Community Leisure,Slot,ageRange,0.0,500
opendata.leisurecloud.live,Oldham Community Leisure,Slot,genderRestriction,0.0,500
opendata.leisurecloud.live,Oldham Community Leisure,Slot,level,0.0,500
opendata.leisurecloud.live,Oldham Community Leisure,Slot,url,0.0,500
opendata.leisurecloud.live,Oldham Community Leisure,Slot,attendeeInstructions,0.0,500
opendata.leisurecloud.live,Oldham Community Leisure,Slot,superEvent,0.0,500
opendata.leisurecloud.live,Oldham Community Leisure,Slot,activity,0.0,499
opendata.leisurecloud.live,Oldham Community Leisure,Slot,category,0.0,499
opendata.leisurecloud.live,Oldham Community Leisure,Slot,organizer,0.0,499
opendata.leisurecloud.live,Oldham Community Leisure,Slot,offers,1.0,499
opendata.leisurecloud.live,Oldham Community Leisure,Slot,location,0.0,499
opendata.leisurecloud.live,Oldham Community Leisure,Slot,name,0.0,499
opendata.leisurecloud.live,Oldham Community Leisure,Slot,description,0.0,499
opendata.leisurecloud.live,Oldham Community Leisure,Slot,eventSchedule,0.0,499
opendata.leisurecloud.live,Oldham Community Leisure,Slot,ageRange,0.0,499
opendata.leisurecloud.live,Oldham Community Leisure,Slot,genderRestriction,0.0,499
opendata.leisurecloud.live,Oldham Community Leisure,Slot,level,0.0,499
opendata.leisurecloud.live,Oldham Community Leisure,Slot,url,0.0,499
opendata.leisurecloud.live,Oldham Community Leisure,Slot,attendeeInstructions,0.0,499
opendata.leisurecloud.live,Oldham Community Leisure,Slot,superEvent,0.0,499
opendata.leisurecloud.live,Huntingdonshire District Council,SessionSeries,activity,0.0,480
opendata.leisurecloud.live,Huntingdonshire District Council,SessionSeries,category,1.0,480
opendata.leisurecloud.live,Huntingdonshire District Council,SessionSeries,organizer,0.2154,480
opendata.leisurecloud.live,Huntingdonshire District Council,SessionSeries,offers,0.9595,480
opendata.leisurecloud.live,Huntingdonshire District Council,SessionSeries,location,1.0,480
opendata.leisurecloud.live,Huntingdonshire District Council,SessionSeries,name,1.0,480
opendata.leisurecloud.live,Huntingdonshire District Council,SessionSeries,description,0.0,480
opendata.leisurecloud.live,Huntingdonshire District Council,SessionSeries,eventSchedule,1.0,480
opendata.leisurecloud.live,Huntingdonshire District Council,SessionSeries,ageRange,0.0,480
opendata.leisurecloud.live,Huntingdonshire District Council,SessionSeries,genderRestriction,0.2154,480
opendata.leisurecloud.live,Huntingdonshire District Council,SessionSeries,level,0.0,480
opendata.leisurecloud.live,Huntingdonshire District Council,SessionSeries,url,1.0,480
opendata.leisurecloud.live,Huntingdonshire District Council,SessionSeries,attendeeInstructions,0.8102,480
opendata.leisurecloud.live,Huntingdonshire District Council,SessionSeries,superEvent,0.7846,480
opendata.leisurecloud.live,Huntingdonshire District Council,ScheduledSession,activity,0.0,500
opendata.leisurecloud.live,Huntingdonshire District Council,ScheduledSession,category,0.0,500
opendata.leisurecloud.live,Huntingdonshire District Council,ScheduledSession,organizer,0.0,500
opendata.leisurecloud.live,Huntingdonshire District Council,ScheduledSession,offers,0.0,500
opendata.leisurecloud.live,Huntingdonshire District Council,ScheduledSession,location,0.0,500
opendata.leisurecloud.live,Huntingdonshire District Council,ScheduledSession,name,0.0,500
opendata.leisurecloud.live,Huntingdonshire District Council,ScheduledSession,description,0.0,500
opendata.leisurecloud.live,Huntingdonshire District Council,ScheduledSession,eventSchedule,0.0,500
opendata.leisurecloud.live,Huntingdonshire District Council,ScheduledSession,ageRange,0.0,500
opendata.leisurecloud.live,Huntingdonshire District Council,ScheduledSession,genderRestriction,0.0,500
opendata.leisurecloud.live,Huntingdonshire District Council,ScheduledSession,level,0.0,500
opendata.leisurecloud.live,Huntingdonshire District Council,ScheduledSession,url,0.0,500
opendata.leisurecloud.live,Huntingdonshire District Council,ScheduledSession,attendeeInstructions,0.0,500
opendata.leisurecloud.live,Huntingdonshire District Council,ScheduledSession,superEvent,1.0,500
opendata.leisurecloud.live,Huntingdonshire District Council,ScheduledSession,activity,0.0,499
opendata.leisurecloud.live,Huntingdonshire District Council,ScheduledSession,category,0.0,499
opendata.leisurecloud.live,Huntingdonshire District Council,ScheduledSession,organizer,0.0,499
opendata.leisurecloud.live,Huntingdonshire District Council,ScheduledSession,offers,0.0,499
opendata.leisurecloud.live,Huntingdonshire District Council,ScheduledSession,location,0.0,499
opendata.leisurecloud.live,Huntingdonshire District Council,ScheduledSession,name,0.0,499
opendata.leisurecloud.live,Huntingdonshire District Council,ScheduledSession,description,0.0,499
opendata.leisurecloud.live,Huntingdonshire District Council,ScheduledSession,eventSchedule,0.0,499
opendata.leisurecloud.live,Huntingdonshire District Council,ScheduledSession,ageRange,0.0,499
opendata.leisurecloud.live,Huntingdonshire District Council,ScheduledSession,genderRestriction,0.0,499
opendata.leisurecloud.live,Huntingdonshire District Council,ScheduledSession,level,0.0,499
opendata.leisurecloud.live,Huntingdonshire District Council,ScheduledSession,url,0.0,499
opendata.leisurecloud.live,Huntingdonshire District Council,ScheduledSession,attendeeInstructions,0.0,499
opendata.leisurecloud.live,Huntingdonshire District Council,ScheduledSession,superEvent,1.0,499
opendata.leisurecloud.live,Huntingdonshire District Council,FacilityUse,activity,0.7473,91
opendata.leisurecloud.live,Huntingdonshire District Council,FacilityUse,category,1.0,91
opendata.leisurecloud.live,Huntingdonshire District Council,FacilityUse,organizer,0.0,91
opendata.leisurecloud.live,Huntingdonshire District Council,FacilityUse,offers,0.9341,91
opendata.leisurecloud.live,Huntingdonshire District Council,FacilityUse,location,1.0,91
opendata.leisurecloud.live,Huntingdonshire District Council,FacilityUse,name,1.0,91
opendata.leisurecloud.live,Huntingdonshire District Council,FacilityUse,description,0.7473,91
opendata.leisurecloud.live,Huntingdonshire District Council,FacilityUse,eventSchedule,0.0,91
opendata.leisurecloud.live,Huntingdonshire District Council,FacilityUse,ageRange,0.0,91
opendata.leisurecloud.live,Huntingdonshire District Council,FacilityUse,genderRestriction,0.0,91
opendata.leisurecloud.live,Huntingdonshire District Council,FacilityUse,level,0.0,91
opendata.leisurecloud.live,Huntingdonshire District Council,FacilityUse,url,1.0,91
opendata.leisurecloud.live,Huntingdonshire District Council,FacilityUse,attendeeInstructions,0.5165,91
opendata.leisurecloud.live,Huntingdonshire District Council,FacilityUse,superEvent,0.0,91
opendata.leisurecloud.live,Huntingdonshire District Council,Slot,activity,0.0,500
opendata.leisurecloud.live,Huntingdonshire District Council,Slot,category,0.0,500
opendata.leisurecloud.live,Huntingdonshire District Council,Slot,organizer,0.0,500
opendata.leisurecloud.live,Huntingdonshire District Council,Slot,offers,1.0,500
opendata.leisurecloud.live,Huntingdonshire District Council,Slot,location,0.0,500
opendata.leisurecloud.live,Huntingdonshire District Council,Slot,name,0.0,500
opendata.leisurecloud.live,Huntingdonshire District Council,Slot,description,0.0,500
opendata.leisurecloud.live,Huntingdonshire District Council,Slot,eventSchedule,0.0,500
opendata.leisurecloud.live,Huntingdonshire District Council,Slot,ageRange,0.0,500
opendata.leisurecloud.live,Huntingdonshire District Council,Slot,genderRestriction,0.0,500
opendata.leisurecloud.live,Huntingdonshire District Council,Slot,level,0.0,500
opendata.leisurecloud.live,Huntingdonshire District Council,Slot,url,0.0,500
opendata.leisurecloud.live,Huntingdonshire District Council,Slot,attendeeInstructions,0.0,500
opendata.leisurecloud.live,Huntingdonshire District Council,Slot,superEvent,0.0,500
opendata.leisurecloud.live,Huntingdonshire District Council,Slot,activity,0.0,499
opendata.leisurecloud.live,Huntingdonshire District Council,Slot,category,0.0,499
opendata.leisurecloud.live,Huntingdonshire District Council,Slot,organizer,0.0,499
opendata.leisurecloud.live,Huntingdonshire District Council,Slot,offers,1.0,499
opendata.leisurecloud.live,Huntingdonshire District Council,Slot,location,0.0,499
opendata.leisurecloud.live,Huntingdonshire District Council,Slot,name,0.0,499
opendata.leisurecloud.live,Huntingdonshire District Council,Slot,description,0.0,499
opendata.leisurecloud.live,Huntingdonshire District Council,Slot,eventSchedule,0.0,499
opendata.leisurecloud.live,Huntingdonshire District Council,Slot,ageRange,0.0,499
opendata.leisurecloud.live,Huntingdonshire District Council,Slot,genderRestriction,0.0,499
opendata.leisurecloud.live,Huntingdonshire District Council,Slot,level,0.0,499
opendata.leisurecloud.live,Huntingdonshire District Council,Slot,url,0.0,499
opendata.leisurecloud.live,Huntingdonshire District Council,Slot,attendeeInstructions,0.0,499
opendata.leisurecloud.live,Huntingdonshire District Council,Slot,superEvent,0.0,499
opendata.leisurecloud.live,Oxford University,SessionSeries,activity,0.0,53
opendata.leisurecloud.live,Oxford University,SessionSeries,category,1.0,53
opendata.leisurecloud.live,Oxford University,SessionSeries,organizer,0.8824,53
opendata.leisurecloud.live,Oxford University,SessionSeries,offers,1.0,53
opendata.leisurecloud.live,Oxford University,SessionSeries,location,1.0,53
opendata.leisurecloud.live,Oxford University,SessionSeries,name,1.0,53
opendata.leisurecloud.live,Oxford University,SessionSeries,description,0.0,53
opendata.leisurecloud.live,Oxford University,SessionSeries,eventSchedule,1.0,53
opendata.leisurecloud.live,Oxford University,SessionSeries,ageRange,0.0,53
opendata.leisurecloud.live,Oxford University,SessionSeries,genderRestriction,0.8824,53
opendata.leisurecloud.live,Oxford University,SessionSeries,level,0.0,53
opendata.leisurecloud.live,Oxford University,SessionSeries,url,1.0,53
opendata.leisurecloud.live,Oxford University,SessionSeries,attendeeInstructions,0.2941,53
opendata.leisurecloud.live,Oxford University,SessionSeries,superEvent,0.1176,53
opendata.leisurecloud.live,Oxford University,ScheduledSession,activity,0.0,67
opendata.leisurecloud.live,Oxford University,ScheduledSession,category,0.0,67
opendata.leisurecloud.live,Oxford University,ScheduledSession,organizer,0.0,67
opendata.leisurecloud.live,Oxford University,ScheduledSession,offers,0.0,67
opendata.leisurecloud.live,Oxford University,ScheduledSession,location,0.0,67
opendata.leisurecloud.live,Oxford University,ScheduledSession,name,0.0,67
opendata.leisurecloud.live,Oxford University,ScheduledSession,description,0.0,67
opendata.leisurecloud.live,Oxford University,ScheduledSession,eventSchedule,0.0,67
opendata.leisurecloud.live,Oxford University,ScheduledSession,ageRange,0.0,67
opendata.leisurecloud.live,Oxford University,ScheduledSession,genderRestriction,0.0,67
opendata.leisurecloud.live,Oxford University,ScheduledSession,level,0.0,67
opendata.leisurecloud.live,Oxford University,ScheduledSession,url,0.0,67
opendata.leisurecloud.live,Oxford University,ScheduledSession,attendeeInstructions,0.0,67
opendata.leisurecloud.live,Oxford University,ScheduledSession,superEvent,1.0,67
opendata.leisurecloud.live,Oxford University,ScheduledSession,activity,0.0,32
opendata.leisurecloud.live,Oxford University,ScheduledSession,category,0.0,32
opendata.leisurecloud.live,Oxford University,ScheduledSession,organizer,0.0,32
opendata.leisurecloud.live,Oxford University,ScheduledSession,offers,0.0,32
opendata.leisurecloud.live,Oxford University,ScheduledSession,location,0.0,32
opendata.leisurecloud.live,Oxford University,ScheduledSession,name,0.0,32
opendata.leisurecloud.live,Oxford University,ScheduledSession,description,0.0,32
opendata.leisurecloud.live,Oxford University,ScheduledSession,eventSchedule,0.0,32
opendata.leisurecloud.live,Oxford University,ScheduledSession,ageRange,0.0,32
opendata.leisurecloud.live,Oxford University,ScheduledSession,genderRestriction,0.0,32
opendata.leisurecloud.live,Oxford University,ScheduledSession,level,0.0,32
opendata.leisurecloud.live,Oxford University,ScheduledSession,url,0.0,32
opendata.leisurecloud.live,Oxford University,ScheduledSession,attendeeInstructions,0.0,32
opendata.leisurecloud.live,Oxford University,ScheduledSession,superEvent,1.0,32
opendata.leisurecloud.live,Oxford University,FacilityUse,activity,0.48,50
opendata.leisurecloud.live,Oxford University,FacilityUse,category,1.0,50
opendata.leisurecloud.live,Oxford University,FacilityUse,organizer,0.0,50
opendata.leisurecloud.live,Oxford University,FacilityUse,offers,0.98,50
opendata.leisurecloud.live,Oxford University,FacilityUse,location,1.0,50
opendata.leisurecloud.live,Oxford University,FacilityUse,name,1.0,50
opendata.leisurecloud.live,Oxford University,FacilityUse,description,0.32,50
opendata.leisurecloud.live,Oxford University,FacilityUse,eventSchedule,0.0,50
opendata.leisurecloud.live,Oxford University,FacilityUse,ageRange,0.0,50
opendata.leisurecloud.live,Oxford University,FacilityUse,genderRestriction,0.0,50
opendata.leisurecloud.live,Oxford University,FacilityUse,level,0.0,50
opendata.leisurecloud.live,Oxford University,FacilityUse,url,1.0,50
opendata.leisurecloud.live,Oxford University,FacilityUse,attendeeInstructions,1.0,50
opendata.leisurecloud.live,Oxford University,FacilityUse,superEvent,0.0,50
opendata.leisurecloud.live,Oxford University,Slot,activity,0.0,500
opendata.leisurecloud.live,Oxford University,Slot,category,0.0,500
opendata.leisurecloud.live,Oxford University,Slot,organizer,0.0,500
opendata.leisurecloud.live,Oxford University,Slot,offers,1.0,500
opendata.leisurecloud.live,Oxford University,Slot,location,0.0,500
opendata.leisurecloud.live,Oxford University,Slot,name,0.0,500
opendata.leisurecloud.live,Oxford University,Slot,description,0.0,500
opendata.leisurecloud.live,Oxford University,Slot,eventSchedule,0.0,500
opendata.leisurecloud.live,Oxford University,Slot,ageRange,0.0,500
opendata.leisurecloud.live,Oxford University,Slot,genderRestriction,0.0,500
opendata.leisurecloud.live,Oxford University,Slot,level,0.0,500
opendata.leisurecloud.live,Oxford University,Slot,url,0.0,500
opendata.leisurecloud.live,Oxford University,Slot,attendeeInstructions,0.0,500
opendata.leisurecloud.live,Oxford University,Slot,superEvent,0.0,500
opendata.leisurecloud.live,Oxford University,Slot,activity,0.0,499
opendata.leisurecloud.live,Oxford University,Slot,category,0.0,499
opendata.leisurecloud.live,Oxford University,Slot,organizer,0.0,499
opendata.leisurecloud.live,Oxford University,Slot,offers,1.0,499
opendata.leisurecloud.live,Oxford University,Slot,location,0.0,499
opendata.leisurecloud.live,Oxford University,Slot,name,0.0,499
opendata.leisurecloud.live,Oxford University,Slot,description,0.0,499
opendata.leisurecloud.live,Oxford University,Slot,eventSchedule,0.0,499
opendata.leisurecloud.live,Oxford University,Slot,ageRange,0.0,499
opendata.leisurecloud.live,Oxford University,Slot,genderRestriction,0.0,499
opendata.leisurecloud.live,Oxford University,Slot,level,0.0,499
opendata.leisurecloud.live,Oxford University,Slot,url,0.0,499
opendata.leisurecloud.live,Oxford University,Slot,attendeeInstructions,0.0,499
opendata.leisurecloud.live,Oxford University,Slot,superEvent,0.0,499
opendata.leisurecloud.live,Places Leisure,CourseInstance,activity,0.0,3
opendata.leisurecloud.live,Places Leisure,CourseInstance,category,1.0,3
opendata.leisurecloud.live,Places Leisure,CourseInstance,organizer,1.0,3
opendata.leisurecloud.live,Places Leisure,CourseInstance,offers,1.0,3
opendata.leisurecloud.live,Places Leisure,CourseInstance,location,1.0,3
opendata.leisurecloud.live,Places Leisure,CourseInstance,name,1.0,3
opendata.leisurecloud.live,Places Leisure,CourseInstance,description,0.0,3
opendata.leisurecloud.live,Places Leisure,CourseInstance,eventSchedule,0.0,3
opendata.leisurecloud.live,Places Leisure,CourseInstance,ageRange,0.0,3
opendata.leisurecloud.live,Places Leisure,CourseInstance,genderRestriction,0.0,3
opendata.leisurecloud.live,Places Leisure,CourseInstance,level,0.0,3
opendata.leisurecloud.live,Places Leisure,CourseInstance,url,1.0,3
opendata.leisurecloud.live,Places Leisure,CourseInstance,attendeeInstructions,1.0,3
opendata.leisurecloud.live,Places Leisure,CourseInstance,superEvent,0.0,3
opendata.leisurecloud.live,Places Leisure,SessionSeries,activity,0.0,500
opendata.leisurecloud.live,Places Leisure,SessionSeries,category,1.0,500
opendata.leisurecloud.live,Places Leisure,SessionSeries,organizer,0.018,500
opendata.leisurecloud.live,Places Leisure,SessionSeries,offers,1.0,500
opendata.leisurecloud.live,Places Leisure,SessionSeries,location,1.0,500
opendata.leisurecloud.live,Places Leisure,SessionSeries,name,1.0,500
opendata.leisurecloud.live,Places Leisure,SessionSeries,description,0.0,500
opendata.leisurecloud.live,Places Leisure,SessionSeries,eventSchedule,1.0,500
opendata.leisurecloud.live,Places Leisure,SessionSeries,ageRange,0.0,500
opendata.leisurecloud.live,Places Leisure,SessionSeries,genderRestriction,0.018,500
opendata.leisurecloud.live,Places Leisure,SessionSeries,level,0.0,500
opendata.leisurecloud.live,Places Leisure,SessionSeries,url,1.0,500
opendata.leisurecloud.live,Places Leisure,SessionSeries,attendeeInstructions,0.998,500
opendata.leisurecloud.live,Places Leisure,SessionSeries,superEvent,0.982,500
opendata.leisurecloud.live,Places Leisure,SessionSeries,activity,0.0,499
opendata.leisurecloud.live,Places Leisure,SessionSeries,category,1.0,499
opendata.leisurecloud.live,Places Leisure,SessionSeries,organizer,0.3427,499
opendata.leisurecloud.live,Places Leisure,SessionSeries,offers,0.994,499
opendata.leisurecloud.live,Places Leisure,SessionSeries,location,1.0,499
opendata.leisurecloud.live,Places Leisure,SessionSeries,name,1.0,499
opendata.leisurecloud.live,Places Leisure,SessionSeries,description,0.0,499
opendata.leisurecloud.live,Places Leisure,SessionSeries,eventSchedule,1.0,499
opendata.leisurecloud.live,Places Leisure,SessionSeries,ageRange,0.0,499
opendata.leisurecloud.live,Places Leisure,SessionSeries,genderRestriction,0.3427,499
opendata.leisurecloud.live,Places Leisure,SessionSeries,level,0.0,499
opendata.leisurecloud.live,Places Leisure,SessionSeries,url,1.0,499
opendata.leisurecloud.live,Places Leisure,SessionSeries,attendeeInstructions,0.996,499
opendata.leisurecloud.live,Places Leisure,SessionSeries,superEvent,0.6573,499
opendata.leisurecloud.live,Places Leisure,ScheduledSession,activity,0.0,500
opendata.leisurecloud.live,Places Leisure,ScheduledSession,category,0.0,500
opendata.leisurecloud.live,Places Leisure,ScheduledSession,organizer,0.0,500
opendata.leisurecloud.live,Places Leisure,ScheduledSession,offers,0.0,500
opendata.leisurecloud.live,Places Leisure,ScheduledSession,location,0.0,500
opendata.leisurecloud.live,Places Leisure,ScheduledSession,name,0.0,500
opendata.leisurecloud.live,Places Leisure,ScheduledSession,description,0.0,500
opendata.leisurecloud.live,Places Leisure,ScheduledSession,eventSchedule,0.0,500
opendata.leisurecloud.live,Places Leisure,ScheduledSession,ageRange,0.0,500
opendata.leisurecloud.live,Places Leisure,ScheduledSession,genderRestriction,0.0,500
opendata.leisurecloud.live,Places Leisure,ScheduledSession,level,0.0,500
opendata.leisurecloud.live,Places Leisure,ScheduledSession,url,0.0,500
opendata.leisurecloud.live,Places Leisure,ScheduledSession,attendeeInstructions,0.0,500
opendata.leisurecloud.live,Places Leisure,ScheduledSession,superEvent,1.0,500
opendata.leisurecloud.live,Places Leisure,ScheduledSession,activity,0.0,499
opendata.leisurecloud.live,Places Leisure,ScheduledSession,category,0.0,499
opendata.leisurecloud.live,Places Leisure,ScheduledSession,organizer,0.0,499
opendata.leisurecloud.live,Places Leisure,ScheduledSession,offers,0.0,499
opendata.leisurecloud.live,Places Leisure,ScheduledSession,location,0.0,499
opendata.leisurecloud.live,Places Leisure,ScheduledSession,name,0.0,499
opendata.leisurecloud.live,Places Leisure,ScheduledSession,description,0.0,499
opendata.leisurecloud.live,Places Leisure,ScheduledSession,eventSchedule,0.0,499
opendata.leisurecloud.live,Places Leisure,ScheduledSession,ageRange,0.0,499
opendata.leisurecloud.live,Places Leisure,ScheduledSession,genderRestriction,0.0,499
opendata.leisurecloud.live,Places Leisure,ScheduledSession,level,0.0,499
opendata.leisurecloud.live,Places Leisure,ScheduledSession,url,0.0,499
opendata.leisurecloud.live,Places Leisure,ScheduledSession,attendeeInstructions,0.0,499
opendata.leisurecloud.live,Places Leisure,ScheduledSession,superEvent,1.0,499
opendata.leisurecloud.live,Places Leisure,FacilityUse,activity,0.546,500
opendata.leisurecloud.live,Places Leisure,FacilityUse,category,1.0,500
opendata.leisurecloud.live,Places Leisure,FacilityUse,organizer,0.0,500
opendata.leisurecloud.live,Places Leisure,FacilityUse,offers,0.992,500
opendata.leisurecloud.live,Places Leisure,FacilityUse,location,1.0,500
opendata.leisurecloud.live,Places Leisure,FacilityUse,name,1.0,500
opendata.leisurecloud.live,Places Leisure,FacilityUse,description,0.53,500
opendata.leisurecloud.live,Places Leisure,FacilityUse,eventSchedule,0.0,500
opendata.leisurecloud.live,Places Leisure,FacilityUse,ageRange,0.0,500
opendata.leisurecloud.live,Places Leisure,FacilityUse,genderRestriction,0.0,500
opendata.leisurecloud.live,Places Leisure,FacilityUse,level,0.0,500
opendata.leisurecloud.live,Places Leisure,FacilityUse,url,1.0,500
opendata.leisurecloud.live,Places Leisure,FacilityUse,attendeeInstructions,0.956,500
opendata.leisurecloud.live,Places Leisure,FacilityUse,superEvent,0.0,500
opendata.leisurecloud.live,Places Leisure,FacilityUse,activity,0.5451,271
opendata.leisurecloud.live,Places Leisure,FacilityUse,category,1.0,271
opendata.leisurecloud.live,Places Leisure,FacilityUse,organizer,0.0,271
opendata.leisurecloud.live,Places Leisure,FacilityUse,offers,1.0,271
opendata.leisurecloud.live,Places Leisure,FacilityUse,location,1.0,271
opendata.leisurecloud.live,Places Leisure,FacilityUse,name,1.0,271
opendata.leisurecloud.live,Places Leisure,FacilityUse,description,0.5113,271
opendata.leisurecloud.live,Places Leisure,FacilityUse,eventSchedule,0.0,271
opendata.leisurecloud.live,Places Leisure,FacilityUse,ageRange,0.0,271
opendata.leisurecloud.live,Places Leisure,FacilityUse,genderRestriction,0.0,271
opendata.leisurecloud.live,Places Leisure,FacilityUse,level,0.0,271
opendata.leisurecloud.live,Places Leisure,FacilityUse,url,1.0,271
opendata.leisurecloud.live,Places Leisure,FacilityUse,attendeeInstructions,0.9436,271
opendata.leisurecloud.live,Places Leisure,FacilityUse,superEvent,0.0,271
opendata.leisurecloud.live,Places Leisure,Slot,activity,0.0,500
opendata.leisurecloud.live,Places Leisure,Slot,category,0.0,500
opendata.leisurecloud.live,Places Leisure,Slot,organizer,0.0,500
opendata.leisurecloud.live,Places Leisure,Slot,offers,1.0,500
opendata.leisurecloud.live,Places Leisure,Slot,location,0.0,500
opendata.leisurecloud.live,Places Leisure,Slot,name,0.0,500
opendata.leisurecloud.live,Places Leisure,Slot,description,0.0,500
opendata.leisurecloud.live,Places Leisure,Slot,eventSchedule,0.0,500
opendata.leisurecloud.live,Places Leisure,Slot,ageRange,0.0,500
opendata.leisurecloud.live,Places Leisure,Slot,genderRestriction,0.0,500
opendata.leisurecloud.live,Places Leisure,Slot,level,0.0,500
opendata.leisurecloud.live,Places Leisure,Slot,url,0.0,500
opendata.leisurecloud.live,Places Leisure,Slot,attendeeInstructions,0.0,500
opendata.leisurecloud.live,Places Leisure,Slot,superEvent,0.0,500
opendata.leisurecloud.live,Places Leisure,Slot,activity,0.0,499
opendata.leisurecloud.live,Places Leisure,Slot,category,0.0,499
opendata.leisurecloud.live,Places Leisure,Slot,organizer,0.0,499
opendata.leisurecloud.live,Places Leisure,Slot,offers,1.0,499
opendata.leisurecloud.live,Places Leisure,Slot,location,0.0,499
opendata.leisurecloud.live,Places Leisure,Slot,name,0.0,499
opendata.leisurecloud.live,Places Leisure,Slot,description,0.0,499
opendata.leisurecloud.live,Places Leisure,Slot,eventSchedule,0.0,499
opendata.leisurecloud.live,Places Leisure,Slot,ageRange,0.0,499
opendata.leisurecloud.live,Places Leisure,Slot,genderRestriction,0.0,499
opendata.leisurecloud.live,Places Leisure,Slot,level,0.0,499
opendata.leisurecloud.live,Places Leisure,Slot,url,0.0,499
opendata.leisurecloud.live,Places Leisure,Slot,attendeeInstructions,0.0,499
opendata.leisurecloud.live,Places Leisure,Slot,superEvent,0.0,499
opendata.leisurecloud.live,Plymouth Active,SessionSeries,activity,0.0,500
opendata.leisurecloud.live,Plymouth Active,SessionSeries,category,1.0,500
opendata.leisurecloud.live,Plymouth Active,SessionSeries,organizer,0.14,500
opendata.leisurecloud.live,Plymouth Active,SessionSeries,offers,0.884,500
opendata.leisurecloud.live,Plymouth Active,SessionSeries,location,1.0,500
opendata.leisurecloud.live,Plymouth Active,SessionSeries,name,1.0,500
opendata.leisurecloud.live,Plymouth Active,SessionSeries,description,0.0,500
opendata.leisurecloud.live,Plymouth Active,SessionSeries,eventSchedule,1.0,500
opendata.leisurecloud.live,Plymouth Active,SessionSeries,ageRange,0.0,500
opendata.leisurecloud.live,Plymouth Active,SessionSeries,genderRestriction,0.128,500
opendata.leisurecloud.live,Plymouth Active,SessionSeries,level,0.0,500
opendata.leisurecloud.live,Plymouth Active,SessionSeries,url,1.0,500
opendata.leisurecloud.live,Plymouth Active,SessionSeries,attendeeInstructions,0.68,500
opendata.leisurecloud.live,Plymouth Active,SessionSeries,superEvent,0.86,500
opendata.leisurecloud.live,Plymouth Active,SessionSeries,activity,0.0,131
opendata.leisurecloud.live,Plymouth Active,SessionSeries,category,1.0,131
opendata.leisurecloud.live,Plymouth Active,SessionSeries,organizer,0.2727,131
opendata.leisurecloud.live,Plymouth Active,SessionSeries,offers,0.9,131
opendata.leisurecloud.live,Plymouth Active,SessionSeries,location,1.0,131
opendata.leisurecloud.live,Plymouth Active,SessionSeries,name,1.0,131
opendata.leisurecloud.live,Plymouth Active,SessionSeries,description,0.0,131
opendata.leisurecloud.live,Plymouth Active,SessionSeries,eventSchedule,1.0,131
opendata.leisurecloud.live,Plymouth Active,SessionSeries,ageRange,0.0,131
opendata.leisurecloud.live,Plymouth Active,SessionSeries,genderRestriction,0.2091,131
opendata.leisurecloud.live,Plymouth Active,SessionSeries,level,0.0,131
opendata.leisurecloud.live,Plymouth Active,SessionSeries,url,1.0,131
opendata.leisurecloud.live,Plymouth Active,SessionSeries,attendeeInstructions,0.8818,131
opendata.leisurecloud.live,Plymouth Active,SessionSeries,superEvent,0.7273,131
opendata.leisurecloud.live,Plymouth Active,ScheduledSession,activity,0.0,500
opendata.leisurecloud.live,Plymouth Active,ScheduledSession,category,0.0,500
opendata.leisurecloud.live,Plymouth Active,ScheduledSession,organizer,0.0,500
opendata.leisurecloud.live,Plymouth Active,ScheduledSession,offers,0.0,500
opendata.leisurecloud.live,Plymouth Active,ScheduledSession,location,0.0,500
opendata.leisurecloud.live,Plymouth Active,ScheduledSession,name,0.0,500
opendata.leisurecloud.live,Plymouth Active,ScheduledSession,description,0.0,500
opendata.leisurecloud.live,Plymouth Active,ScheduledSession,eventSchedule,0.0,500
opendata.leisurecloud.live,Plymouth Active,ScheduledSession,ageRange,0.0,500
opendata.leisurecloud.live,Plymouth Active,ScheduledSession,genderRestriction,0.0,500
opendata.leisurecloud.live,Plymouth Active,ScheduledSession,level,0.0,500
opendata.leisurecloud.live,Plymouth Active,ScheduledSession,url,0.0,500
opendata.leisurecloud.live,Plymouth Active,ScheduledSession,attendeeInstructions,0.0,500
opendata.leisurecloud.live,Plymouth Active,ScheduledSession,superEvent,1.0,500
opendata.leisurecloud.live,Plymouth Active,ScheduledSession,activity,0.0,499
opendata.leisurecloud.live,Plymouth Active,ScheduledSession,category,0.0,499
opendata.leisurecloud.live,Plymouth Active,ScheduledSession,organizer,0.0,499
opendata.leisurecloud.live,Plymouth Active,ScheduledSession,offers,0.0,499
opendata.leisurecloud.live,Plymouth Active,ScheduledSession,location,0.0,499
opendata.leisurecloud.live,Plymouth Active,ScheduledSession,name,0.0,499
opendata.leisurecloud.live,Plymouth Active,ScheduledSession,description,0.0,499
opendata.leisurecloud.live,Plymouth Active,ScheduledSession,eventSchedule,0.0,499
opendata.leisurecloud.live,Plymouth Active,ScheduledSession,ageRange,0.0,499
opendata.leisurecloud.live,Plymouth Active,ScheduledSession,genderRestriction,0.0,499
opendata.leisurecloud.live,Plymouth Active,ScheduledSession,level,0.0,499
opendata.leisurecloud.live,Plymouth Active,ScheduledSession,url,0.0,499
opendata.leisurecloud.live,Plymouth Active,ScheduledSession,attendeeInstructions,0.0,499
opendata.leisurecloud.live,Plymouth Active,ScheduledSession,superEvent,1.0,499
opendata.leisurecloud.live,Plymouth Active,FacilityUse,activity,0.0,23
opendata.leisurecloud.live,Plymouth Active,FacilityUse,category,1.0,23
opendata.leisurecloud.live,Plymouth Active,FacilityUse,organizer,0.0,23
opendata.leisurecloud.live,Plymouth Active,FacilityUse,offers,0.8182,23
opendata.leisurecloud.live,Plymouth Active,FacilityUse,location,1.0,23
opendata.leisurecloud.live,Plymouth Active,FacilityUse,name,1.0,23
opendata.leisurecloud.live,Plymouth Active,FacilityUse,description,0.0,23
opendata.leisurecloud.live,Plymouth Active,FacilityUse,eventSchedule,0.0,23
opendata.leisurecloud.live,Plymouth Active,FacilityUse,ageRange,0.0,23
opendata.leisurecloud.live,Plymouth Active,FacilityUse,genderRestriction,0.0,23
opendata.leisurecloud.live,Plymouth Active,FacilityUse,level,0.0,23
opendata.leisurecloud.live,Plymouth Active,FacilityUse,url,1.0,23
opendata.leisurecloud.live,Plymouth Active,FacilityUse,attendeeInstructions,0.0455,23
opendata.leisurecloud.live,Plymouth Active,FacilityUse,superEvent,0.0,23
opendata.leisurecloud.live,Plymouth Active,Slot,activity,0.0,500
opendata.leisurecloud.live,Plymouth Active,Slot,category,0.0,500
opendata.leisurecloud.live,Plymouth Active,Slot,organizer,0.0,500
opendata.leisurecloud.live,Plymouth Active,Slot,offers,1.0,500
opendata.leisurecloud.live,Plymouth Active,Slot,location,0.0,500
opendata.leisurecloud.live,Plymouth Active,Slot,name,0.0,500
opendata.leisurecloud.live,Plymouth Active,Slot,description,0.0,500
opendata.leisurecloud.live,Plymouth Active,Slot,eventSchedule,0.0,500
opendata.leisurecloud.live,Plymouth Active,Slot,ageRange,0.0,500
opendata.leisurecloud.live,Plymouth Active,Slot,genderRestriction,0.0,500
opendata.leisurecloud.live,Plymouth Active,Slot,level,0.0,500
opendata.leisurecloud.live,Plymouth Active,Slot,url,0.0,500
opendata.leisurecloud.live,Plymouth Active,Slot,attendeeInstructions,0.0,500
opendata.leisurecloud.live,Plymouth Active,Slot,superEvent,0.0,500
opendata.leisurecloud.live,Plymouth Active,Slot,activity,0.0,499
opendata.leisurecloud.live,Plymouth Active,Slot,category,0.0,499
opendata.leisurecloud.live,Plymouth Active,Slot,organizer,0.0,499
opendata.leisurecloud.live,Plymouth Active,Slot,offers,1.0,499
opendata.leisurecloud.live,Plymouth Active,Slot,location,0.0,499
opendata.leisurecloud.live,Plymouth Active,Slot,name,0.0,499
opendata.leisurecloud.live,Plymouth Active,Slot,description,0.0,499
opendata.leisurecloud.live,Plymouth Active,Slot,eventSchedule,0.0,499
opendata.leisurecloud.live,Plymouth Active,Slot,ageRange,0.0,499
opendata.leisurecloud.live,Plymouth Active,Slot,genderRestriction,0.0,499
opendata.leisurecloud.live,Plymouth Active,Slot,level,0.0,499
opendata.leisurecloud.live,Plymouth Active,Slot,url,0.0,499
opendata.leisurecloud.live,Plymouth Active,Slot,attendeeInstructions,0.0,499
opendata.leisurecloud.live,Plymouth Active,Slot,superEvent,0.0,499
opendata.leisurecloud.live,Rivers Fitness,SessionSeries,activity,0.0,500
opendata.leisurecloud.live,Rivers Fitness,SessionSeries,category,1.0,500
opendata.leisurecloud.live,Rivers Fitness,SessionSeries,organizer,0.474,500
opendata.leisurecloud.live,Rivers Fitness,SessionSeries,offers,0.996,500
opendata.leisurecloud.live,Rivers Fitness,SessionSeries,location,1.0,500
opendata.leisurecloud.live,Rivers Fitness,SessionSeries,name,0.998,500
opendata.leisurecloud.live,Rivers Fitness,SessionSeries,description,0.0,500
opendata.leisurecloud.live,Rivers Fitness,SessionSeries,eventSchedule,1.0,500
opendata.leisurecloud.live,Rivers Fitness,SessionSeries,ageRange,0.0,500
opendata.leisurecloud.live,Rivers Fitness,SessionSeries,genderRestriction,0.47,500
opendata.leisurecloud.live,Rivers Fitness,SessionSeries,level,0.0,500
opendata.leisurecloud.live,Rivers Fitness,SessionSeries,url,1.0,500
opendata.leisurecloud.live,Rivers Fitness,SessionSeries,attendeeInstructions,0.328,500
opendata.leisurecloud.live,Rivers Fitness,SessionSeries,superEvent,0.526,500
opendata.leisurecloud.live,Rivers Fitness,SessionSeries,activity,0.0,83
opendata.leisurecloud.live,Rivers Fitness,SessionSeries,category,1.0,83
opendata.leisurecloud.live,Rivers Fitness,SessionSeries,organizer,0.8125,83
opendata.leisurecloud.live,Rivers Fitness,SessionSeries,offers,1.0,83
opendata.leisurecloud.live,Rivers Fitness,SessionSeries,location,1.0,83
opendata.leisurecloud.live,Rivers Fitness,SessionSeries,name,1.0,83
opendata.leisurecloud.live,Rivers Fitness,SessionSeries,description,0.0,83
opendata.leisurecloud.live,Rivers Fitness,SessionSeries,eventSchedule,1.0,83
opendata.leisurecloud.live,Rivers Fitness,SessionSeries,ageRange,0.0,83
opendata.leisurecloud.live,Rivers Fitness,SessionSeries,genderRestriction,0.8125,83
opendata.leisurecloud.live,Rivers Fitness,SessionSeries,level,0.0,83
opendata.leisurecloud.live,Rivers Fitness,SessionSeries,url,1.0,83
opendata.leisurecloud.live,Rivers Fitness,SessionSeries,attendeeInstructions,0.1719,83
opendata.leisurecloud.live,Rivers Fitness,SessionSeries,superEvent,0.1875,83
opendata.leisurecloud.live,Rivers Fitness,ScheduledSession,activity,0.0,500
opendata.leisurecloud.live,Rivers Fitness,ScheduledSession,category,0.0,500
opendata.leisurecloud.live,Rivers Fitness,ScheduledSession,organizer,0.0,500
opendata.leisurecloud.live,Rivers Fitness,ScheduledSession,offers,0.0,500
opendata.leisurecloud.live,Rivers Fitness,ScheduledSession,location,0.0,500
opendata.leisurecloud.live,Rivers Fitness,ScheduledSession,name,0.0,500
opendata.leisurecloud.live,Rivers Fitness,ScheduledSession,description,0.0,500
opendata.leisurecloud.live,Rivers Fitness,ScheduledSession,eventSchedule,0.0,500
opendata.leisurecloud.live,Rivers Fitness,ScheduledSession,ageRange,0.0,500
opendata.leisurecloud.live,Rivers Fitness,ScheduledSession,genderRestriction,0.0,500
opendata.leisurecloud.live,Rivers Fitness,ScheduledSession,level,0.0,500
opendata.leisurecloud.live,Rivers Fitness,ScheduledSession,url,0.0,500
opendata.leisurecloud.live,Rivers Fitness,ScheduledSession,attendeeInstructions,0.0,500
opendata.leisurecloud.live,Rivers Fitness,ScheduledSession,superEvent,1.0,500
opendata.leisurecloud.live,Rivers Fitness,ScheduledSession,activity,0.0,499
opendata.leisurecloud.live,Rivers Fitness,ScheduledSession,category,0.0,499
opendata.leisurecloud.live,Rivers Fitness,ScheduledSession,organizer,0.0,499
opendata.leisurecloud.live,Rivers Fitness,ScheduledSession,offers,0.0,499
opendata.leisurecloud.live,Rivers Fitness,ScheduledSession,location,0.0,499
opendata.leisurecloud.live,Rivers Fitness,ScheduledSession,name,0.0,499
opendata.leisurecloud.live,Rivers Fitness,ScheduledSession,description,0.0,499
opendata.leisurecloud.live,Rivers Fitness,ScheduledSession,eventSchedule,0.0,499
opendata.leisurecloud.live,Rivers Fitness,ScheduledSession,ageRange,0.0,499
opendata.leisurecloud.live,Rivers Fitness,ScheduledSession,genderRestriction,0.0,499
opendata.leisurecloud.live,Rivers Fitness,ScheduledSession,level,0.0,499
opendata.leisurecloud.live,Rivers Fitness,ScheduledSession,url,0.0,499
opendata.leisurecloud.live,Rivers Fitness,ScheduledSession,attendeeInstructions,0.0,499
opendata.leisurecloud.live,Rivers Fitness,ScheduledSession,superEvent,1.0,499
opendata.leisurecloud.live,Rivers Fitness,FacilityUse,activity,0.0,12
opendata.leisurecloud.live,Rivers Fitness,FacilityUse,category,1.0,12
opendata.leisurecloud.live,Rivers Fitness,FacilityUse,organizer,0.0,12
opendata.leisurecloud.live,Rivers Fitness,FacilityUse,offers,1.0,12
opendata.leisurecloud.live,Rivers Fitness,FacilityUse,location,1.0,12
opendata.leisurecloud.live,Rivers Fitness,FacilityUse,name,1.0,12
opendata.leisurecloud.live,Rivers Fitness,FacilityUse,description,0.0,12
opendata.leisurecloud.live,Rivers Fitness,FacilityUse,eventSchedule,0.0,12
opendata.leisurecloud.live,Rivers Fitness,FacilityUse,ageRange,0.0,12
opendata.leisurecloud.live,Rivers Fitness,FacilityUse,genderRestriction,0.0,12
opendata.leisurecloud.live,Rivers Fitness,FacilityUse,level,0.0,12
opendata.leisurecloud.live,Rivers Fitness,FacilityUse,url,1.0,12
opendata.leisurecloud.live,Rivers Fitness,FacilityUse,attendeeInstructions,0.1667,12
opendata.leisurecloud.live,Rivers Fitness,FacilityUse,superEvent,0.0,12
opendata.leisurecloud.live,Rivers Fitness,Slot,activity,0.0,500
opendata.leisurecloud.live,Rivers Fitness,Slot,category,0.0,500
opendata.leisurecloud.live,Rivers Fitness,Slot,organizer,0.0,500
opendata.leisurecloud.live,Rivers Fitness,Slot,offers,1.0,500
opendata.leisurecloud.live,Rivers Fitness,Slot,location,0.0,500
opendata.leisurecloud.live,Rivers Fitness,Slot,name,0.0,500
opendata.leisurecloud.live,Rivers Fitness,Slot,description,0.0,500
opendata.leisurecloud.live,Rivers Fitness,Slot,eventSchedule,0.0,500
opendata.leisurecloud.live,Rivers Fitness,Slot,ageRange,0.0,500
opendata.leisurecloud.live,Rivers Fitness,Slot,genderRestriction,0.0,500
opendata.leisurecloud.live,Rivers Fitness,Slot,level,0.0,500
opendata.leisurecloud.live,Rivers Fitness,Slot,url,0.0,500
opendata.leisurecloud.live,Rivers Fitness,Slot,attendeeInstructions,0.0,500
opendata.leisurecloud.live,Rivers Fitness,Slot,superEvent,0.0,500
opendata.leisurecloud.live,Rivers Fitness,Slot,activity,0.0,499
opendata.leisurecloud.live,Rivers Fitness,Slot,category,0.0,499
opendata.leisurecloud.live,Rivers Fitness,Slot,organizer,0.0,499
opendata.leisurecloud.live,Rivers Fitness,Slot,offers,1.0,499
opendata.leisurecloud.live,Rivers Fitness,Slot,location,0.0,499
opendata.leisurecloud.live,Rivers Fitness,Slot,name,0.0,499
opendata.leisurecloud.live,Rivers Fitness,Slot,description,0.0,499
opendata.leisurecloud.live,Rivers Fitness,Slot,eventSchedule,0.0,499
opendata.leisurecloud.live,Rivers Fitness,Slot,ageRange,0.0,499
opendata.leisurecloud.live,Rivers Fitness,Slot,genderRestriction,0.0,499
opendata.leisurecloud.live,Rivers Fitness,Slot,level,0.0,499
opendata.leisurecloud.live,Rivers Fitness,Slot,url,0.0,499
opendata.leisurecloud.live,Rivers Fitness,Slot,attendeeInstructions,0.0,499
opendata.leisurecloud.live,Rivers Fitness,Slot,superEvent,0.0,499
opendata.leisurecloud.live,Redbridge Sports Centre,FacilityUse,activity,0.0,41
opendata.leisurecloud.live,Redbridge Sports Centre,FacilityUse,category,1.0,41
opendata.leisurecloud.live,Redbridge Sports Centre,FacilityUse,organizer,0.0,41
opendata.leisurecloud.live,Redbridge Sports Centre,FacilityUse,offers,0.4634,41
opendata.leisurecloud.live,Redbridge Sports Centre,FacilityUse,location,1.0,41
opendata.leisurecloud.live,Redbridge Sports Centre,FacilityUse,name,1.0,41
opendata.leisurecloud.live,Redbridge Sports Centre,FacilityUse,description,0.0,41
opendata.leisurecloud.live,Redbridge Sports Centre,FacilityUse,eventSchedule,0.0,41
opendata.leisurecloud.live,Redbridge Sports Centre,FacilityUse,ageRange,0.0,41
opendata.leisurecloud.live,Redbridge Sports Centre,FacilityUse,genderRestriction,0.0,41
opendata.leisurecloud.live,Redbridge Sports Centre,FacilityUse,level,0.0,41
opendata.leisurecloud.live,Redbridge Sports Centre,FacilityUse,url,1.0,41
opendata.leisurecloud.live,Redbridge Sports Centre,FacilityUse,attendeeInstructions,1.0,41
opendata.leisurecloud.live,Redbridge Sports Centre,FacilityUse,superEvent,0.0,41
opendata.leisurecloud.live,Southwark Council,CourseInstance,activity,0.0,4
opendata.leisurecloud.live,Southwark Council,CourseInstance,category,1.0,4
opendata.leisurecloud.live,Southwark Council,CourseInstance,organizer,1.0,4
opendata.leisurecloud.live,Southwark Council,CourseInstance,offers,1.0,4
opendata.leisurecloud.live,Southwark Council,CourseInstance,location,1.0,4
opendata.leisurecloud.live,Southwark Council,CourseInstance,name,1.0,4
opendata.leisurecloud.live,Southwark Council,CourseInstance,description,0.0,4
opendata.leisurecloud.live,Southwark Council,CourseInstance,eventSchedule,0.0,4
opendata.leisurecloud.live,Southwark Council,CourseInstance,ageRange,0.0,4
opendata.leisurecloud.live,Southwark Council,CourseInstance,genderRestriction,0.0,4
opendata.leisurecloud.live,Southwark Council,CourseInstance,level,0.0,4
opendata.leisurecloud.live,Southwark Council,CourseInstance,url,1.0,4
opendata.leisurecloud.live,Southwark Council,CourseInstance,attendeeInstructions,1.0,4
opendata.leisurecloud.live,Southwark Council,CourseInstance,superEvent,0.0,4
opendata.leisurecloud.live,Southwark Council,SessionSeries,activity,0.0,500
opendata.leisurecloud.live,Southwark Council,SessionSeries,category,1.0,500
opendata.leisurecloud.live,Southwark Council,SessionSeries,organizer,0.0,500
opendata.leisurecloud.live,Southwark Council,SessionSeries,offers,1.0,500
opendata.leisurecloud.live,Southwark Council,SessionSeries,location,1.0,500
opendata.leisurecloud.live,Southwark Council,SessionSeries,name,1.0,500
opendata.leisurecloud.live,Southwark Council,SessionSeries,description,0.0,500
opendata.leisurecloud.live,Southwark Council,SessionSeries,eventSchedule,1.0,500
opendata.leisurecloud.live,Southwark Council,SessionSeries,ageRange,0.0,500
opendata.leisurecloud.live,Southwark Council,SessionSeries,genderRestriction,0.0,500
opendata.leisurecloud.live,Southwark Council,SessionSeries,level,0.0,500
opendata.leisurecloud.live,Southwark Council,SessionSeries,url,0.684,500
opendata.leisurecloud.live,Southwark Council,SessionSeries,attendeeInstructions,0.966,500
opendata.leisurecloud.live,Southwark Council,SessionSeries,superEvent,1.0,500
opendata.leisurecloud.live,Southwark Council,SessionSeries,activity,0.0,499
opendata.leisurecloud.live,Southwark Council,SessionSeries,category,1.0,499
opendata.leisurecloud.live,Southwark Council,SessionSeries,organizer,0.0,499
opendata.leisurecloud.live,Southwark Council,SessionSeries,offers,1.0,499
opendata.leisurecloud.live,Southwark Council,SessionSeries,location,1.0,499
opendata.leisurecloud.live,Southwark Council,SessionSeries,name,1.0,499
opendata.leisurecloud.live,Southwark Council,SessionSeries,description,0.0,499
opendata.leisurecloud.live,Southwark Council,SessionSeries,eventSchedule,1.0,499
opendata.leisurecloud.live,Southwark Council,SessionSeries,ageRange,0.0,499
opendata.leisurecloud.live,Southwark Council,SessionSeries,genderRestriction,0.0,499
opendata.leisurecloud.live,Southwark Council,SessionSeries,level,0.0,499
opendata.leisurecloud.live,Southwark Council,SessionSeries,url,0.99,499
opendata.leisurecloud.live,Southwark Council,SessionSeries,attendeeInstructions,0.9739,499
opendata.leisurecloud.live,Southwark Council,SessionSeries,superEvent,1.0,499
opendata.leisurecloud.live,Southwark Council,ScheduledSession,activity,0.0,500
opendata.leisurecloud.live,Southwark Council,ScheduledSession,category,0.0,500
opendata.leisurecloud.live,Southwark Council,ScheduledSession,organizer,0.0,500
opendata.leisurecloud.live,Southwark Council,ScheduledSession,offers,0.0,500
opendata.leisurecloud.live,Southwark Council,ScheduledSession,location,0.0,500
opendata.leisurecloud.live,Southwark Council,ScheduledSession,name,0.0,500
opendata.leisurecloud.live,Southwark Council,ScheduledSession,description,0.0,500
opendata.leisurecloud.live,Southwark Council,ScheduledSession,eventSchedule,0.0,500
opendata.leisurecloud.live,Southwark Council,ScheduledSession,ageRange,0.0,500
opendata.leisurecloud.live,Southwark Council,ScheduledSession,genderRestriction,0.0,500
opendata.leisurecloud.live,Southwark Council,ScheduledSession,level,0.0,500
opendata.leisurecloud.live,Southwark Council,ScheduledSession,url,0.0,500
opendata.leisurecloud.live,Southwark Council,ScheduledSession,attendeeInstructions,0.0,500
opendata.leisurecloud.live,Southwark Council,ScheduledSession,superEvent,1.0,500
opendata.leisurecloud.live,Southwark Council,ScheduledSession,activity,0.0,499
opendata.leisurecloud.live,Southwark Council,ScheduledSession,category,0.0,499
opendata.leisurecloud.live,Southwark Council,ScheduledSession,organizer,0.0,499
opendata.leisurecloud.live,Southwark Council,ScheduledSession,offers,0.0,499
opendata.leisurecloud.live,Southwark Council,ScheduledSession,location,0.0,499
opendata.leisurecloud.live,Southwark Council,ScheduledSession,name,0.0,499
opendata.leisurecloud.live,Southwark Council,ScheduledSession,description,0.0,499
opendata.leisurecloud.live,Southwark Council,ScheduledSession,eventSchedule,0.0,499
opendata.leisurecloud.live,Southwark Council,ScheduledSession,ageRange,0.0,499
opendata.leisurecloud.live,Southwark Council,ScheduledSession,genderRestriction,0.0,499
opendata.leisurecloud.live,Southwark Council,ScheduledSession,level,0.0,499
opendata.leisurecloud.live,Southwark Council,ScheduledSession,url,0.0,499
opendata.leisurecloud.live,Southwark Council,ScheduledSession,attendeeInstructions,0.0,499
opendata.leisurecloud.live,Southwark Council,ScheduledSession,superEvent,1.0,499
opendata.leisurecloud.live,Southwark Council,FacilityUse,activity,0.1111,9
opendata.leisurecloud.live,Southwark Council,FacilityUse,category,1.0,9
opendata.leisurecloud.live,Southwark Council,FacilityUse,organizer,0.0,9
opendata.leisurecloud.live,Southwark Council,FacilityUse,offers,1.0,9
opendata.leisurecloud.live,Southwark Council,FacilityUse,location,1.0,9
opendata.leisurecloud.live,Southwark Council,FacilityUse,name,1.0,9
opendata.leisurecloud.live,Southwark Council,FacilityUse,description,0.0,9
opendata.leisurecloud.live,Southwark Council,FacilityUse,eventSchedule,0.0,9
opendata.leisurecloud.live,Southwark Council,FacilityUse,ageRange,0.0,9
opendata.leisurecloud.live,Southwark Council,FacilityUse,genderRestriction,0.0,9
opendata.leisurecloud.live,Southwark Council,FacilityUse,level,0.0,9
opendata.leisurecloud.live,Southwark Council,FacilityUse,url,0.2222,9
opendata.leisurecloud.live,Southwark Council,FacilityUse,attendeeInstructions,0.4444,9
opendata.leisurecloud.live,Southwark Council,FacilityUse,superEvent,0.0,9
opendata.leisurecloud.live,Southwark Council,Slot,activity,0.0,500
opendata.leisurecloud.live,Southwark Council,Slot,category,0.0,500
opendata.leisurecloud.live,Southwark Council,Slot,organizer,0.0,500
opendata.leisurecloud.live,Southwark Council,Slot,offers,1.0,500
opendata.leisurecloud.live,Southwark Council,Slot,location,0.0,500
opendata.leisurecloud.live,Southwark Council,Slot,name,0.0,500
opendata.leisurecloud.live,Southwark Council,Slot,description,0.0,500
opendata.leisurecloud.live,Southwark Council,Slot,eventSchedule,0.0,500
opendata.leisurecloud.live,Southwark Council,Slot,ageRange,0.0,500
opendata.leisurecloud.live,Southwark Council,Slot,genderRestriction,0.0,500
opendata.leisurecloud.live,Southwark Council,Slot,level,0.0,500
opendata.leisurecloud.live,Southwark Council,Slot,url,0.0,500
opendata.leisurecloud.live,Southwark Council,Slot,attendeeInstructions,0.0,500
opendata.leisurecloud.live,Southwark Council,Slot,superEvent,0.0,500
opendata.leisurecloud.live,Southwark Council,Slot,activity,0.0,499
opendata.leisurecloud.live,Southwark Council,Slot,category,0.0,499
opendata.leisurecloud.live,Southwark Council,Slot,organizer,0.0,499
opendata.leisurecloud.live,Southwark Council,Slot,offers,1.0,499
opendata.leisurecloud.live,Southwark Council,Slot,location,0.0,499
opendata.leisurecloud.live,Southwark Council,Slot,name,0.0,499
opendata.leisurecloud.live,Southwark Council,Slot,description,0.0,499
opendata.leisurecloud.live,Southwark Council,Slot,eventSchedule,0.0,499
opendata.leisurecloud.live,Southwark Council,Slot,ageRange,0.0,499
opendata.leisurecloud.live,Southwark Council,Slot,genderRestriction,0.0,499
opendata.leisurecloud.live,Southwark Council,Slot,level,0.0,499
opendata.leisurecloud.live,Southwark Council,Slot,url,0.0,499
opendata.leisurecloud.live,Southwark Council,Slot,attendeeInstructions,0.0,499
opendata.leisurecloud.live,Southwark Council,Slot,superEvent,0.0,499
opendata.leisurecloud.live,Be Well - London Borough of Tower Hamlets,SessionSeries,activity,0.0,500
opendata.leisurecloud.live,Be Well - London Borough of Tower Hamlets,SessionSeries,category,1.0,500
opendata.leisurecloud.live,Be Well - London Borough of Tower Hamlets,SessionSeries,organizer,0.058,500
opendata.leisurecloud.live,Be Well - London Borough of Tower Hamlets,SessionSeries,offers,0.978,500
opendata.leisurecloud.live,Be Well - London Borough of Tower Hamlets,SessionSeries,location,1.0,500
opendata.leisurecloud.live,Be Well - London Borough of Tower Hamlets,SessionSeries,name,1.0,500
opendata.leisurecloud.live,Be Well - London Borough of Tower Hamlets,SessionSeries,description,0.0,500
opendata.leisurecloud.live,Be Well - London Borough of Tower Hamlets,SessionSeries,eventSchedule,1.0,500
opendata.leisurecloud.live,Be Well - London Borough of Tower Hamlets,SessionSeries,ageRange,0.0,500
opendata.leisurecloud.live,Be Well - London Borough of Tower Hamlets,SessionSeries,genderRestriction,0.058,500
opendata.leisurecloud.live,Be Well - London Borough of Tower Hamlets,SessionSeries,level,0.0,500
opendata.leisurecloud.live,Be Well - London Borough of Tower Hamlets,SessionSeries,url,1.0,500
opendata.leisurecloud.live,Be Well - London Borough of Tower Hamlets,SessionSeries,attendeeInstructions,0.644,500
opendata.leisurecloud.live,Be Well - London Borough of Tower Hamlets,SessionSeries,superEvent,0.942,500
opendata.leisurecloud.live,Be Well - London Borough of Tower Hamlets,SessionSeries,activity,0.0,425
opendata.leisurecloud.live,Be Well - London Borough of Tower Hamlets,SessionSeries,category,1.0,425
opendata.leisurecloud.live,Be Well - London Borough of Tower Hamlets,SessionSeries,organizer,0.1053,425
opendata.leisurecloud.live,Be Well - London Borough of Tower Hamlets,SessionSeries,offers,0.9976,425
opendata.leisurecloud.live,Be Well - London Borough of Tower Hamlets,SessionSeries,location,1.0,425
opendata.leisurecloud.live,Be Well - London Borough of Tower Hamlets,SessionSeries,name,1.0,425
opendata.leisurecloud.live,Be Well - London Borough of Tower Hamlets,SessionSeries,description,0.0,425
opendata.leisurecloud.live,Be Well - London Borough of Tower Hamlets,SessionSeries,eventSchedule,1.0,425
opendata.leisurecloud.live,Be Well - London Borough of Tower Hamlets,SessionSeries,ageRange,0.0,425
opendata.leisurecloud.live,Be Well - London Borough of Tower Hamlets,SessionSeries,genderRestriction,0.1053,425
opendata.leisurecloud.live,Be Well - London Borough of Tower Hamlets,SessionSeries,level,0.0,425
opendata.leisurecloud.live,Be Well - London Borough of Tower Hamlets,SessionSeries,url,1.0,425
opendata.leisurecloud.live,Be Well - London Borough of Tower Hamlets,SessionSeries,attendeeInstructions,0.2967,425
opendata.leisurecloud.live,Be Well - London Borough of Tower Hamlets,SessionSeries,superEvent,0.8947,425
opendata.leisurecloud.live,Be Well - London Borough of Tower Hamlets,ScheduledSession,activity,0.0,500
opendata.leisurecloud.live,Be Well - London Borough of Tower Hamlets,ScheduledSession,category,0.0,500
opendata.leisurecloud.live,Be Well - London Borough of Tower Hamlets,ScheduledSession,organizer,0.0,500
opendata.leisurecloud.live,Be Well - London Borough of Tower Hamlets,ScheduledSession,offers,0.0,500
opendata.leisurecloud.live,Be Well - London Borough of Tower Hamlets,ScheduledSession,location,0.0,500
opendata.leisurecloud.live,Be Well - London Borough of Tower Hamlets,ScheduledSession,name,0.0,500
opendata.leisurecloud.live,Be Well - London Borough of Tower Hamlets,ScheduledSession,description,0.0,500
opendata.leisurecloud.live,Be Well - London Borough of Tower Hamlets,ScheduledSession,eventSchedule,0.0,500
opendata.leisurecloud.live,Be Well - London Borough of Tower Hamlets,ScheduledSession,ageRange,0.0,500
opendata.leisurecloud.live,Be Well - London Borough of Tower Hamlets,ScheduledSession,genderRestriction,0.0,500
opendata.leisurecloud.live,Be Well - London Borough of Tower Hamlets,ScheduledSession,level,0.0,500
opendata.leisurecloud.live,Be Well - London Borough of Tower Hamlets,ScheduledSession,url,0.0,500
opendata.leisurecloud.live,Be Well - London Borough of Tower Hamlets,ScheduledSession,attendeeInstructions,0.0,500
opendata.leisurecloud.live,Be Well - London Borough of Tower Hamlets,ScheduledSession,superEvent,1.0,500
opendata.leisurecloud.live,Be Well - London Borough of Tower Hamlets,ScheduledSession,activity,0.0,499
opendata.leisurecloud.live,Be Well - London Borough of Tower Hamlets,ScheduledSession,category,0.0,499
opendata.leisurecloud.live,Be Well - London Borough of Tower Hamlets,ScheduledSession,organizer,0.0,499
opendata.leisurecloud.live,Be Well - London Borough of Tower Hamlets,ScheduledSession,offers,0.0,499
opendata.leisurecloud.live,Be Well - London Borough of Tower Hamlets,ScheduledSession,location,0.0,499
opendata.leisurecloud.live,Be Well - London Borough of Tower Hamlets,ScheduledSession,name,0.0,499
opendata.leisurecloud.live,Be Well - London Borough of Tower Hamlets,ScheduledSession,description,0.0,499
opendata.leisurecloud.live,Be Well - London Borough of Tower Hamlets,ScheduledSession,eventSchedule,0.0,499
opendata.leisurecloud.live,Be Well - London Borough of Tower Hamlets,ScheduledSession,ageRange,0.0,499
opendata.leisurecloud.live,Be Well - London Borough of Tower Hamlets,ScheduledSession,genderRestriction,0.0,499
opendata.leisurecloud.live,Be Well - London Borough of Tower Hamlets,ScheduledSession,level,0.0,499
opendata.leisurecloud.live,Be Well - London Borough of Tower Hamlets,ScheduledSession,url,0.0,499
opendata.leisurecloud.live,Be Well - London Borough of Tower Hamlets,ScheduledSession,attendeeInstructions,0.0,499
opendata.leisurecloud.live,Be Well - London Borough of Tower Hamlets,ScheduledSession,superEvent,1.0,499
opendata.leisurecloud.live,Be Well - London Borough of Tower Hamlets,FacilityUse,activity,0.9333,15
opendata.leisurecloud.live,Be Well - London Borough of Tower Hamlets,FacilityUse,category,1.0,15
opendata.leisurecloud.live,Be Well - London Borough of Tower Hamlets,FacilityUse,organizer,0.0,15
opendata.leisurecloud.live,Be Well - London Borough of Tower Hamlets,FacilityUse,offers,1.0,15
opendata.leisurecloud.live,Be Well - London Borough of Tower Hamlets,FacilityUse,location,1.0,15
opendata.leisurecloud.live,Be Well - London Borough of Tower Hamlets,FacilityUse,name,1.0,15
opendata.leisurecloud.live,Be Well - London Borough of Tower Hamlets,FacilityUse,description,0.0,15
opendata.leisurecloud.live,Be Well - London Borough of Tower Hamlets,FacilityUse,eventSchedule,0.0,15
opendata.leisurecloud.live,Be Well - London Borough of Tower Hamlets,FacilityUse,ageRange,0.0,15
opendata.leisurecloud.live,Be Well - London Borough of Tower Hamlets,FacilityUse,genderRestriction,0.0,15
opendata.leisurecloud.live,Be Well - London Borough of Tower Hamlets,FacilityUse,level,0.0,15
opendata.leisurecloud.live,Be Well - London Borough of Tower Hamlets,FacilityUse,url,1.0,15
opendata.leisurecloud.live,Be Well - London Borough of Tower Hamlets,FacilityUse,attendeeInstructions,0.5333,15
opendata.leisurecloud.live,Be Well - London Borough of Tower Hamlets,FacilityUse,superEvent,0.0,15
opendata.leisurecloud.live,Be Well - London Borough of Tower Hamlets,Slot,activity,0.0,500
opendata.leisurecloud.live,Be Well - London Borough of Tower Hamlets,Slot,category,0.0,500
opendata.leisurecloud.live,Be Well - London Borough of Tower Hamlets,Slot,organizer,0.0,500
opendata.leisurecloud.live,Be Well - London Borough of Tower Hamlets,Slot,offers,1.0,500
opendata.leisurecloud.live,Be Well - London Borough of Tower Hamlets,Slot,location,0.0,500
opendata.leisurecloud.live,Be Well - London Borough of Tower Hamlets,Slot,name,0.0,500
opendata.leisurecloud.live,Be Well - London Borough of Tower Hamlets,Slot,description,0.0,500
opendata.leisurecloud.live,Be Well - London Borough of Tower Hamlets,Slot,eventSchedule,0.0,500
opendata.leisurecloud.live,Be Well - London Borough of Tower Hamlets,Slot,ageRange,0.0,500
opendata.leisurecloud.live,Be Well - London Borough of Tower Hamlets,Slot,genderRestriction,0.0,500
opendata.leisurecloud.live,Be Well - London Borough of Tower Hamlets,Slot,level,0.0,500
opendata.leisurecloud.live,Be Well - London Borough of Tower Hamlets,Slot,url,0.0,500
opendata.leisurecloud.live,Be Well - London Borough of Tower Hamlets,Slot,attendeeInstructions,0.0,500
opendata.leisurecloud.live,Be Well - London Borough of Tower Hamlets,Slot,superEvent,0.0,500
opendata.leisurecloud.live,Be Well - London Borough of Tower Hamlets,Slot,activity,0.0,499
opendata.leisurecloud.live,Be Well - London Borough of Tower Hamlets,Slot,category,0.0,499
opendata.leisurecloud.live,Be Well - London Borough of Tower Hamlets,Slot,organizer,0.0,499
opendata.leisurecloud.live,Be Well - London Borough of Tower Hamlets,Slot,offers,1.0,499
opendata.leisurecloud.live,Be Well - London Borough of Tower Hamlets,Slot,location,0.0,499
opendata.leisurecloud.live,Be Well - London Borough of Tower Hamlets,Slot,name,0.0,499
opendata.leisurecloud.live,Be Well - London Borough of Tower Hamlets,Slot,description,0.0,499
opendata.leisurecloud.live,Be Well - London Borough of Tower Hamlets,Slot,eventSchedule,0.0,499
opendata.leisurecloud.live,Be Well - London Borough of Tower Hamlets,Slot,ageRange,0.0,499
opendata.leisurecloud.live,Be Well - London Borough of Tower Hamlets,Slot,genderRestriction,0.0,499
opendata.leisurecloud.live,Be Well - London Borough of Tower Hamlets,Slot,level,0.0,499
opendata.leisurecloud.live,Be Well - London Borough of Tower Hamlets,Slot,url,0.0,499
opendata.leisurecloud.live,Be Well - London Borough of Tower Hamlets,Slot,attendeeInstructions,0.0,499
opendata.leisurecloud.live,Be Well - London Borough of Tower Hamlets,Slot,superEvent,0.0,499
opendata.leisurecloud.live,Trafford Community Leisure Trust,SessionSeries,activity,0.0,500
opendata.leisurecloud.live,Trafford Community Leisure Trust,SessionSeries,category,1.0,500
opendata.leisurecloud.live,Trafford Community Leisure Trust,SessionSeries,organizer,1.0,500
opendata.leisurecloud.live,Trafford Community Leisure Trust,SessionSeries,offers,0.996,500
opendata.leisurecloud.live,Trafford Community Leisure Trust,SessionSeries,location,1.0,500
opendata.leisurecloud.live,Trafford Community Leisure Trust,SessionSeries,name,1.0,500
opendata.leisurecloud.live,Trafford Community Leisure Trust,SessionSeries,description,0.0,500
opendata.leisurecloud.live,Trafford Community Leisure Trust,SessionSeries,eventSchedule,1.0,500
opendata.leisurecloud.live,Trafford Community Leisure Trust,SessionSeries,ageRange,0.0,500
opendata.leisurecloud.live,Trafford Community Leisure Trust,SessionSeries,genderRestriction,0.996,500
opendata.leisurecloud.live,Trafford Community Leisure Trust,SessionSeries,level,0.0,500
opendata.leisurecloud.live,Trafford Community Leisure Trust,SessionSeries,url,0.0,500
opendata.leisurecloud.live,Trafford Community Leisure Trust,SessionSeries,attendeeInstructions,0.978,500
opendata.leisurecloud.live,Trafford Community Leisure Trust,SessionSeries,superEvent,0.0,500
opendata.leisurecloud.live,Trafford Community Leisure Trust,SessionSeries,activity,0.0,330
opendata.leisurecloud.live,Trafford Community Leisure Trust,SessionSeries,category,1.0,330
opendata.leisurecloud.live,Trafford Community Leisure Trust,SessionSeries,organizer,1.0,330
opendata.leisurecloud.live,Trafford Community Leisure Trust,SessionSeries,offers,0.9935,330
opendata.leisurecloud.live,Trafford Community Leisure Trust,SessionSeries,location,1.0,330
opendata.leisurecloud.live,Trafford Community Leisure Trust,SessionSeries,name,1.0,330
opendata.leisurecloud.live,Trafford Community Leisure Trust,SessionSeries,description,0.0,330
opendata.leisurecloud.live,Trafford Community Leisure Trust,SessionSeries,eventSchedule,1.0,330
opendata.leisurecloud.live,Trafford Community Leisure Trust,SessionSeries,ageRange,0.0,330
opendata.leisurecloud.live,Trafford Community Leisure Trust,SessionSeries,genderRestriction,0.9935,330
opendata.leisurecloud.live,Trafford Community Leisure Trust,SessionSeries,level,0.0,330
opendata.leisurecloud.live,Trafford Community Leisure Trust,SessionSeries,url,0.0,330
opendata.leisurecloud.live,Trafford Community Leisure Trust,SessionSeries,attendeeInstructions,0.9575,330
opendata.leisurecloud.live,Trafford Community Leisure Trust,SessionSeries,superEvent,0.0,330
opendata.leisurecloud.live,Trafford Community Leisure Trust,FacilityUse,activity,0.0,41
opendata.leisurecloud.live,Trafford Community Leisure Trust,FacilityUse,category,1.0,41
opendata.leisurecloud.live,Trafford Community Leisure Trust,FacilityUse,organizer,0.0,41
opendata.leisurecloud.live,Trafford Community Leisure Trust,FacilityUse,offers,0.8293,41
opendata.leisurecloud.live,Trafford Community Leisure Trust,FacilityUse,location,1.0,41
opendata.leisurecloud.live,Trafford Community Leisure Trust,FacilityUse,name,1.0,41
opendata.leisurecloud.live,Trafford Community Leisure Trust,FacilityUse,description,0.0,41
opendata.leisurecloud.live,Trafford Community Leisure Trust,FacilityUse,eventSchedule,0.0,41
opendata.leisurecloud.live,Trafford Community Leisure Trust,FacilityUse,ageRange,0.0,41
opendata.leisurecloud.live,Trafford Community Leisure Trust,FacilityUse,genderRestriction,0.0,41
opendata.leisurecloud.live,Trafford Community Leisure Trust,FacilityUse,level,0.0,41
opendata.leisurecloud.live,Trafford Community Leisure Trust,FacilityUse,url,0.0,41
opendata.leisurecloud.live,Trafford Community Leisure Trust,FacilityUse,attendeeInstructions,0.9756,41
opendata.leisurecloud.live,Trafford Community Leisure Trust,FacilityUse,superEvent,0.0,41
opendata.leisurecloud.live,Trafford Community Leisure Trust,Slot,activity,0.0,500
opendata.leisurecloud.live,Trafford Community Leisure Trust,Slot,category,0.0,500
opendata.leisurecloud.live,Trafford Community Leisure Trust,Slot,organizer,0.0,500
opendata.leisurecloud.live,Trafford Community Leisure Trust,Slot,offers,1.0,500
opendata.leisurecloud.live,Trafford Community Leisure Trust,Slot,location,0.0,500
opendata.leisurecloud.live,Trafford Community Leisure Trust,Slot,name,0.0,500
opendata.leisurecloud.live,Trafford Community Leisure Trust,Slot,description,0.0,500
opendata.leisurecloud.live,Trafford Community Leisure Trust,Slot,eventSchedule,0.0,500
opendata.leisurecloud.live,Trafford Community Leisure Trust,Slot,ageRange,0.0,500
opendata.leisurecloud.live,Trafford Community Leisure Trust,Slot,genderRestriction,0.0,500
opendata.leisurecloud.live,Trafford Community Leisure Trust,Slot,level,0.0,500
opendata.leisurecloud.live,Trafford Community Leisure Trust,Slot,url,0.0,500
opendata.leisurecloud.live,Trafford Community Leisure Trust,Slot,attendeeInstructions,0.0,500
opendata.leisurecloud.live,Trafford Community Leisure Trust,Slot,superEvent,0.0,500
opendata.leisurecloud.live,Trafford Community Leisure Trust,Slot,activity,0.0,499
opendata.leisurecloud.live,Trafford Community Leisure Trust,Slot,category,0.0,499
opendata.leisurecloud.live,Trafford Community Leisure Trust,Slot,organizer,0.0,499
opendata.leisurecloud.live,Trafford Community Leisure Trust,Slot,offers,1.0,499
opendata.leisurecloud.live,Trafford Community Leisure Trust,Slot,location,0.0,499
opendata.leisurecloud.live,Trafford Community Leisure Trust,Slot,name,0.0,499
opendata.leisurecloud.live,Trafford Community Leisure Trust,Slot,description,0.0,499
opendata.leisurecloud.live,Trafford Community Leisure Trust,Slot,eventSchedule,0.0,499
opendata.leisurecloud.live,Trafford Community Leisure Trust,Slot,ageRange,0.0,499
opendata.leisurecloud.live,Trafford Community Leisure Trust,Slot,genderRestriction,0.0,499
opendata.leisurecloud.live,Trafford Community Leisure Trust,Slot,level,0.0,499
opendata.leisurecloud.live,Trafford Community Leisure Trust,Slot,url,0.0,499
opendata.leisurecloud.live,Trafford Community Leisure Trust,Slot,attendeeInstructions,0.0,499
opendata.leisurecloud.live,Trafford Community Leisure Trust,Slot,superEvent,0.0,499
opendata.leisurecloud.live,Vision Redbridge,SessionSeries,activity,0.0,122
opendata.leisurecloud.live,Vision Redbridge,SessionSeries,category,1.0,122
opendata.leisurecloud.live,Vision Redbridge,SessionSeries,organizer,0.6311,122
opendata.leisurecloud.live,Vision Redbridge,SessionSeries,offers,0.9672,122
opendata.leisurecloud.live,Vision Redbridge,SessionSeries,location,1.0,122
opendata.leisurecloud.live,Vision Redbridge,SessionSeries,name,1.0,122
opendata.leisurecloud.live,Vision Redbridge,SessionSeries,description,0.0,122
opendata.leisurecloud.live,Vision Redbridge,SessionSeries,eventSchedule,1.0,122
opendata.leisurecloud.live,Vision Redbridge,SessionSeries,ageRange,0.0,122
opendata.leisurecloud.live,Vision Redbridge,SessionSeries,genderRestriction,0.5984,122
opendata.leisurecloud.live,Vision Redbridge,SessionSeries,level,0.0,122
opendata.leisurecloud.live,Vision Redbridge,SessionSeries,url,1.0,122
opendata.leisurecloud.live,Vision Redbridge,SessionSeries,attendeeInstructions,0.9262,122
opendata.leisurecloud.live,Vision Redbridge,SessionSeries,superEvent,0.3689,122
opendata.leisurecloud.live,Vision Redbridge,ScheduledSession,activity,0.0,500
opendata.leisurecloud.live,Vision Redbridge,ScheduledSession,category,0.0,500
opendata.leisurecloud.live,Vision Redbridge,ScheduledSession,organizer,0.0,500
opendata.leisurecloud.live,Vision Redbridge,ScheduledSession,offers,0.0,500
opendata.leisurecloud.live,Vision Redbridge,ScheduledSession,location,0.0,500
opendata.leisurecloud.live,Vision Redbridge,ScheduledSession,name,0.0,500
opendata.leisurecloud.live,Vision Redbridge,ScheduledSession,description,0.0,500
opendata.leisurecloud.live,Vision Redbridge,ScheduledSession,eventSchedule,0.0,500
opendata.leisurecloud.live,Vision Redbridge,ScheduledSession,ageRange,0.0,500
opendata.leisurecloud.live,Vision Redbridge,ScheduledSession,genderRestriction,0.0,500
opendata.leisurecloud.live,Vision Redbridge,ScheduledSession,level,0.0,500
opendata.leisurecloud.live,Vision Redbridge,ScheduledSession,url,0.0,500
opendata.leisurecloud.live,Vision Redbridge,ScheduledSession,attendeeInstructions,0.0,500
opendata.leisurecloud.live,Vision Redbridge,ScheduledSession,superEvent,1.0,500
opendata.leisurecloud.live,Vision Redbridge,ScheduledSession,activity,0.0,220
opendata.leisurecloud.live,Vision Redbridge,ScheduledSession,category,0.0,220
opendata.leisurecloud.live,Vision Redbridge,ScheduledSession,organizer,0.0,220
opendata.leisurecloud.live,Vision Redbridge,ScheduledSession,offers,0.0,220
opendata.leisurecloud.live,Vision Redbridge,ScheduledSession,location,0.0,220
opendata.leisurecloud.live,Vision Redbridge,ScheduledSession,name,0.0,220
opendata.leisurecloud.live,Vision Redbridge,ScheduledSession,description,0.0,220
opendata.leisurecloud.live,Vision Redbridge,ScheduledSession,eventSchedule,0.0,220
opendata.leisurecloud.live,Vision Redbridge,ScheduledSession,ageRange,0.0,220
opendata.leisurecloud.live,Vision Redbridge,ScheduledSession,genderRestriction,0.0,220
opendata.leisurecloud.live,Vision Redbridge,ScheduledSession,level,0.0,220
opendata.leisurecloud.live,Vision Redbridge,ScheduledSession,url,0.0,220
opendata.leisurecloud.live,Vision Redbridge,ScheduledSession,attendeeInstructions,0.0,220
opendata.leisurecloud.live,Vision Redbridge,ScheduledSession,superEvent,1.0,220
opendata.leisurecloud.live,Wellington College,SessionSeries,activity,0.0,161
opendata.leisurecloud.live,Wellington College,SessionSeries,category,1.0,161
opendata.leisurecloud.live,Wellington College,SessionSeries,organizer,0.0584,161
opendata.leisurecloud.live,Wellington College,SessionSeries,offers,0.0065,161
opendata.leisurecloud.live,Wellington College,SessionSeries,location,1.0,161
opendata.leisurecloud.live,Wellington College,SessionSeries,name,1.0,161
opendata.leisurecloud.live,Wellington College,SessionSeries,description,0.0,161
opendata.leisurecloud.live,Wellington College,SessionSeries,eventSchedule,1.0,161
opendata.leisurecloud.live,Wellington College,SessionSeries,ageRange,0.0,161
opendata.leisurecloud.live,Wellington College,SessionSeries,genderRestriction,0.0455,161
opendata.leisurecloud.live,Wellington College,SessionSeries,level,0.0,161
opendata.leisurecloud.live,Wellington College,SessionSeries,url,1.0,161
opendata.leisurecloud.live,Wellington College,SessionSeries,attendeeInstructions,0.9675,161
opendata.leisurecloud.live,Wellington College,SessionSeries,superEvent,0.9416,161
opendata.leisurecloud.live,Wellington College,ScheduledSession,activity,0.0,387
opendata.leisurecloud.live,Wellington College,ScheduledSession,category,0.0,387
opendata.leisurecloud.live,Wellington College,ScheduledSession,organizer,0.0,387
opendata.leisurecloud.live,Wellington College,ScheduledSession,offers,0.0,387
opendata.leisurecloud.live,Wellington College,ScheduledSession,location,0.0,387
opendata.leisurecloud.live,Wellington College,ScheduledSession,name,0.0,387
opendata.leisurecloud.live,Wellington College,ScheduledSession,description,0.0,387
opendata.leisurecloud.live,Wellington College,ScheduledSession,eventSchedule,0.0,387
opendata.leisurecloud.live,Wellington College,ScheduledSession,ageRange,0.0,387
opendata.leisurecloud.live,Wellington College,ScheduledSession,genderRestriction,0.0,387
opendata.leisurecloud.live,Wellington College,ScheduledSession,level,0.0,387
opendata.leisurecloud.live,Wellington College,ScheduledSession,url,0.0,387
opendata.leisurecloud.live,Wellington College,ScheduledSession,attendeeInstructions,0.0,387
opendata.leisurecloud.live,Wellington College,ScheduledSession,superEvent,1.0,387
opendata.leisurecloud.live,Wellington College,ScheduledSession,activity,0.0,316
opendata.leisurecloud.live,Wellington College,ScheduledSession,category,0.0,316
opendata.leisurecloud.live,Wellington College,ScheduledSession,organizer,0.0,316
opendata.leisurecloud.live,Wellington College,ScheduledSession,offers,0.0,316
opendata.leisurecloud.live,Wellington College,ScheduledSession,location,0.0,316
opendata.leisurecloud.live,Wellington College,ScheduledSession,name,0.0,316
opendata.leisurecloud.live,Wellington College,ScheduledSession,description,0.0,316
opendata.leisurecloud.live,Wellington College,ScheduledSession,eventSchedule,0.0,316
opendata.leisurecloud.live,Wellington College,ScheduledSession,ageRange,0.0,316
opendata.leisurecloud.live,Wellington College,ScheduledSession,genderRestriction,0.0,316
opendata.leisurecloud.live,Wellington College,ScheduledSession,level,0.0,316
opendata.leisurecloud.live,Wellington College,ScheduledSession,url,0.0,316
opendata.leisurecloud.live,Wellington College,ScheduledSession,attendeeInstructions,0.0,316
opendata.leisurecloud.live,Wellington College,ScheduledSession,superEvent,1.0,316
opendata.leisurecloud.live,Wellington College,FacilityUse,activity,0.1667,6
opendata.leisurecloud.live,Wellington College,FacilityUse,category,1.0,6
opendata.leisurecloud.live,Wellington College,FacilityUse,organizer,0.0,6
opendata.leisurecloud.live,Wellington College,FacilityUse,offers,0.0,6
opendata.leisurecloud.live,Wellington College,FacilityUse,location,1.0,6
opendata.leisurecloud.live,Wellington College,FacilityUse,name,1.0,6
opendata.leisurecloud.live,Wellington College,FacilityUse,description,0.0,6
opendata.leisurecloud.live,Wellington College,FacilityUse,eventSchedule,0.0,6
opendata.leisurecloud.live,Wellington College,FacilityUse,ageRange,0.0,6
opendata.leisurecloud.live,Wellington College,FacilityUse,genderRestriction,0.0,6
opendata.leisurecloud.live,Wellington College,FacilityUse,level,0.0,6
opendata.leisurecloud.live,Wellington College,FacilityUse,url,1.0,6
opendata.leisurecloud.live,Wellington College,FacilityUse,attendeeInstructions,0.3333,6
opendata.leisurecloud.live,Wellington College,FacilityUse,superEvent,0.0,6
opendata.leisurecloud.live,Wellington College,Slot,activity,0.0,500
opendata.leisurecloud.live,Wellington College,Slot,category,0.0,500
opendata.leisurecloud.live,Wellington College,Slot,organizer,0.0,500
opendata.leisurecloud.live,Wellington College,Slot,offers,1.0,500
opendata.leisurecloud.live,Wellington College,Slot,location,0.0,500
opendata.leisurecloud.live,Wellington College,Slot,name,0.0,500
opendata.leisurecloud.live,Wellington College,Slot,description,0.0,500
opendata.leisurecloud.live,Wellington College,Slot,eventSchedule,0.0,500
opendata.leisurecloud.live,Wellington College,Slot,ageRange,0.0,500
opendata.leisurecloud.live,Wellington College,Slot,genderRestriction,0.0,500
opendata.leisurecloud.live,Wellington College,Slot,level,0.0,500
opendata.leisurecloud.live,Wellington College,Slot,url,0.0,500
opendata.leisurecloud.live,Wellington College,Slot,attendeeInstructions,0.0,500
opendata.leisurecloud.live,Wellington College,Slot,superEvent,0.0,500
opendata.leisurecloud.live,Wellington College,Slot,activity,0.0,499
opendata.leisurecloud.live,Wellington College,Slot,category,0.0,499
opendata.leisurecloud.live,Wellington College,Slot,organizer,0.0,499
opendata.leisurecloud.live,Wellington College,Slot,offers,1.0,499
opendata.leisurecloud.live,Wellington College,Slot,location,0.0,499
opendata.leisurecloud.live,Wellington College,Slot,name,0.0,499
opendata.leisurecloud.live,Wellington College,Slot,description,0.0,499
opendata.leisurecloud.live,Wellington College,Slot,eventSchedule,0.0,499
opendata.leisurecloud.live,Wellington College,Slot,ageRange,0.0,499
opendata.leisurecloud.live,Wellington College,Slot,genderRestriction,0.0,499
opendata.leisurecloud.live,Wellington College,Slot,level,0.0,499
opendata.leisurecloud.live,Wellington College,Slot,url,0.0,499
opendata.leisurecloud.live,Wellington College,Slot,attendeeInstructions,0.0,499
opendata.leisurecloud.live,Wellington College,Slot,superEvent,0.0,499
opendata.leisurecloud.live,WV Active,SessionSeries,activity,0.0,294
opendata.leisurecloud.live,WV Active,SessionSeries,category,1.0,294
opendata.leisurecloud.live,WV Active,SessionSeries,organizer,1.0,294
opendata.leisurecloud.live,WV Active,SessionSeries,offers,0.9615,294
opendata.leisurecloud.live,WV Active,SessionSeries,location,1.0,294
opendata.leisurecloud.live,WV Active,SessionSeries,name,1.0,294
opendata.leisurecloud.live,WV Active,SessionSeries,description,0.0,294
opendata.leisurecloud.live,WV Active,SessionSeries,eventSchedule,1.0,294
opendata.leisurecloud.live,WV Active,SessionSeries,ageRange,0.0,294
opendata.leisurecloud.live,WV Active,SessionSeries,genderRestriction,1.0,294
opendata.leisurecloud.live,WV Active,SessionSeries,level,0.0,294
opendata.leisurecloud.live,WV Active,SessionSeries,url,0.0,294
opendata.leisurecloud.live,WV Active,SessionSeries,attendeeInstructions,0.9545,294
opendata.leisurecloud.live,WV Active,SessionSeries,superEvent,0.0,294
opendata.leisurecloud.live,WV Active,ScheduledSession,activity,0.0,500
opendata.leisurecloud.live,WV Active,ScheduledSession,category,0.0,500
opendata.leisurecloud.live,WV Active,ScheduledSession,organizer,0.0,500
opendata.leisurecloud.live,WV Active,ScheduledSession,offers,0.0,500
opendata.leisurecloud.live,WV Active,ScheduledSession,location,0.0,500
opendata.leisurecloud.live,WV Active,ScheduledSession,name,0.0,500
opendata.leisurecloud.live,WV Active,ScheduledSession,description,0.0,500
opendata.leisurecloud.live,WV Active,ScheduledSession,eventSchedule,0.0,500
opendata.leisurecloud.live,WV Active,ScheduledSession,ageRange,0.0,500
opendata.leisurecloud.live,WV Active,ScheduledSession,genderRestriction,0.0,500
opendata.leisurecloud.live,WV Active,ScheduledSession,level,0.0,500
opendata.leisurecloud.live,WV Active,ScheduledSession,url,0.0,500
opendata.leisurecloud.live,WV Active,ScheduledSession,attendeeInstructions,0.0,500
opendata.leisurecloud.live,WV Active,ScheduledSession,superEvent,1.0,500
opendata.leisurecloud.live,WV Active,ScheduledSession,activity,0.0,370
opendata.leisurecloud.live,WV Active,ScheduledSession,category,0.0,370
opendata.leisurecloud.live,WV Active,ScheduledSession,organizer,0.0,370
opendata.leisurecloud.live,WV Active,ScheduledSession,offers,0.0,370
opendata.leisurecloud.live,WV Active,ScheduledSession,location,0.0,370
opendata.leisurecloud.live,WV Active,ScheduledSession,name,0.0,370
opendata.leisurecloud.live,WV Active,ScheduledSession,description,0.0,370
opendata.leisurecloud.live,WV Active,ScheduledSession,eventSchedule,0.0,370
opendata.leisurecloud.live,WV Active,ScheduledSession,ageRange,0.0,370
opendata.leisurecloud.live,WV Active,ScheduledSession,genderRestriction,0.0,370
opendata.leisurecloud.live,WV Active,ScheduledSession,level,0.0,370
opendata.leisurecloud.live,WV Active,ScheduledSession,url,0.0,370
opendata.leisurecloud.live,WV Active,ScheduledSession,attendeeInstructions,0.0,370
opendata.leisurecloud.live,WV Active,ScheduledSession,superEvent,1.0,370
opendata.leisurecloud.live,WV Active,FacilityUse,activity,0.0,50
opendata.leisurecloud.live,WV Active,FacilityUse,category,1.0,50
opendata.leisurecloud.live,WV Active,FacilityUse,organizer,0.0,50
opendata.leisurecloud.live,WV Active,FacilityUse,offers,0.92,50
opendata.leisurecloud.live,WV Active,FacilityUse,location,1.0,50
opendata.leisurecloud.live,WV Active,FacilityUse,name,1.0,50
opendata.leisurecloud.live,WV Active,FacilityUse,description,0.0,50
opendata.leisurecloud.live,WV Active,FacilityUse,eventSchedule,0.0,50
opendata.leisurecloud.live,WV Active,FacilityUse,ageRange,0.0,50
opendata.leisurecloud.live,WV Active,FacilityUse,genderRestriction,0.0,50
opendata.leisurecloud.live,WV Active,FacilityUse,level,0.0,50
opendata.leisurecloud.live,WV Active,FacilityUse,url,0.0,50
opendata.leisurecloud.live,WV Active,FacilityUse,attendeeInstructions,0.94,50
opendata.leisurecloud.live,WV Active,FacilityUse,superEvent,0.0,50
opendata.leisurecloud.live,WV Active,Slot,activity,0.0,500
opendata.leisurecloud.live,WV Active,Slot,category,0.0,500
opendata.leisurecloud.live,WV Active,Slot,organizer,0.0,500
opendata.leisurecloud.live,WV Active,Slot,offers,1.0,500
opendata.leisurecloud.live,WV Active,Slot,location,0.0,500
opendata.leisurecloud.live,WV Active,Slot,name,0.0,500
opendata.leisurecloud.live,WV Active,Slot,description,0.0,500
opendata.leisurecloud.live,WV Active,Slot,eventSchedule,0.0,500
opendata.leisurecloud.live,WV Active,Slot,ageRange,0.0,500
opendata.leisurecloud.live,WV Active,Slot,genderRestriction,0.0,500
opendata.leisurecloud.live,WV Active,Slot,level,0.0,500
opendata.leisurecloud.live,WV Active,Slot,url,0.0,500
opendata.leisurecloud.live,WV Active,Slot,attendeeInstructions,0.0,500
opendata.leisurecloud.live,WV Active,Slot,superEvent,0.0,500
opendata.leisurecloud.live,WV Active,Slot,activity,0.0,499
opendata.leisurecloud.live,WV Active,Slot,category,0.0,499
opendata.leisurecloud.live,WV Active,Slot,organizer,0.0,499
opendata.leisurecloud.live,WV Active,Slot,offers,1.0,499
opendata.leisurecloud.live,WV Active,Slot,location,0.0,499
opendata.leisurecloud.live,WV Active,Slot,name,0.0,499
opendata.leisurecloud.live,WV Active,Slot,description,0.0,499
opendata.leisurecloud.live,WV Active,Slot,eventSchedule,0.0,499
opendata.leisurecloud.live,WV Active,Slot,ageRange,0.0,499
opendata.leisurecloud.live,WV Active,Slot,genderRestriction,0.0,499
opendata.leisurecloud.live,WV Active,Slot,level,0.0,499
opendata.leisurecloud.live,WV Active,Slot,url,0.0,499
opendata.leisurecloud.live,WV Active,Slot,attendeeInstructions,0.0,499
opendata.leisurecloud.live,WV Active,Slot,superEvent,0.0,499
opendata.leisurecloud.live,Your Leisure,SessionSeries,activity,0.0,401
opendata.leisurecloud.live,Your Leisure,SessionSeries,category,1.0,401
opendata.leisurecloud.live,Your Leisure,SessionSeries,organizer,0.9725,401
opendata.leisurecloud.live,Your Leisure,SessionSeries,offers,1.0,401
opendata.leisurecloud.live,Your Leisure,SessionSeries,location,1.0,401
opendata.leisurecloud.live,Your Leisure,SessionSeries,name,1.0,401
opendata.leisurecloud.live,Your Leisure,SessionSeries,description,0.0,401
opendata.leisurecloud.live,Your Leisure,SessionSeries,eventSchedule,1.0,401
opendata.leisurecloud.live,Your Leisure,SessionSeries,ageRange,0.0,401
opendata.leisurecloud.live,Your Leisure,SessionSeries,genderRestriction,0.9725,401
opendata.leisurecloud.live,Your Leisure,SessionSeries,level,0.0,401
opendata.leisurecloud.live,Your Leisure,SessionSeries,url,1.0,401
opendata.leisurecloud.live,Your Leisure,SessionSeries,attendeeInstructions,0.9975,401
opendata.leisurecloud.live,Your Leisure,SessionSeries,superEvent,0.0275,401
opendata.leisurecloud.live,Your Leisure,ScheduledSession,activity,0.0,500
opendata.leisurecloud.live,Your Leisure,ScheduledSession,category,0.0,500
opendata.leisurecloud.live,Your Leisure,ScheduledSession,organizer,0.0,500
opendata.leisurecloud.live,Your Leisure,ScheduledSession,offers,0.0,500
opendata.leisurecloud.live,Your Leisure,ScheduledSession,location,0.0,500
opendata.leisurecloud.live,Your Leisure,ScheduledSession,name,0.0,500
opendata.leisurecloud.live,Your Leisure,ScheduledSession,description,0.0,500
opendata.leisurecloud.live,Your Leisure,ScheduledSession,eventSchedule,0.0,500
opendata.leisurecloud.live,Your Leisure,ScheduledSession,ageRange,0.0,500
opendata.leisurecloud.live,Your Leisure,ScheduledSession,genderRestriction,0.0,500
opendata.leisurecloud.live,Your Leisure,ScheduledSession,level,0.0,500
opendata.leisurecloud.live,Your Leisure,ScheduledSession,url,0.0,500
opendata.leisurecloud.live,Your Leisure,ScheduledSession,attendeeInstructions,0.0,500
opendata.leisurecloud.live,Your Leisure,ScheduledSession,superEvent,1.0,500
opendata.leisurecloud.live,Your Leisure,ScheduledSession,activity,0.0,467
opendata.leisurecloud.live,Your Leisure,ScheduledSession,category,0.0,467
opendata.leisurecloud.live,Your Leisure,ScheduledSession,organizer,0.0,467
opendata.leisurecloud.live,Your Leisure,ScheduledSession,offers,0.0,467
opendata.leisurecloud.live,Your Leisure,ScheduledSession,location,0.0,467
opendata.leisurecloud.live,Your Leisure,ScheduledSession,name,0.0,467
opendata.leisurecloud.live,Your Leisure,ScheduledSession,description,0.0,467
opendata.leisurecloud.live,Your Leisure,ScheduledSession,eventSchedule,0.0,467
opendata.leisurecloud.live,Your Leisure,ScheduledSession,ageRange,0.0,467
opendata.leisurecloud.live,Your Leisure,ScheduledSession,genderRestriction,0.0,467
opendata.leisurecloud.live,Your Leisure,ScheduledSession,level,0.0,467
opendata.leisurecloud.live,Your Leisure,ScheduledSession,url,0.0,467
opendata.leisurecloud.live,Your Leisure,ScheduledSession,attendeeInstructions,0.0,467
opendata.leisurecloud.live,Your Leisure,ScheduledSession,superEvent,1.0,467
opendata.leisurecloud.live,Your Leisure,FacilityUse,activity,0.0526,38
opendata.leisurecloud.live,Your Leisure,FacilityUse,category,1.0,38
opendata.leisurecloud.live,Your Leisure,FacilityUse,organizer,0.0,38
opendata.leisurecloud.live,Your Leisure,FacilityUse,offers,1.0,38
opendata.leisurecloud.live,Your Leisure,FacilityUse,location,1.0,38
opendata.leisurecloud.live,Your Leisure,FacilityUse,name,1.0,38
opendata.leisurecloud.live,Your Leisure,FacilityUse,description,0.0,38
opendata.leisurecloud.live,Your Leisure,FacilityUse,eventSchedule,0.0,38
opendata.leisurecloud.live,Your Leisure,FacilityUse,ageRange,0.0,38
opendata.leisurecloud.live,Your Leisure,FacilityUse,genderRestriction,0.0,38
opendata.leisurecloud.live,Your Leisure,FacilityUse,level,0.0,38
opendata.leisurecloud.live,Your Leisure,FacilityUse,url,1.0,38
opendata.leisurecloud.live,Your Leisure,FacilityUse,attendeeInstructions,0.8421,38
opendata.leisurecloud.live,Your Leisure,FacilityUse,superEvent,0.0,38
opendata.leisurecloud.live,Your Leisure,Slot,activity,0.0,500
opendata.leisurecloud.live,Your Leisure,Slot,category,0.0,500
opendata.leisurecloud.live,Your Leisure,Slot,organizer,0.0,500
opendata.leisurecloud.live,Your Leisure,Slot,offers,1.0,500
opendata.leisurecloud.live,Your Leisure,Slot,location,0.0,500
opendata.leisurecloud.live,Your Leisure,Slot,name,0.0,500
opendata.leisurecloud.live,Your Leisure,Slot,description,0.0,500
opendata.leisurecloud.live,Your Leisure,Slot,eventSchedule,0.0,500
opendata.leisurecloud.live,Your Leisure,Slot,ageRange,0.0,500
opendata.leisurecloud.live,Your Leisure,Slot,genderRestriction,0.0,500
opendata.leisurecloud.live,Your Leisure,Slot,level,0.0,500
opendata.leisurecloud.live,Your Leisure,Slot,url,0.0,500
opendata.leisurecloud.live,Your Leisure,Slot,attendeeInstructions,0.0,500
opendata.leisurecloud.live,Your Leisure,Slot,superEvent,0.0,500
opendata.leisurecloud.live,Your Leisure,Slot,activity,0.0,499
opendata.leisurecloud.live,Your Leisure,Slot,category,0.0,499
opendata.leisurecloud.live,Your Leisure,Slot,organizer,0.0,499
opendata.leisurecloud.live,Your Leisure,Slot,offers,1.0,499
opendata.leisurecloud.live,Your Leisure,Slot,location,0.0,499
opendata.leisurecloud.live,Your Leisure,Slot,name,0.0,499
opendata.leisurecloud.live,Your Leisure,Slot,description,0.0,499
opendata.leisurecloud.live,Your Leisure,Slot,eventSchedule,0.0,499
opendata.leisurecloud.live,Your Leisure,Slot,ageRange,0.0,499
opendata.leisurecloud.live,Your Leisure,Slot,genderRestriction,0.0,499
opendata.leisurecloud.live,Your Leisure,Slot,level,0.0,499
opendata.leisurecloud.live,Your Leisure,Slot,url,0.0,499
opendata.leisurecloud.live,Your Leisure,Slot,attendeeInstructions,0.0,499
opendata.leisurecloud.live,Your Leisure,Slot,superEvent,0.0,499
openactivedatacatalog.legendonlineservices.co.uk,Halo,FacilityUse,activity,1.0,95
openactivedatacatalog.legendonlineservices.co.uk,Halo,FacilityUse,category,0.0,95
openactivedatacatalog.legendonlineservices.co.uk,Halo,FacilityUse,organizer,0.0,95
openactivedatacatalog.legendonlineservices.co.uk,Halo,FacilityUse,offers,0.0,95
openactivedatacatalog.legendonlineservices.co.uk,Halo,FacilityUse,location,1.0,95
openactivedatacatalog.legendonlineservices.co.uk,Halo,FacilityUse,name,1.0,95
openactivedatacatalog.legendonlineservices.co.uk,Halo,FacilityUse,description,0.4421,95
openactivedatacatalog.legendonlineservices.co.uk,Halo,FacilityUse,eventSchedule,0.0,95
openactivedatacatalog.legendonlineservices.co.uk,Halo,FacilityUse,ageRange,0.0,95
openactivedatacatalog.legendonlineservices.co.uk,Halo,FacilityUse,genderRestriction,0.0,95
openactivedatacatalog.legendonlineservices.co.uk,Halo,FacilityUse,level,0.0,95
openactivedatacatalog.legendonlineservices.co.uk,Halo,FacilityUse,url,0.1158,95
openactivedatacatalog.legendonlineservices.co.uk,Halo,FacilityUse,attendeeInstructions,0.0,95
openactivedatacatalog.legendonlineservices.co.uk,Halo,FacilityUse,superEvent,0.0,95
openactivedatacatalog.legendonlineservices.co.uk,Serco Leisure,FacilityUse,activity,1.0,100
openactivedatacatalog.legendonlineservices.co.uk,Serco Leisure,FacilityUse,category,0.0,100
openactivedatacatalog.legendonlineservices.co.uk,Serco Leisure,FacilityUse,organizer,0.0,100
openactivedatacatalog.legendonlineservices.co.uk,Serco Leisure,FacilityUse,offers,0.0,100
openactivedatacatalog.legendonlineservices.co.uk,Serco Leisure,FacilityUse,location,1.0,100
openactivedatacatalog.legendonlineservices.co.uk,Serco Leisure,FacilityUse,name,1.0,100
openactivedatacatalog.legendonlineservices.co.uk,Serco Leisure,FacilityUse,description,0.08,100
openactivedatacatalog.legendonlineservices.co.uk,Serco Leisure,FacilityUse,eventSchedule,0.0,100
openactivedatacatalog.legendonlineservices.co.uk,Serco Leisure,FacilityUse,ageRange,0.0,100
openactivedatacatalog.legendonlineservices.co.uk,Serco Leisure,FacilityUse,genderRestriction,0.0,100
openactivedatacatalog.legendonlineservices.co.uk,Serco Leisure,FacilityUse,level,0.0,100
openactivedatacatalog.legendonlineservices.co.uk,Serco Leisure,FacilityUse,url,1.0,100
openactivedatacatalog.legendonlineservices.co.uk,Serco Leisure,FacilityUse,attendeeInstructions,0.0,100
openactivedatacatalog.legendonlineservices.co.uk,Serco Leisure,FacilityUse,superEvent,0.0,100
openactivedatacatalog.legendonlineservices.co.uk,Serco Leisure,FacilityUse,activity,1.0,32
openactivedatacatalog.legendonlineservices.co.uk,Serco Leisure,FacilityUse,category,0.0,32
openactivedatacatalog.legendonlineservices.co.uk,Serco Leisure,FacilityUse,organizer,0.0,32
openactivedatacatalog.legendonlineservices.co.uk,Serco Leisure,FacilityUse,offers,0.0,32
openactivedatacatalog.legendonlineservices.co.uk,Serco Leisure,FacilityUse,location,1.0,32
openactivedatacatalog.legendonlineservices.co.uk,Serco Leisure,FacilityUse,name,1.0,32
openactivedatacatalog.legendonlineservices.co.uk,Serco Leisure,FacilityUse,description,0.0938,32
openactivedatacatalog.legendonlineservices.co.uk,Serco Leisure,FacilityUse,eventSchedule,0.0,32
openactivedatacatalog.legendonlineservices.co.uk,Serco Leisure,FacilityUse,ageRange,0.0,32
openactivedatacatalog.legendonlineservices.co.uk,Serco Leisure,FacilityUse,genderRestriction,0.0,32
openactivedatacatalog.legendonlineservices.co.uk,Serco Leisure,FacilityUse,level,0.0,32
openactivedatacatalog.legendonlineservices.co.uk,Serco Leisure,FacilityUse,url,1.0,32
openactivedatacatalog.legendonlineservices.co.uk,Serco Leisure,FacilityUse,attendeeInstructions,0.0,32
openactivedatacatalog.legendonlineservices.co.uk,Serco Leisure,FacilityUse,superEvent,0.0,32
openactivedatacatalog.legendonlineservices.co.uk,,FacilityUse,activity,1.0,5
openactivedatacatalog.legendonlineservices.co.uk,,FacilityUse,category,0.0,5
openactivedatacatalog.legendonlineservices.co.uk,,FacilityUse,organizer,0.0,5
openactivedatacatalog.legendonlineservices.co.uk,,FacilityUse,offers,0.0,5
openactivedatacatalog.legendonlineservices.co.uk,,FacilityUse,location,1.0,5
openactivedatacatalog.legendonlineservices.co.uk,,FacilityUse,name,1.0,5
openactivedatacatalog.legendonlineservices.co.uk,,FacilityUse,description,0.0,5
openactivedatacatalog.legendonlineservices.co.uk,,FacilityUse,eventSchedule,0.0,5
openactivedatacatalog.legendonlineservices.co.uk,,FacilityUse,ageRange,0.0,5
openactivedatacatalog.legendonlineservices.co.uk,,FacilityUse,genderRestriction,0.0,5
openactivedatacatalog.legendonlineservices.co.uk,,FacilityUse,level,0.0,5
openactivedatacatalog.legendonlineservices.co.uk,,FacilityUse,url,1.0,5
openactivedatacatalog.legendonlineservices.co.uk,,FacilityUse,attendeeInstructions,0.0,5
openactivedatacatalog.legendonlineservices.co.uk,,FacilityUse,superEvent,0.0,5
openactivedatacatalog.legendonlineservices.co.uk,"Parkwood Leisure Ltd, its subsidiaries and partner organisations",FacilityUse,activity,1.0,100
openactivedatacatalog.legendonlineservices.co.uk,"Parkwood Leisure Ltd, its subsidiaries and partner organisations",FacilityUse,category,0.0,100
openactivedatacatalog.legendonlineservices.co.uk,"Parkwood Leisure Ltd, its subsidiaries and partner organisations",FacilityUse,organizer,0.0,100
openactivedatacatalog.legendonlineservices.co.uk,"Parkwood Leisure Ltd, its subsidiaries and partner organisations",FacilityUse,offers,0.0,100
openactivedatacatalog.legendonlineservices.co.uk,"Parkwood Leisure Ltd, its subsidiaries and partner organisations",FacilityUse,location,1.0,100
openactivedatacatalog.legendonlineservices.co.uk,"Parkwood Leisure Ltd, its subsidiaries and partner organisations",FacilityUse,name,1.0,100
openactivedatacatalog.legendonlineservices.co.uk,"Parkwood Leisure Ltd, its subsidiaries and partner organisations",FacilityUse,description,0.41,100
openactivedatacatalog.legendonlineservices.co.uk,"Parkwood Leisure Ltd, its subsidiaries and partner organisations",FacilityUse,eventSchedule,0.0,100
openactivedatacatalog.legendonlineservices.co.uk,"Parkwood Leisure Ltd, its subsidiaries and partner organisations",FacilityUse,ageRange,0.0,100
openactivedatacatalog.legendonlineservices.co.uk,"Parkwood Leisure Ltd, its subsidiaries and partner organisations",FacilityUse,genderRestriction,0.0,100
openactivedatacatalog.legendonlineservices.co.uk,"Parkwood Leisure Ltd, its subsidiaries and partner organisations",FacilityUse,level,0.0,100
openactivedatacatalog.legendonlineservices.co.uk,"Parkwood Leisure Ltd, its subsidiaries and partner organisations",FacilityUse,url,0.0,100
openactivedatacatalog.legendonlineservices.co.uk,"Parkwood Leisure Ltd, its subsidiaries and partner organisations",FacilityUse,attendeeInstructions,0.0,100
openactivedatacatalog.legendonlineservices.co.uk,"Parkwood Leisure Ltd, its subsidiaries and partner organisations",FacilityUse,superEvent,0.0,100
openactivedatacatalog.legendonlineservices.co.uk,"Parkwood Leisure Ltd, its subsidiaries and partner organisations",FacilityUse,activity,1.0,2
openactivedatacatalog.legendonlineservices.co.uk,"Parkwood Leisure Ltd, its subsidiaries and partner organisations",FacilityUse,category,0.0,2
openactivedatacatalog.legendonlineservices.co.uk,"Parkwood Leisure Ltd, its subsidiaries and partner organisations",FacilityUse,organizer,0.0,2
openactivedatacatalog.legendonlineservices.co.uk,"Parkwood Leisure Ltd, its subsidiaries and partner organisations",FacilityUse,offers,0.0,2
openactivedatacatalog.legendonlineservices.co.uk,"Parkwood Leisure Ltd, its subsidiaries and partner organisations",FacilityUse,location,1.0,2
openactivedatacatalog.legendonlineservices.co.uk,"Parkwood Leisure Ltd, its subsidiaries and partner organisations",FacilityUse,name,1.0,2
openactivedatacatalog.legendonlineservices.co.uk,"Parkwood Leisure Ltd, its subsidiaries and partner organisations",FacilityUse,description,0.0,2
openactivedatacatalog.legendonlineservices.co.uk,"Parkwood Leisure Ltd, its subsidiaries and partner organisations",FacilityUse,eventSchedule,0.0,2
openactivedatacatalog.legendonlineservices.co.uk,"Parkwood Leisure Ltd, its subsidiaries and partner organisations",FacilityUse,ageRange,0.0,2
openactivedatacatalog.legendonlineservices.co.uk,"Parkwood Leisure Ltd, its subsidiaries and partner organisations",FacilityUse,genderRestriction,0.0,2
openactivedatacatalog.legendonlineservices.co.uk,"Parkwood Leisure Ltd, its subsidiaries and partner organisations",FacilityUse,level,0.0,2
openactivedatacatalog.legendonlineservices.co.uk,"Parkwood Leisure Ltd, its subsidiaries and partner organisations",FacilityUse,url,0.0,2
openactivedatacatalog.legendonlineservices.co.uk,"Parkwood Leisure Ltd, its subsidiaries and partner organisations",FacilityUse,attendeeInstructions,0.0,2
openactivedatacatalog.legendonlineservices.co.uk,"Parkwood Leisure Ltd, its subsidiaries and partner organisations",FacilityUse,superEvent,0.0,2
openactivedatacatalog.legendonlineservices.co.uk,SLL and InspireAll,FacilityUse,activity,1.0,92
openactivedatacatalog.legendonlineservices.co.uk,SLL and InspireAll,FacilityUse,category,0.0,92
openactivedatacatalog.legendonlineservices.co.uk,SLL and InspireAll,FacilityUse,organizer,0.0,92
openactivedatacatalog.legendonlineservices.co.uk,SLL and InspireAll,FacilityUse,offers,0.0,92
openactivedatacatalog.legendonlineservices.co.uk,SLL and InspireAll,FacilityUse,location,1.0,92
openactivedatacatalog.legendonlineservices.co.uk,SLL and InspireAll,FacilityUse,name,1.0,92
openactivedatacatalog.legendonlineservices.co.uk,SLL and InspireAll,FacilityUse,description,0.6848,92
openactivedatacatalog.legendonlineservices.co.uk,SLL and InspireAll,FacilityUse,eventSchedule,0.0,92
openactivedatacatalog.legendonlineservices.co.uk,SLL and InspireAll,FacilityUse,ageRange,0.0,92
openactivedatacatalog.legendonlineservices.co.uk,SLL and InspireAll,FacilityUse,genderRestriction,0.0,92
openactivedatacatalog.legendonlineservices.co.uk,SLL and InspireAll,FacilityUse,level,0.0,92
openactivedatacatalog.legendonlineservices.co.uk,SLL and InspireAll,FacilityUse,url,1.0,92
openactivedatacatalog.legendonlineservices.co.uk,SLL and InspireAll,FacilityUse,attendeeInstructions,0.0,92
openactivedatacatalog.legendonlineservices.co.uk,SLL and InspireAll,FacilityUse,superEvent,0.0,92
openactivedatacatalog.legendonlineservices.co.uk,,SessionSeries,activity,0.0,100
openactivedatacatalog.legendonlineservices.co.uk,,SessionSeries,category,0.0,100
openactivedatacatalog.legendonlineservices.co.uk,,SessionSeries,organizer,1.0,100
openactivedatacatalog.legendonlineservices.co.uk,,SessionSeries,offers,1.0,100
openactivedatacatalog.legendonlineservices.co.uk,,SessionSeries,location,0.0,100
openactivedatacatalog.legendonlineservices.co.uk,,SessionSeries,name,1.0,100
openactivedatacatalog.legendonlineservices.co.uk,,SessionSeries,description,0.0,100
openactivedatacatalog.legendonlineservices.co.uk,,SessionSeries,eventSchedule,0.0,100
openactivedatacatalog.legendonlineservices.co.uk,,SessionSeries,ageRange,0.0,100
openactivedatacatalog.legendonlineservices.co.uk,,SessionSeries,genderRestriction,0.0,100
openactivedatacatalog.legendonlineservices.co.uk,,SessionSeries,level,0.0,100
openactivedatacatalog.legendonlineservices.co.uk,,SessionSeries,url,0.0,100
openactivedatacatalog.legendonlineservices.co.uk,,SessionSeries,attendeeInstructions,0.0,100
openactivedatacatalog.legendonlineservices.co.uk,,SessionSeries,superEvent,1.0,100
openactivedatacatalog.legendonlineservices.co.uk,,SessionSeries,activity,0.0,100
openactivedatacatalog.legendonlineservices.co.uk,,SessionSeries,category,0.0,100
openactivedatacatalog.legendonlineservices.co.uk,,SessionSeries,organizer,1.0,100
openactivedatacatalog.legendonlineservices.co.uk,,SessionSeries,offers,1.0,100
openactivedatacatalog.legendonlineservices.co.uk,,SessionSeries,location,0.0,100
openactivedatacatalog.legendonlineservices.co.uk,,SessionSeries,name,1.0,100
openactivedatacatalog.legendonlineservices.co.uk,,SessionSeries,description,0.0,100
openactivedatacatalog.legendonlineservices.co.uk,,SessionSeries,eventSchedule,0.0,100
openactivedatacatalog.legendonlineservices.co.uk,,SessionSeries,ageRange,0.0,100
openactivedatacatalog.legendonlineservices.co.uk,,SessionSeries,genderRestriction,0.0,100
openactivedatacatalog.legendonlineservices.co.uk,,SessionSeries,level,0.0,100
openactivedatacatalog.legendonlineservices.co.uk,,SessionSeries,url,0.0,100
openactivedatacatalog.legendonlineservices.co.uk,,SessionSeries,attendeeInstructions,0.0,100
openactivedatacatalog.legendonlineservices.co.uk,,SessionSeries,superEvent,1.0,100
openactivedatacatalog.legendonlineservices.co.uk,,FacilityUse,activity,1.0,5
openactivedatacatalog.legendonlineservices.co.uk,,FacilityUse,category,0.0,5
openactivedatacatalog.legendonlineservices.co.uk,,FacilityUse,organizer,0.0,5
openactivedatacatalog.legendonlineservices.co.uk,,FacilityUse,offers,0.0,5
openactivedatacatalog.legendonlineservices.co.uk,,FacilityUse,location,1.0,5
openactivedatacatalog.legendonlineservices.co.uk,,FacilityUse,name,1.0,5
openactivedatacatalog.legendonlineservices.co.uk,,FacilityUse,description,0.0,5
openactivedatacatalog.legendonlineservices.co.uk,,FacilityUse,eventSchedule,0.0,5
openactivedatacatalog.legendonlineservices.co.uk,,FacilityUse,ageRange,0.0,5
openactivedatacatalog.legendonlineservices.co.uk,,FacilityUse,genderRestriction,0.0,5
openactivedatacatalog.legendonlineservices.co.uk,,FacilityUse,level,0.0,5
openactivedatacatalog.legendonlineservices.co.uk,,FacilityUse,url,0.0,5
openactivedatacatalog.legendonlineservices.co.uk,,FacilityUse,attendeeInstructions,0.0,5
openactivedatacatalog.legendonlineservices.co.uk,,FacilityUse,superEvent,0.0,5
openactivedatacatalog.legendonlineservices.co.uk,,Slot,activity,0.0,100
openactivedatacatalog.legendonlineservices.co.uk,,Slot,category,0.0,100
openactivedatacatalog.legendonlineservices.co.uk,,Slot,organizer,0.0,100
openactivedatacatalog.legendonlineservices.co.uk,,Slot,offers,1.0,100
openactivedatacatalog.legendonlineservices.co.uk,,Slot,location,0.0,100
openactivedatacatalog.legendonlineservices.co.uk,,Slot,name,0.0,100
openactivedatacatalog.legendonlineservices.co.uk,,Slot,description,0.0,100
openactivedatacatalog.legendonlineservices.co.uk,,Slot,eventSchedule,0.0,100
openactivedatacatalog.legendonlineservices.co.uk,,Slot,ageRange,0.0,100
openactivedatacatalog.legendonlineservices.co.uk,,Slot,genderRestriction,0.0,100
openactivedatacatalog.legendonlineservices.co.uk,,Slot,level,0.0,100
openactivedatacatalog.legendonlineservices.co.uk,,Slot,url,0.0,100
openactivedatacatalog.legendonlineservices.co.uk,,Slot,attendeeInstructions,0.0,100
openactivedatacatalog.legendonlineservices.co.uk,,Slot,superEvent,0.0,100
openactivedatacatalog.legendonlineservices.co.uk,Loughborough University,FacilityUse,activity,1.0,7
openactivedatacatalog.legendonlineservices.co.uk,Loughborough University,FacilityUse,category,0.0,7
openactivedatacatalog.legendonlineservices.co.uk,Loughborough University,FacilityUse,organizer,0.0,7
openactivedatacatalog.legendonlineservices.co.uk,Loughborough University,FacilityUse,offers,0.0,7
openactivedatacatalog.legendonlineservices.co.uk,Loughborough University,FacilityUse,location,1.0,7
openactivedatacatalog.legendonlineservices.co.uk,Loughborough University,FacilityUse,name,1.0,7
openactivedatacatalog.legendonlineservices.co.uk,Loughborough University,FacilityUse,description,1.0,7
openactivedatacatalog.legendonlineservices.co.uk,Loughborough University,FacilityUse,eventSchedule,0.0,7
openactivedatacatalog.legendonlineservices.co.uk,Loughborough University,FacilityUse,ageRange,0.0,7
openactivedatacatalog.legendonlineservices.co.uk,Loughborough University,FacilityUse,genderRestriction,0.0,7
openactivedatacatalog.legendonlineservices.co.uk,Loughborough University,FacilityUse,level,0.0,7
openactivedatacatalog.legendonlineservices.co.uk,Loughborough University,FacilityUse,url,1.0,7
openactivedatacatalog.legendonlineservices.co.uk,Loughborough University,FacilityUse,attendeeInstructions,0.0,7
openactivedatacatalog.legendonlineservices.co.uk,Loughborough University,FacilityUse,superEvent,0.0,7
openactivedatacatalog.legendonlineservices.co.uk,,FacilityUse,activity,1.0,8
openactivedatacatalog.legendonlineservices.co.uk,,FacilityUse,category,0.0,8
openactivedatacatalog.legendonlineservices.co.uk,,FacilityUse,organizer,0.0,8
openactivedatacatalog.legendonlineservices.co.uk,,FacilityUse,offers,0.0,8
openactivedatacatalog.legendonlineservices.co.uk,,FacilityUse,location,1.0,8
openactivedatacatalog.legendonlineservices.co.uk,,FacilityUse,name,1.0,8
openactivedatacatalog.legendonlineservices.co.uk,,FacilityUse,description,0.375,8
openactivedatacatalog.legendonlineservices.co.uk,,FacilityUse,eventSchedule,0.0,8
openactivedatacatalog.legendonlineservices.co.uk,,FacilityUse,ageRange,0.0,8
openactivedatacatalog.legendonlineservices.co.uk,,FacilityUse,genderRestriction,0.0,8
openactivedatacatalog.legendonlineservices.co.uk,,FacilityUse,level,0.0,8
openactivedatacatalog.legendonlineservices.co.uk,,FacilityUse,url,0.0,8
openactivedatacatalog.legendonlineservices.co.uk,,FacilityUse,attendeeInstructions,0.0,8
openactivedatacatalog.legendonlineservices.co.uk,,FacilityUse,superEvent,0.0,8
openactivedatacatalog.legendonlineservices.co.uk,Tendring Leisure,FacilityUse,activity,1.0,10
openactivedatacatalog.legendonlineservices.co.uk,Tendring Leisure,FacilityUse,category,0.0,10
openactivedatacatalog.legendonlineservices.co.uk,Tendring Leisure,FacilityUse,organizer,0.0,10
openactivedatacatalog.legendonlineservices.co.uk,Tendring Leisure,FacilityUse,offers,0.0,10
openactivedatacatalog.legendonlineservices.co.uk,Tendring Leisure,FacilityUse,location,1.0,10
openactivedatacatalog.legendonlineservices.co.uk,Tendring Leisure,FacilityUse,name,1.0,10
openactivedatacatalog.legendonlineservices.co.uk,Tendring Leisure,FacilityUse,description,0.7,10
openactivedatacatalog.legendonlineservices.co.uk,Tendring Leisure,FacilityUse,eventSchedule,0.0,10
openactivedatacatalog.legendonlineservices.co.uk,Tendring Leisure,FacilityUse,ageRange,0.0,10
openactivedatacatalog.legendonlineservices.co.uk,Tendring Leisure,FacilityUse,genderRestriction,0.0,10
openactivedatacatalog.legendonlineservices.co.uk,Tendring Leisure,FacilityUse,level,0.0,10
openactivedatacatalog.legendonlineservices.co.uk,Tendring Leisure,FacilityUse,url,0.0,10
openactivedatacatalog.legendonlineservices.co.uk,Tendring Leisure,FacilityUse,attendeeInstructions,0.0,10
openactivedatacatalog.legendonlineservices.co.uk,Tendring Leisure,FacilityUse,superEvent,0.0,10
openactivedatacatalog.legendonlineservices.co.uk,Barrow Park Leisure Centre,SessionSeries,activity,0.0,100
openactivedatacatalog.legendonlineservices.co.uk,Barrow Park Leisure Centre,SessionSeries,category,0.0,100
openactivedatacatalog.legendonlineservices.co.uk,Barrow Park Leisure Centre,SessionSeries,organizer,1.0,100
openactivedatacatalog.legendonlineservices.co.uk,Barrow Park Leisure Centre,SessionSeries,offers,1.0,100
openactivedatacatalog.legendonlineservices.co.uk,Barrow Park Leisure Centre,SessionSeries,location,0.0,100
openactivedatacatalog.legendonlineservices.co.uk,Barrow Park Leisure Centre,SessionSeries,name,1.0,100
openactivedatacatalog.legendonlineservices.co.uk,Barrow Park Leisure Centre,SessionSeries,description,0.0,100
openactivedatacatalog.legendonlineservices.co.uk,Barrow Park Leisure Centre,SessionSeries,eventSchedule,0.0,100
openactivedatacatalog.legendonlineservices.co.uk,Barrow Park Leisure Centre,SessionSeries,ageRange,0.0,100
openactivedatacatalog.legendonlineservices.co.uk,Barrow Park Leisure Centre,SessionSeries,genderRestriction,0.0,100
openactivedatacatalog.legendonlineservices.co.uk,Barrow Park Leisure Centre,SessionSeries,level,0.0,100
openactivedatacatalog.legendonlineservices.co.uk,Barrow Park Leisure Centre,SessionSeries,url,0.0,100
openactivedatacatalog.legendonlineservices.co.uk,Barrow Park Leisure Centre,SessionSeries,attendeeInstructions,0.0,100
openactivedatacatalog.legendonlineservices.co.uk,Barrow Park Leisure Centre,SessionSeries,superEvent,1.0,100
openactivedatacatalog.legendonlineservices.co.uk,Barrow Park Leisure Centre,SessionSeries,activity,0.0,100
openactivedatacatalog.legendonlineservices.co.uk,Barrow Park Leisure Centre,SessionSeries,category,0.0,100
openactivedatacatalog.legendonlineservices.co.uk,Barrow Park Leisure Centre,SessionSeries,organizer,1.0,100
openactivedatacatalog.legendonlineservices.co.uk,Barrow Park Leisure Centre,SessionSeries,offers,1.0,100
openactivedatacatalog.legendonlineservices.co.uk,Barrow Park Leisure Centre,SessionSeries,location,0.0,100
openactivedatacatalog.legendonlineservices.co.uk,Barrow Park Leisure Centre,SessionSeries,name,1.0,100
openactivedatacatalog.legendonlineservices.co.uk,Barrow Park Leisure Centre,SessionSeries,description,0.0,100
openactivedatacatalog.legendonlineservices.co.uk,Barrow Park Leisure Centre,SessionSeries,eventSchedule,0.0,100
openactivedatacatalog.legendonlineservices.co.uk,Barrow Park Leisure Centre,SessionSeries,ageRange,0.0,100
openactivedatacatalog.legendonlineservices.co.uk,Barrow Park Leisure Centre,SessionSeries,genderRestriction,0.0,100
openactivedatacatalog.legendonlineservices.co.uk,Barrow Park Leisure Centre,SessionSeries,level,0.0,100
openactivedatacatalog.legendonlineservices.co.uk,Barrow Park Leisure Centre,SessionSeries,url,0.0,100
openactivedatacatalog.legendonlineservices.co.uk,Barrow Park Leisure Centre,SessionSeries,attendeeInstructions,0.0,100
openactivedatacatalog.legendonlineservices.co.uk,Barrow Park Leisure Centre,SessionSeries,superEvent,1.0,100
openactivedatacatalog.legendonlineservices.co.uk,Barrow Park Leisure Centre,FacilityUse,activity,1.0,7
openactivedatacatalog.legendonlineservices.co.uk,Barrow Park Leisure Centre,FacilityUse,category,0.0,7
openactivedatacatalog.legendonlineservices.co.uk,Barrow Park Leisure Centre,FacilityUse,organizer,0.0,7
openactivedatacatalog.legendonlineservices.co.uk,Barrow Park Leisure Centre,FacilityUse,offers,0.0,7
openactivedatacatalog.legendonlineservices.co.uk,Barrow Park Leisure Centre,FacilityUse,location,1.0,7
openactivedatacatalog.legendonlineservices.co.uk,Barrow Park Leisure Centre,FacilityUse,name,1.0,7
openactivedatacatalog.legendonlineservices.co.uk,Barrow Park Leisure Centre,FacilityUse,description,0.0,7
openactivedatacatalog.legendonlineservices.co.uk,Barrow Park Leisure Centre,FacilityUse,eventSchedule,0.0,7
openactivedatacatalog.legendonlineservices.co.uk,Barrow Park Leisure Centre,FacilityUse,ageRange,0.0,7
openactivedatacatalog.legendonlineservices.co.uk,Barrow Park Leisure Centre,FacilityUse,genderRestriction,0.0,7
openactivedatacatalog.legendonlineservices.co.uk,Barrow Park Leisure Centre,FacilityUse,level,0.0,7
openactivedatacatalog.legendonlineservices.co.uk,Barrow Park Leisure Centre,FacilityUse,url,1.0,7
openactivedatacatalog.legendonlineservices.co.uk,Barrow Park Leisure Centre,FacilityUse,attendeeInstructions,0.0,7
openactivedatacatalog.legendonlineservices.co.uk,Barrow Park Leisure Centre,FacilityUse,superEvent,0.0,7
openactivedatacatalog.legendonlineservices.co.uk,,SessionSeries,activity,0.0,100
openactivedatacatalog.legendonlineservices.co.uk,,SessionSeries,category,0.0,100
openactivedatacatalog.legendonlineservices.co.uk,,SessionSeries,organizer,1.0,100
openactivedatacatalog.legendonlineservices.co.uk,,SessionSeries,offers,1.0,100
openactivedatacatalog.legendonlineservices.co.uk,,SessionSeries,location,0.0,100
openactivedatacatalog.legendonlineservices.co.uk,,SessionSeries,name,1.0,100
openactivedatacatalog.legendonlineservices.co.uk,,SessionSeries,description,0.0,100
openactivedatacatalog.legendonlineservices.co.uk,,SessionSeries,eventSchedule,0.0,100
openactivedatacatalog.legendonlineservices.co.uk,,SessionSeries,ageRange,0.0,100
openactivedatacatalog.legendonlineservices.co.uk,,SessionSeries,genderRestriction,0.0,100
openactivedatacatalog.legendonlineservices.co.uk,,SessionSeries,level,0.0,100
openactivedatacatalog.legendonlineservices.co.uk,,SessionSeries,url,0.0,100
openactivedatacatalog.legendonlineservices.co.uk,,SessionSeries,attendeeInstructions,0.0,100
openactivedatacatalog.legendonlineservices.co.uk,,SessionSeries,superEvent,1.0,100
openactivedatacatalog.legendonlineservices.co.uk,,FacilityUse,activity,1.0,12
openactivedatacatalog.legendonlineservices.co.uk,,FacilityUse,category,0.0,12
openactivedatacatalog.legendonlineservices.co.uk,,FacilityUse,organizer,0.0,12
openactivedatacatalog.legendonlineservices.co.uk,,FacilityUse,offers,0.0,12
openactivedatacatalog.legendonlineservices.co.uk,,FacilityUse,location,1.0,12
openactivedatacatalog.legendonlineservices.co.uk,,FacilityUse,name,1.0,12
openactivedatacatalog.legendonlineservices.co.uk,,FacilityUse,description,0.0,12
openactivedatacatalog.legendonlineservices.co.uk,,FacilityUse,eventSchedule,0.0,12
openactivedatacatalog.legendonlineservices.co.uk,,FacilityUse,ageRange,0.0,12
openactivedatacatalog.legendonlineservices.co.uk,,FacilityUse,genderRestriction,0.0,12
openactivedatacatalog.legendonlineservices.co.uk,,FacilityUse,level,0.0,12
openactivedatacatalog.legendonlineservices.co.uk,,FacilityUse,url,0.0,12
openactivedatacatalog.legendonlineservices.co.uk,,FacilityUse,attendeeInstructions,0.0,12
openactivedatacatalog.legendonlineservices.co.uk,,FacilityUse,superEvent,0.0,12
openactivedatacatalog.legendonlineservices.co.uk,Active Luton,SessionSeries,activity,0.0,100
openactivedatacatalog.legendonlineservices.co.uk,Active Luton,SessionSeries,category,0.0,100
openactivedatacatalog.legendonlineservices.co.uk,Active Luton,SessionSeries,organizer,1.0,100
openactivedatacatalog.legendonlineservices.co.uk,Active Luton,SessionSeries,offers,1.0,100
openactivedatacatalog.legendonlineservices.co.uk,Active Luton,SessionSeries,location,0.0,100
openactivedatacatalog.legendonlineservices.co.uk,Active Luton,SessionSeries,name,1.0,100
openactivedatacatalog.legendonlineservices.co.uk,Active Luton,SessionSeries,description,0.0,100
openactivedatacatalog.legendonlineservices.co.uk,Active Luton,SessionSeries,eventSchedule,0.0,100
openactivedatacatalog.legendonlineservices.co.uk,Active Luton,SessionSeries,ageRange,0.0,100
openactivedatacatalog.legendonlineservices.co.uk,Active Luton,SessionSeries,genderRestriction,0.0,100
openactivedatacatalog.legendonlineservices.co.uk,Active Luton,SessionSeries,level,0.0,100
openactivedatacatalog.legendonlineservices.co.uk,Active Luton,SessionSeries,url,0.0,100
openactivedatacatalog.legendonlineservices.co.uk,Active Luton,SessionSeries,attendeeInstructions,0.0,100
openactivedatacatalog.legendonlineservices.co.uk,Active Luton,SessionSeries,superEvent,1.0,100
openactivedatacatalog.legendonlineservices.co.uk,Active Luton,SessionSeries,activity,0.0,100
openactivedatacatalog.legendonlineservices.co.uk,Active Luton,SessionSeries,category,0.0,100
openactivedatacatalog.legendonlineservices.co.uk,Active Luton,SessionSeries,organizer,1.0,100
openactivedatacatalog.legendonlineservices.co.uk,Active Luton,SessionSeries,offers,1.0,100
openactivedatacatalog.legendonlineservices.co.uk,Active Luton,SessionSeries,location,0.0,100
openactivedatacatalog.legendonlineservices.co.uk,Active Luton,SessionSeries,name,1.0,100
openactivedatacatalog.legendonlineservices.co.uk,Active Luton,SessionSeries,description,0.0,100
openactivedatacatalog.legendonlineservices.co.uk,Active Luton,SessionSeries,eventSchedule,0.0,100
openactivedatacatalog.legendonlineservices.co.uk,Active Luton,SessionSeries,ageRange,0.0,100
openactivedatacatalog.legendonlineservices.co.uk,Active Luton,SessionSeries,genderRestriction,0.0,100
openactivedatacatalog.legendonlineservices.co.uk,Active Luton,SessionSeries,level,0.0,100
openactivedatacatalog.legendonlineservices.co.uk,Active Luton,SessionSeries,url,0.0,100
openactivedatacatalog.legendonlineservices.co.uk,Active Luton,SessionSeries,attendeeInstructions,0.0,100
openactivedatacatalog.legendonlineservices.co.uk,Active Luton,SessionSeries,superEvent,1.0,100
openactivedatacatalog.legendonlineservices.co.uk,Active Luton,Slot,activity,0.0,100
openactivedatacatalog.legendonlineservices.co.uk,Active Luton,Slot,category,0.0,100
openactivedatacatalog.legendonlineservices.co.uk,Active Luton,Slot,organizer,0.0,100
openactivedatacatalog.legendonlineservices.co.uk,Active Luton,Slot,offers,1.0,100
openactivedatacatalog.legendonlineservices.co.uk,Active Luton,Slot,location,0.0,100
openactivedatacatalog.legendonlineservices.co.uk,Active Luton,Slot,name,0.0,100
openactivedatacatalog.legendonlineservices.co.uk,Active Luton,Slot,description,0.0,100
openactivedatacatalog.legendonlineservices.co.uk,Active Luton,Slot,eventSchedule,0.0,100
openactivedatacatalog.legendonlineservices.co.uk,Active Luton,Slot,ageRange,0.0,100
openactivedatacatalog.legendonlineservices.co.uk,Active Luton,Slot,genderRestriction,0.0,100
openactivedatacatalog.legendonlineservices.co.uk,Active Luton,Slot,level,0.0,100
openactivedatacatalog.legendonlineservices.co.uk,Active Luton,Slot,url,0.0,100
openactivedatacatalog.legendonlineservices.co.uk,Active Luton,Slot,attendeeInstructions,0.0,100
openactivedatacatalog.legendonlineservices.co.uk,Active Luton,Slot,superEvent,0.0,100
openactivedatacatalog.legendonlineservices.co.uk,,SessionSeries,activity,0.0,100
openactivedatacatalog.legendonlineservices.co.uk,,SessionSeries,category,0.0,100
openactivedatacatalog.legendonlineservices.co.uk,,SessionSeries,organizer,1.0,100
openactivedatacatalog.legendonlineservices.co.uk,,SessionSeries,offers,1.0,100
openactivedatacatalog.legendonlineservices.co.uk,,SessionSeries,location,0.0,100
openactivedatacatalog.legendonlineservices.co.uk,,SessionSeries,name,1.0,100
openactivedatacatalog.legendonlineservices.co.uk,,SessionSeries,description,0.0,100
openactivedatacatalog.legendonlineservices.co.uk,,SessionSeries,eventSchedule,0.0,100
openactivedatacatalog.legendonlineservices.co.uk,,SessionSeries,ageRange,0.0,100
openactivedatacatalog.legendonlineservices.co.uk,,SessionSeries,genderRestriction,0.0,100
openactivedatacatalog.legendonlineservices.co.uk,,SessionSeries,level,0.0,100
openactivedatacatalog.legendonlineservices.co.uk,,SessionSeries,url,0.0,100
openactivedatacatalog.legendonlineservices.co.uk,,SessionSeries,attendeeInstructions,0.0,100
openactivedatacatalog.legendonlineservices.co.uk,,SessionSeries,superEvent,1.0,100
openactivedatacatalog.legendonlineservices.co.uk,,SessionSeries,activity,0.0,100
openactivedatacatalog.legendonlineservices.co.uk,,SessionSeries,category,0.0,100
openactivedatacatalog.legendonlineservices.co.uk,,SessionSeries,organizer,1.0,100
openactivedatacatalog.legendonlineservices.co.uk,,SessionSeries,offers,1.0,100
openactivedatacatalog.legendonlineservices.co.uk,,SessionSeries,location,0.0,100
openactivedatacatalog.legendonlineservices.co.uk,,SessionSeries,name,1.0,100
openactivedatacatalog.legendonlineservices.co.uk,,SessionSeries,description,0.0,100
openactivedatacatalog.legendonlineservices.co.uk,,SessionSeries,eventSchedule,0.0,100
openactivedatacatalog.legendonlineservices.co.uk,,SessionSeries,ageRange,0.0,100
openactivedatacatalog.legendonlineservices.co.uk,,SessionSeries,genderRestriction,0.0,100
openactivedatacatalog.legendonlineservices.co.uk,,SessionSeries,level,0.0,100
openactivedatacatalog.legendonlineservices.co.uk,,SessionSeries,url,0.0,100
openactivedatacatalog.legendonlineservices.co.uk,,SessionSeries,attendeeInstructions,0.0,100
openactivedatacatalog.legendonlineservices.co.uk,,SessionSeries,superEvent,1.0,100
openactivedatacatalog.legendonlineservices.co.uk,,FacilityUse,activity,1.0,5
openactivedatacatalog.legendonlineservices.co.uk,,FacilityUse,category,0.0,5
openactivedatacatalog.legendonlineservices.co.uk,,FacilityUse,organizer,0.0,5
openactivedatacatalog.legendonlineservices.co.uk,,FacilityUse,offers,0.0,5
openactivedatacatalog.legendonlineservices.co.uk,,FacilityUse,location,1.0,5
openactivedatacatalog.legendonlineservices.co.uk,,FacilityUse,name,1.0,5
openactivedatacatalog.legendonlineservices.co.uk,,FacilityUse,description,0.2,5
openactivedatacatalog.legendonlineservices.co.uk,,FacilityUse,eventSchedule,0.0,5
openactivedatacatalog.legendonlineservices.co.uk,,FacilityUse,ageRange,0.0,5
openactivedatacatalog.legendonlineservices.co.uk,,FacilityUse,genderRestriction,0.0,5
openactivedatacatalog.legendonlineservices.co.uk,,FacilityUse,level,0.0,5
openactivedatacatalog.legendonlineservices.co.uk,,FacilityUse,url,0.0,5
openactivedatacatalog.legendonlineservices.co.uk,,FacilityUse,attendeeInstructions,0.0,5
openactivedatacatalog.legendonlineservices.co.uk,,FacilityUse,superEvent,0.0,5
openactivedatacatalog.legendonlineservices.co.uk,,SessionSeries,activity,0.0,100
openactivedatacatalog.legendonlineservices.co.uk,,SessionSeries,category,0.0,100
openactivedatacatalog.legendonlineservices.co.uk,,SessionSeries,organizer,1.0,100
openactivedatacatalog.legendonlineservices.co.uk,,SessionSeries,offers,1.0,100
openactivedatacatalog.legendonlineservices.co.uk,,SessionSeries,location,0.0,100
openactivedatacatalog.legendonlineservices.co.uk,,SessionSeries,name,1.0,100
openactivedatacatalog.legendonlineservices.co.uk,,SessionSeries,description,0.0,100
openactivedatacatalog.legendonlineservices.co.uk,,SessionSeries,eventSchedule,0.0,100
openactivedatacatalog.legendonlineservices.co.uk,,SessionSeries,ageRange,0.0,100
openactivedatacatalog.legendonlineservices.co.uk,,SessionSeries,genderRestriction,0.0,100
openactivedatacatalog.legendonlineservices.co.uk,,SessionSeries,level,0.0,100
openactivedatacatalog.legendonlineservices.co.uk,,SessionSeries,url,0.0,100
openactivedatacatalog.legendonlineservices.co.uk,,SessionSeries,attendeeInstructions,0.0,100
openactivedatacatalog.legendonlineservices.co.uk,,SessionSeries,superEvent,1.0,100
openactive.io,Better,SessionSeries,activity,1.0,500
openactive.io,Better,SessionSeries,category,0.0,500
openactive.io,Better,SessionSeries,organizer,1.0,500
openactive.io,Better,SessionSeries,offers,0.92,500
openactive.io,Better,SessionSeries,location,1.0,500
openactive.io,Better,SessionSeries,name,1.0,500
openactive.io,Better,SessionSeries,description,0.936,500
openactive.io,Better,SessionSeries,eventSchedule,1.0,500
openactive.io,Better,SessionSeries,ageRange,0.282,500
openactive.io,Better,SessionSeries,genderRestriction,1.0,500
openactive.io,Better,SessionSeries,level,0.132,500
openactive.io,Better,SessionSeries,url,1.0,500
openactive.io,Better,SessionSeries,attendeeInstructions,0.002,500
openactive.io,Better,SessionSeries,superEvent,0.0,500
openactive.io,Better,SessionSeries,activity,1.0,500
openactive.io,Better,SessionSeries,category,0.0,500
openactive.io,Better,SessionSeries,organizer,1.0,500
openactive.io,Better,SessionSeries,offers,0.976,500
openactive.io,Better,SessionSeries,location,1.0,500
openactive.io,Better,SessionSeries,name,1.0,500
openactive.io,Better,SessionSeries,description,0.916,500
openactive.io,Better,SessionSeries,eventSchedule,1.0,500
openactive.io,Better,SessionSeries,ageRange,0.306,500
openactive.io,Better,SessionSeries,genderRestriction,1.0,500
openactive.io,Better,SessionSeries,level,0.156,500
openactive.io,Better,SessionSeries,url,1.0,500
openactive.io,Better,SessionSeries,attendeeInstructions,0.0,500
openactive.io,Better,SessionSeries,superEvent,0.0,500
openactive.io,Better,ScheduledSession,activity,0.0,500
openactive.io,Better,ScheduledSession,category,0.0,500
openactive.io,Better,ScheduledSession,organizer,0.0,500
openactive.io,Better,ScheduledSession,offers,0.984,500
openactive.io,Better,ScheduledSession,location,0.0,500
openactive.io,Better,ScheduledSession,name,0.0,500
openactive.io,Better,ScheduledSession,description,0.0,500
openactive.io,Better,ScheduledSession,eventSchedule,0.0,500
openactive.io,Better,ScheduledSession,ageRange,0.0,500
openactive.io,Better,ScheduledSession,genderRestriction,0.0,500
openactive.io,Better,ScheduledSession,level,0.0,500
openactive.io,Better,ScheduledSession,url,1.0,500
openactive.io,Better,ScheduledSession,attendeeInstructions,0.0,500
openactive.io,Better,ScheduledSession,superEvent,1.0,500
openactive.io,Better,ScheduledSession,activity,0.0,500
openactive.io,Better,ScheduledSession,category,0.0,500
openactive.io,Better,ScheduledSession,organizer,0.0,500
openactive.io,Better,ScheduledSession,offers,0.91,500
openactive.io,Better,ScheduledSession,location,0.0,500
openactive.io,Better,ScheduledSession,name,0.0,500
openactive.io,Better,ScheduledSession,description,0.0,500
openactive.io,Better,ScheduledSession,eventSchedule,0.0,500
openactive.io,Better,ScheduledSession,ageRange,0.0,500
openactive.io,Better,ScheduledSession,genderRestriction,0.0,500
openactive.io,Better,ScheduledSession,level,0.0,500
openactive.io,Better,ScheduledSession,url,1.0,500
openactive.io,Better,ScheduledSession,attendeeInstructions,0.0,500
openactive.io,Better,ScheduledSession,superEvent,1.0,500
openactive.io,Better,FacilityUse,activity,0.0,500
openactive.io,Better,FacilityUse,category,0.0,500
openactive.io,Better,FacilityUse,organizer,0.0,500
openactive.io,Better,FacilityUse,offers,0.0,500
openactive.io,Better,FacilityUse,location,1.0,500
openactive.io,Better,FacilityUse,name,1.0,500
openactive.io,Better,FacilityUse,description,0.814,500
openactive.io,Better,FacilityUse,eventSchedule,0.0,500
openactive.io,Better,FacilityUse,ageRange,0.0,500
openactive.io,Better,FacilityUse,genderRestriction,0.0,500
openactive.io,Better,FacilityUse,level,0.0,500
openactive.io,Better,FacilityUse,url,1.0,500
openactive.io,Better,FacilityUse,attendeeInstructions,0.0,500
openactive.io,Better,FacilityUse,superEvent,0.0,500
openactive.io,Better,FacilityUse,activity,0.0,500
openactive.io,Better,FacilityUse,category,0.0,500
openactive.io,Better,FacilityUse,organizer,0.0,500
openactive.io,Better,FacilityUse,offers,0.0,500
openactive.io,Better,FacilityUse,location,1.0,500
openactive.io,Better,FacilityUse,name,1.0,500
openactive.io,Better,FacilityUse,description,0.844,500
openactive.io,Better,FacilityUse,eventSchedule,0.0,500
openactive.io,Better,FacilityUse,ageRange,0.0,500
openactive.io,Better,FacilityUse,genderRestriction,0.0,500
openactive.io,Better,FacilityUse,level,0.0,500
openactive.io,Better,FacilityUse,url,1.0,500
openactive.io,Better,FacilityUse,attendeeInstructions,0.0,500
openactive.io,Better,FacilityUse,superEvent,0.0,500
openactive.io,Better,Slot,activity,0.0,500
openactive.io,Better,Slot,category,0.0,500
openactive.io,Better,Slot,organizer,0.0,500
openactive.io,Better,Slot,offers,1.0,500
openactive.io,Better,Slot,location,0.0,500
openactive.io,Better,Slot,name,0.0,500
openactive.io,Better,Slot,description,0.0,500
openactive.io,Better,Slot,eventSchedule,0.0,500
openactive.io,Better,Slot,ageRange,0.0,500
openactive.io,Better,Slot,genderRestriction,0.0,500
openactive.io,Better,Slot,level,0.0,500
openactive.io,Better,Slot,url,0.978,500
openactive.io,Better,Slot,attendeeInstructions,0.0,500
openactive.io,Better,Slot,superEvent,0.0,500
openactive.io,Better,Slot,activity,0.0,500
openactive.io,Better,Slot,category,0.0,500
openactive.io,Better,Slot,organizer,0.0,500
openactive.io,Better,Slot,offers,1.0,500
openactive.io,Better,Slot,location,0.0,500
openactive.io,Better,Slot,name,0.0,500
openactive.io,Better,Slot,description,0.0,500
openactive.io,Better,Slot,eventSchedule,0.0,500
openactive.io,Better,Slot,ageRange,0.0,500
openactive.io,Better,Slot,genderRestriction,0.0,500
openactive.io,Better,Slot,level,0.0,500
openactive.io,Better,Slot,url,1.0,500
openactive.io,Better,Slot,attendeeInstructions,0.0,500
openactive.io,Better,Slot,superEvent,0.0,500
openactive.io,Bookwhen,SessionSeries,activity,1.0,50
openactive.io,Bookwhen,SessionSeries,category,0.5294,50
openactive.io,Bookwhen,SessionSeries,organizer,1.0,50
openactive.io,Bookwhen,SessionSeries,offers,0.0,50
openactive.io,Bookwhen,SessionSeries,location,0.4118,50
openactive.io,Bookwhen,SessionSeries,name,1.0,50
openactive.io,Bookwhen,SessionSeries,description,0.9412,50
openactive.io,Bookwhen,SessionSeries,eventSchedule,1.0,50
openactive.io,Bookwhen,SessionSeries,ageRange,0.0,50
openactive.io,Bookwhen,SessionSeries,genderRestriction,1.0,50
openactive.io,Bookwhen,SessionSeries,level,0.4118,50
openactive.io,Bookwhen,SessionSeries,url,1.0,50
openactive.io,Bookwhen,SessionSeries,attendeeInstructions,0.5882,50
openactive.io,Bookwhen,SessionSeries,superEvent,0.0,50
openactive.io,Bookwhen,SessionSeries,activity,1.0,50
openactive.io,Bookwhen,SessionSeries,category,0.125,50
openactive.io,Bookwhen,SessionSeries,organizer,1.0,50
openactive.io,Bookwhen,SessionSeries,offers,0.0,50
openactive.io,Bookwhen,SessionSeries,location,0.375,50
openactive.io,Bookwhen,SessionSeries,name,1.0,50
openactive.io,Bookwhen,SessionSeries,description,0.875,50
openactive.io,Bookwhen,SessionSeries,eventSchedule,1.0,50
openactive.io,Bookwhen,SessionSeries,ageRange,0.125,50
openactive.io,Bookwhen,SessionSeries,genderRestriction,1.0,50
openactive.io,Bookwhen,SessionSeries,level,1.0,50
openactive.io,Bookwhen,SessionSeries,url,1.0,50
openactive.io,Bookwhen,SessionSeries,attendeeInstructions,0.875,50
openactive.io,Bookwhen,SessionSeries,superEvent,0.0,50
openactive.io,Exercise Anywhere,SessionSeries,activity,1.0,14
openactive.io,Exercise Anywhere,SessionSeries,category,1.0,14
openactive.io,Exercise Anywhere,SessionSeries,organizer,1.0,14
openactive.io,Exercise Anywhere,SessionSeries,offers,1.0,14
openactive.io,Exercise Anywhere,SessionSeries,location,1.0,14
openactive.io,Exercise Anywhere,SessionSeries,name,1.0,14
openactive.io,Exercise Anywhere,SessionSeries,description,1.0,14
openactive.io,Exercise Anywhere,SessionSeries,eventSchedule,1.0,14
openactive.io,Exercise Anywhere,SessionSeries,ageRange,1.0,14
openactive.io,Exercise Anywhere,SessionSeries,genderRestriction,1.0,14
openactive.io,Exercise Anywhere,SessionSeries,level,1.0,14
openactive.io,Exercise Anywhere,SessionSeries,url,1.0,14
openactive.io,Exercise Anywhere,SessionSeries,attendeeInstructions,0.0,14
openactive.io,Exercise Anywhere,SessionSeries,superEvent,0.0,14
openactive.io,SportSuite,SessionSeries,activity,1.0,198
openactive.io,SportSuite,SessionSeries,category,0.0,198
openactive.io,SportSuite,SessionSeries,organizer,1.0,198
openactive.io,SportSuite,SessionSeries,offers,1.0,198
openactive.io,SportSuite,SessionSeries,location,1.0,198
openactive.io,SportSuite,SessionSeries,name,1.0,198
openactive.io,SportSuite,SessionSeries,description,1.0,198
openactive.io,SportSuite,SessionSeries,eventSchedule,0.0,198
openactive.io,SportSuite,SessionSeries,ageRange,1.0,198
openactive.io,SportSuite,SessionSeries,genderRestriction,1.0,198
openactive.io,SportSuite,SessionSeries,level,0.0,198
openactive.io,SportSuite,SessionSeries,url,1.0,198
openactive.io,SportSuite,SessionSeries,attendeeInstructions,0.0,198
openactive.io,SportSuite,SessionSeries,superEvent,0.0,198
openactive.io,SportSuite,SessionSeries,activity,1.0,193
openactive.io,SportSuite,SessionSeries,category,0.0,193
openactive.io,SportSuite,SessionSeries,organizer,1.0,193
openactive.io,SportSuite,SessionSeries,offers,1.0,193
openactive.io,SportSuite,SessionSeries,location,1.0,193
openactive.io,SportSuite,SessionSeries,name,1.0,193
openactive.io,SportSuite,SessionSeries,description,1.0,193
openactive.io,SportSuite,SessionSeries,eventSchedule,0.0,193
openactive.io,SportSuite,SessionSeries,ageRange,1.0,193
openactive.io,SportSuite,SessionSeries,genderRestriction,1.0,193
openactive.io,SportSuite,SessionSeries,level,0.0,193
openactive.io,SportSuite,SessionSeries,url,1.0,193
openactive.io,SportSuite,SessionSeries,attendeeInstructions,0.0,193
openactive.io,SportSuite,SessionSeries,superEvent,0.0,193
openactive.io,TeamUp,ScheduledSession,activity,0.0,100
openactive.io,TeamUp,ScheduledSession,category,0.0,100
openactive.io,TeamUp,ScheduledSession,organizer,0.0,100
openactive.io,TeamUp,ScheduledSession,offers,0.0,100
openactive.io,TeamUp,ScheduledSession,location,0.0,100
openactive.io,TeamUp,ScheduledSession,name,1.0,100
openactive.io,TeamUp,ScheduledSession,description,0.0,100
openactive.io,TeamUp,ScheduledSession,eventSchedule,0.0,100
openactive.io,TeamUp,ScheduledSession,ageRange,0.0,100
openactive.io,TeamUp,ScheduledSession,genderRestriction,0.0,100
openactive.io,TeamUp,ScheduledSession,level,0.0,100
openactive.io,TeamUp,ScheduledSession,url,1.0,100
openactive.io,TeamUp,ScheduledSession,attendeeInstructions,0.0,100
openactive.io,TeamUp,ScheduledSession,superEvent,1.0,100
openactive.io,TeamUp,ScheduledSession,activity,0.0,100
openactive.io,TeamUp,ScheduledSession,category,0.0,100
openactive.io,TeamUp,ScheduledSession,organizer,0.0,100
openactive.io,TeamUp,ScheduledSession,offers,0.0,100
openactive.io,TeamUp,ScheduledSession,location,0.0,100
openactive.io,TeamUp,ScheduledSession,name,1.0,100
openactive.io,TeamUp,ScheduledSession,description,0.0,100
openactive.io,TeamUp,ScheduledSession,eventSchedule,0.0,100
openactive.io,TeamUp,ScheduledSession,ageRange,0.0,100
openactive.io,TeamUp,ScheduledSession,genderRestriction,0.0,100
openactive.io,TeamUp,ScheduledSession,level,0.0,100
openactive.io,TeamUp,ScheduledSession,url,1.0,100
openactive.io,TeamUp,ScheduledSession,attendeeInstructions,0.0,100
openactive.io,TeamUp,ScheduledSession,superEvent,1.0,100
openactive.io,Played,ScheduledSession,activity,0.0,500
openactive.io,Played,ScheduledSession,category,0.0,500
openactive.io,Played,ScheduledSession,organizer,0.0,500
openactive.io,Played,ScheduledSession,offers,1.0,500
openactive.io,Played,ScheduledSession,location,0.0,500
openactive.io,Played,ScheduledSession,name,0.0,500
openactive.io,Played,ScheduledSession,description,0.0,500
openactive.io,Played,ScheduledSession,eventSchedule,0.0,500
openactive.io,Played,ScheduledSession,ageRange,0.0,500
openactive.io,Played,ScheduledSession,genderRestriction,0.0,500
openactive.io,Played,ScheduledSession,level,0.0,500
openactive.io,Played,ScheduledSession,url,0.0,500
openactive.io,Played,ScheduledSession,attendeeInstructions,0.0,500
openactive.io,Played,ScheduledSession,superEvent,1.0,500
openactive.io,Played,ScheduledSession,activity,0.0,500
openactive.io,Played,ScheduledSession,category,0.0,500
openactive.io,Played,ScheduledSession,organizer,0.0,500
openactive.io,Played,ScheduledSession,offers,1.0,500
openactive.io,Played,ScheduledSession,location,0.0,500
openactive.io,Played,ScheduledSession,name,0.0,500
openactive.io,Played,ScheduledSession,description,0.0,500
openactive.io,Played,ScheduledSession,eventSchedule,0.0,500
openactive.io,Played,ScheduledSession,ageRange,0.0,500
openactive.io,Played,ScheduledSession,genderRestriction,0.0,500
openactive.io,Played,ScheduledSession,level,0.0,500
openactive.io,Played,ScheduledSession,url,0.0,500
openactive.io,Played,ScheduledSession,attendeeInstructions,0.0,500
openactive.io,Played,ScheduledSession,superEvent,1.0,500
openactive.io,Played,SessionSeries,activity,1.0,500
openactive.io,Played,SessionSeries,category,0.0,500
openactive.io,Played,SessionSeries,organizer,1.0,500
openactive.io,Played,SessionSeries,offers,1.0,500
openactive.io,Played,SessionSeries,location,1.0,500
openactive.io,Played,SessionSeries,name,1.0,500
openactive.io,Played,SessionSeries,description,1.0,500
openactive.io,Played,SessionSeries,eventSchedule,0.1273,500
openactive.io,Played,SessionSeries,ageRange,0.3354,500
openactive.io,Played,SessionSeries,genderRestriction,1.0,500
openactive.io,Played,SessionSeries,level,0.0,500
openactive.io,Played,SessionSeries,url,1.0,500
openactive.io,Played,SessionSeries,attendeeInstructions,0.1273,500
openactive.io,Played,SessionSeries,superEvent,0.0,500
openactive.io,Played,SessionSeries,activity,1.0,500
openactive.io,Played,SessionSeries,category,0.0,500
openactive.io,Played,SessionSeries,organizer,1.0,500
openactive.io,Played,SessionSeries,offers,1.0,500
openactive.io,Played,SessionSeries,location,1.0,500
openactive.io,Played,SessionSeries,name,1.0,500
openactive.io,Played,SessionSeries,description,1.0,500
openactive.io,Played,SessionSeries,eventSchedule,0.1037,500
openactive.io,Played,SessionSeries,ageRange,0.3401,500
openactive.io,Played,SessionSeries,genderRestriction,1.0,500
openactive.io,Played,SessionSeries,level,0.0,500
openactive.io,Played,SessionSeries,url,1.0,500
openactive.io,Played,SessionSeries,attendeeInstructions,0.0778,500
openactive.io,Played,SessionSeries,superEvent,0.0,500
openactive.io,Played,FacilityUse,activity,1.0,201
openactive.io,Played,FacilityUse,category,0.0,201
openactive.io,Played,FacilityUse,organizer,0.0,201
openactive.io,Played,FacilityUse,offers,0.0,201
openactive.io,Played,FacilityUse,location,1.0,201
openactive.io,Played,FacilityUse,name,1.0,201
openactive.io,Played,FacilityUse,description,1.0,201
openactive.io,Played,FacilityUse,eventSchedule,0.0,201
openactive.io,Played,FacilityUse,ageRange,0.0,201
openactive.io,Played,FacilityUse,genderRestriction,0.0,201
openactive.io,Played,FacilityUse,level,0.0,201
openactive.io,Played,FacilityUse,url,1.0,201
openactive.io,Played,FacilityUse,attendeeInstructions,0.0,201
openactive.io,Played,FacilityUse,superEvent,0.0,201
openactive.io,Courtside Hubs CIC,SessionSeries,activity,1.0,200
openactive.io,Courtside Hubs CIC,SessionSeries,category,0.0,200
openactive.io,Courtside Hubs CIC,SessionSeries,organizer,1.0,200
openactive.io,Courtside Hubs CIC,SessionSeries,offers,1.0,200
openactive.io,Courtside Hubs CIC,SessionSeries,location,1.0,200
openactive.io,Courtside Hubs CIC,SessionSeries,name,1.0,200
openactive.io,Courtside Hubs CIC,SessionSeries,description,0.99,200
openactive.io,Courtside Hubs CIC,SessionSeries,eventSchedule,1.0,200
openactive.io,Courtside Hubs CIC,SessionSeries,ageRange,1.0,200
openactive.io,Courtside Hubs CIC,SessionSeries,genderRestriction,1.0,200
openactive.io,Courtside Hubs CIC,SessionSeries,level,0.0,200
openactive.io,Courtside Hubs CIC,SessionSeries,url,1.0,200
openactive.io,Courtside Hubs CIC,SessionSeries,attendeeInstructions,0.0,200
openactive.io,Courtside Hubs CIC,SessionSeries,superEvent,0.0,200
openactive.io,Courtside Hubs CIC,SessionSeries,activity,1.0,200
openactive.io,Courtside Hubs CIC,SessionSeries,category,0.0,200
openactive.io,Courtside Hubs CIC,SessionSeries,organizer,1.0,200
openactive.io,Courtside Hubs CIC,SessionSeries,offers,1.0,200
openactive.io,Courtside Hubs CIC,SessionSeries,location,1.0,200
openactive.io,Courtside Hubs CIC,SessionSeries,name,1.0,200
openactive.io,Courtside Hubs CIC,SessionSeries,description,1.0,200
openactive.io,Courtside Hubs CIC,SessionSeries,eventSchedule,1.0,200
openactive.io,Courtside Hubs CIC,SessionSeries,ageRange,1.0,200
openactive.io,Courtside Hubs CIC,SessionSeries,genderRestriction,1.0,200
openactive.io,Courtside Hubs CIC,SessionSeries,level,0.0,200
openactive.io,Courtside Hubs CIC,SessionSeries,url,1.0,200
openactive.io,Courtside Hubs CIC,SessionSeries,attendeeInstructions,0.0,200
openactive.io,Courtside Hubs CIC,SessionSeries,superEvent,0.0,200
openactive.io,Courtside Hubs CIC,ScheduledSession,activity,0.0,200
openactive.io,Courtside Hubs CIC,ScheduledSession,category,0.0,200
openactive.io,Courtside Hubs CIC,ScheduledSession,organizer,0.0,200
openactive.io,Courtside Hubs CIC,ScheduledSession,offers,1.0,200
openactive.io,Courtside Hubs CIC,ScheduledSession,location,0.0,200
openactive.io,Courtside Hubs CIC,ScheduledSession,name,0.0,200
openactive.io,Courtside Hubs CIC,ScheduledSession,description,0.0,200
openactive.io,Courtside Hubs CIC,ScheduledSession,eventSchedule,0.0,200
openactive.io,Courtside Hubs CIC,ScheduledSession,ageRange,0.0,200
openactive.io,Courtside Hubs CIC,ScheduledSession,genderRestriction,0.0,200
openactive.io,Courtside Hubs CIC,ScheduledSession,level,0.0,200
openactive.io,Courtside Hubs CIC,ScheduledSession,url,0.0,200
openactive.io,Courtside Hubs CIC,ScheduledSession,attendeeInstructions,0.0,200
openactive.io,Courtside Hubs CIC,ScheduledSession,superEvent,1.0,200
openactive.io,Courtside Hubs CIC,ScheduledSession,activity,0.0,200
openactive.io,Courtside Hubs CIC,ScheduledSession,category,0.0,200
openactive.io,Courtside Hubs CIC,ScheduledSession,organizer,0.0,200
openactive.io,Courtside Hubs CIC,ScheduledSession,offers,1.0,200
openactive.io,Courtside Hubs CIC,ScheduledSession,location,0.0,200
openactive.io,Courtside Hubs CIC,ScheduledSession,name,0.0,200
openactive.io,Courtside Hubs CIC,ScheduledSession,description,0.0,200
openactive.io,Courtside Hubs CIC,ScheduledSession,eventSchedule,0.0,200
openactive.io,Courtside Hubs CIC,ScheduledSession,ageRange,0.0,200
openactive.io,Courtside Hubs CIC,ScheduledSession,genderRestriction,0.0,200
openactive.io,Courtside Hubs CIC,ScheduledSession,level,0.0,200
openactive.io,Courtside Hubs CIC,ScheduledSession,url,0.0,200
openactive.io,Courtside Hubs CIC,ScheduledSession,attendeeInstructions,0.0,200
openactive.io,Courtside Hubs CIC,ScheduledSession,superEvent,1.0,200
openactive.io,Courtside Hubs CIC,FacilityUse,activity,0.0,59
openactive.io,Courtside Hubs CIC,FacilityUse,category,0.0,59
openactive.io,Courtside Hubs CIC,FacilityUse,organizer,0.0,59
openactive.io,Courtside Hubs CIC,FacilityUse,offers,0.0,59
openactive.io,Courtside Hubs CIC,FacilityUse,location,1.0,59
openactive.io,Courtside Hubs CIC,FacilityUse,name,1.0,59
openactive.io,Courtside Hubs CIC,FacilityUse,description,0.0,59
openactive.io,Courtside Hubs CIC,FacilityUse,eventSchedule,0.0,59
openactive.io,Courtside Hubs CIC,FacilityUse,ageRange,0.0,59
openactive.io,Courtside Hubs CIC,FacilityUse,genderRestriction,0.0,59
openactive.io,Courtside Hubs CIC,FacilityUse,level,0.0,59
openactive.io,Courtside Hubs CIC,FacilityUse,url,1.0,59
openactive.io,Courtside Hubs CIC,FacilityUse,attendeeInstructions,0.0,59
openactive.io,Courtside Hubs CIC,FacilityUse,superEvent,0.0,59
openactive.io,PlayFootball,FacilityUse,activity,0.0,15
openactive.io,PlayFootball,FacilityUse,category,0.0,15
openactive.io,PlayFootball,FacilityUse,organizer,0.0,15
openactive.io,PlayFootball,FacilityUse,offers,1.0,15
openactive.io,PlayFootball,FacilityUse,location,1.0,15
openactive.io,PlayFootball,FacilityUse,name,1.0,15
openactive.io,PlayFootball,FacilityUse,description,0.2667,15
openactive.io,PlayFootball,FacilityUse,eventSchedule,0.0,15
openactive.io,PlayFootball,FacilityUse,ageRange,0.0,15
openactive.io,PlayFootball,FacilityUse,genderRestriction,0.0,15
openactive.io,PlayFootball,FacilityUse,level,0.0,15
openactive.io,PlayFootball,FacilityUse,url,1.0,15
openactive.io,PlayFootball,FacilityUse,attendeeInstructions,0.0,15
openactive.io,PlayFootball,FacilityUse,superEvent,0.0,15
app.bookteq.com,Actihire,FacilityUse,activity,0.0,1000
app.bookteq.com,Actihire,FacilityUse,category,0.0,1000
app.bookteq.com,Actihire,FacilityUse,organizer,0.0,1000
app.bookteq.com,Actihire,FacilityUse,offers,0.0,1000
app.bookteq.com,Actihire,FacilityUse,location,1.0,1000
app.bookteq.com,Actihire,FacilityUse,name,1.0,1000
app.bookteq.com,Actihire,FacilityUse,description,0.0,1000
app.bookteq.com,Actihire,FacilityUse,eventSchedule,0.0,1000
app.bookteq.com,Actihire,FacilityUse,ageRange,0.0,1000
app.bookteq.com,Actihire,FacilityUse,genderRestriction,0.0,1000
app.bookteq.com,Actihire,FacilityUse,level,0.0,1000
app.bookteq.com,Actihire,FacilityUse,url,1.0,1000
app.bookteq.com,Actihire,FacilityUse,attendeeInstructions,0.0,1000
app.bookteq.com,Actihire,FacilityUse,superEvent,0.0,1000
app.bookteq.com,Actihire,FacilityUse,activity,0.0,288
app.bookteq.com,Actihire,FacilityUse,category,0.0,288
app.bookteq.com,Actihire,FacilityUse,organizer,0.0,288
app.bookteq.com,Actihire,FacilityUse,offers,0.0,288
app.bookteq.com,Actihire,FacilityUse,location,1.0,288
app.bookteq.com,Actihire,FacilityUse,name,1.0,288
app.bookteq.com,Actihire,FacilityUse,description,0.0,288
app.bookteq.com,Actihire,FacilityUse,eventSchedule,0.0,288
app.bookteq.com,Actihire,FacilityUse,ageRange,0.0,288
app.bookteq.com,Actihire,FacilityUse,genderRestriction,0.0,288
app.bookteq.com,Actihire,FacilityUse,level,0.0,288
app.bookteq.com,Actihire,FacilityUse,url,1.0,288
app.bookteq.com,Actihire,FacilityUse,attendeeInstructions,0.0,288
app.bookteq.com,Actihire,FacilityUse,superEvent,0.0,288
app.bookteq.com,Actihire,Slot,activity,0.0,1000
app.bookteq.com,Actihire,Slot,category,0.0,1000
app.bookteq.com,Actihire,Slot,organizer,0.0,1000
app.bookteq.com,Actihire,Slot,offers,1.0,1000
app.bookteq.com,Actihire,Slot,location,0.0,1000
app.bookteq.com,Actihire,Slot,name,0.0,1000
app.bookteq.com,Actihire,Slot,description,0.0,1000
app.bookteq.com,Actihire,Slot,eventSchedule,0.0,1000
app.bookteq.com,Actihire,Slot,ageRange,0.0,1000
app.bookteq.com,Actihire,Slot,genderRestriction,0.0,1000
app.bookteq.com,Actihire,Slot,level,0.0,1000
app.bookteq.com,Actihire,Slot,url,0.0,1000
app.bookteq.com,Actihire,Slot,attendeeInstructions,0.0,1000
app.bookteq.com,Actihire,Slot,superEvent,0.0,1000
app.bookteq.com,Actihire,Slot,activity,0.0,1000
app.bookteq.com,Actihire,Slot,category,0.0,1000
app.bookteq.com,Actihire,Slot,organizer,0.0,1000
app.bookteq.com,Actihire,Slot,offers,1.0,1000
app.bookteq.com,Actihire,Slot,location,0.0,1000
app.bookteq.com,Actihire,Slot,name,0.0,1000
app.bookteq.com,Actihire,Slot,description,0.0,1000
app.bookteq.com,Actihire,Slot,eventSchedule,0.0,1000
app.bookteq.com,Actihire,Slot,ageRange,0.0,1000
app.bookteq.com,Actihire,Slot,genderRestriction,0.0,1000
app.bookteq.com,Actihire,Slot,level,0.0,1000
app.bookteq.com,Actihire,Slot,url,0.0,1000
app.bookteq.com,Actihire,Slot,attendeeInstructions,0.0,1000
app.bookteq.com,Actihire,Slot,superEvent,0.0,1000
app.bookteq.com,Brea Avalon LLP,FacilityUse,activity,0.0,14
app.bookteq.com,Brea Avalon LLP,FacilityUse,category,0.0,14
app.bookteq.com,Brea Avalon LLP,FacilityUse,organizer,0.0,14
app.bookteq.com,Brea Avalon LLP,FacilityUse,offers,0.0,14
app.bookteq.com,Brea Avalon LLP,FacilityUse,location,1.0,14
app.bookteq.com,Brea Avalon LLP,FacilityUse,name,1.0,14
app.bookteq.com,Brea Avalon LLP,FacilityUse,description,0.0,14
app.bookteq.com,Brea Avalon LLP,FacilityUse,eventSchedule,0.0,14
app.bookteq.com,Brea Avalon LLP,FacilityUse,ageRange,0.0,14
app.bookteq.com,Brea Avalon LLP,FacilityUse,genderRestriction,0.0,14
app.bookteq.com,Brea Avalon LLP,FacilityUse,level,0.0,14
app.bookteq.com,Brea Avalon LLP,FacilityUse,url,1.0,14
app.bookteq.com,Brea Avalon LLP,FacilityUse,attendeeInstructions,0.0,14
app.bookteq.com,Brea Avalon LLP,FacilityUse,superEvent,0.0,14
app.bookteq.com,Brea Avalon LLP,Slot,activity,0.0,972
app.bookteq.com,Brea Avalon LLP,Slot,category,0.0,972
app.bookteq.com,Brea Avalon LLP,Slot,organizer,0.0,972
app.bookteq.com,Brea Avalon LLP,Slot,offers,1.0,972
app.bookteq.com,Brea Avalon LLP,Slot,location,0.0,972
app.bookteq.com,Brea Avalon LLP,Slot,name,0.0,972
app.bookteq.com,Brea Avalon LLP,Slot,description,0.0,972
app.bookteq.com,Brea Avalon LLP,Slot,eventSchedule,0.0,972
app.bookteq.com,Brea Avalon LLP,Slot,ageRange,0.0,972
app.bookteq.com,Brea Avalon LLP,Slot,genderRestriction,0.0,972
app.bookteq.com,Brea Avalon LLP,Slot,level,0.0,972
app.bookteq.com,Brea Avalon LLP,Slot,url,0.0,972
app.bookteq.com,Brea Avalon LLP,Slot,attendeeInstructions,0.0,972
app.bookteq.com,Brea Avalon LLP,Slot,superEvent,0.0,972
app.bookteq.com,Brea Avalon LLP,Slot,activity,0.0,1000
app.bookteq.com,Brea Avalon LLP,Slot,category,0.0,1000
app.bookteq.com,Brea Avalon LLP,Slot,organizer,0.0,1000
app.bookteq.com,Brea Avalon LLP,Slot,offers,1.0,1000
app.bookteq.com,Brea Avalon LLP,Slot,location,0.0,1000
app.bookteq.com,Brea Avalon LLP,Slot,name,0.0,1000
app.bookteq.com,Brea Avalon LLP,Slot,description,0.0,1000
app.bookteq.com,Brea Avalon LLP,Slot,eventSchedule,0.0,1000
app.bookteq.com,Brea Avalon LLP,Slot,ageRange,0.0,1000
app.bookteq.com,Brea Avalon LLP,Slot,genderRestriction,0.0,1000
app.bookteq.com,Brea Avalon LLP,Slot,level,0.0,1000
app.bookteq.com,Brea Avalon LLP,Slot,url,0.0,1000
app.bookteq.com,Brea Avalon LLP,Slot,attendeeInstructions,0.0,1000
app.bookteq.com,Brea Avalon LLP,Slot,superEvent,0.0,1000
app.bookteq.com,Appleby Frodingham Sports Club,FacilityUse,activity,0.0,22
app.bookteq.com,Appleby Frodingham Sports Club,FacilityUse,category,0.0,22
app.bookteq.com,Appleby Frodingham Sports Club,FacilityUse,organizer,0.0,22
app.bookteq.com,Appleby Frodingham Sports Club,FacilityUse,offers,0.0,22
app.bookteq.com,Appleby Frodingham Sports Club,FacilityUse,location,1.0,22
app.bookteq.com,Appleby Frodingham Sports Club,FacilityUse,name,1.0,22
app.bookteq.com,Appleby Frodingham Sports Club,FacilityUse,description,0.0,22
app.bookteq.com,Appleby Frodingham Sports Club,FacilityUse,eventSchedule,0.0,22
app.bookteq.com,Appleby Frodingham Sports Club,FacilityUse,ageRange,0.0,22
app.bookteq.com,Appleby Frodingham Sports Club,FacilityUse,genderRestriction,0.0,22
app.bookteq.com,Appleby Frodingham Sports Club,FacilityUse,level,0.0,22
app.bookteq.com,Appleby Frodingham Sports Club,FacilityUse,url,1.0,22
app.bookteq.com,Appleby Frodingham Sports Club,FacilityUse,attendeeInstructions,0.0,22
app.bookteq.com,Appleby Frodingham Sports Club,FacilityUse,superEvent,0.0,22
app.bookteq.com,Appleby Frodingham Sports Club,Slot,activity,0.0,1000
app.bookteq.com,Appleby Frodingham Sports Club,Slot,category,0.0,1000
app.bookteq.com,Appleby Frodingham Sports Club,Slot,organizer,0.0,1000
app.bookteq.com,Appleby Frodingham Sports Club,Slot,offers,1.0,1000
app.bookteq.com,Appleby Frodingham Sports Club,Slot,location,0.0,1000
app.bookteq.com,Appleby Frodingham Sports Club,Slot,name,0.0,1000
app.bookteq.com,Appleby Frodingham Sports Club,Slot,description,0.0,1000
app.bookteq.com,Appleby Frodingham Sports Club,Slot,eventSchedule,0.0,1000
app.bookteq.com,Appleby Frodingham Sports Club,Slot,ageRange,0.0,1000
app.bookteq.com,Appleby Frodingham Sports Club,Slot,genderRestriction,0.0,1000
app.bookteq.com,Appleby Frodingham Sports Club,Slot,level,0.0,1000
app.bookteq.com,Appleby Frodingham Sports Club,Slot,url,0.0,1000
app.bookteq.com,Appleby Frodingham Sports Club,Slot,attendeeInstructions,0.0,1000
app.bookteq.com,Appleby Frodingham Sports Club,Slot,superEvent,0.0,1000
app.bookteq.com,Appleby Frodingham Sports Club,Slot,activity,0.0,1000
app.bookteq.com,Appleby Frodingham Sports Club,Slot,category,0.0,1000
app.bookteq.com,Appleby Frodingham Sports Club,Slot,organizer,0.0,1000
app.bookteq.com,Appleby Frodingham Sports Club,Slot,offers,1.0,1000
app.bookteq.com,Appleby Frodingham Sports Club,Slot,location,0.0,1000
app.bookteq.com,Appleby Frodingham Sports Club,Slot,name,0.0,1000
app.bookteq.com,Appleby Frodingham Sports Club,Slot,description,0.0,1000
app.bookteq.com,Appleby Frodingham Sports Club,Slot,eventSchedule,0.0,1000
app.bookteq.com,Appleby Frodingham Sports Club,Slot,ageRange,0.0,1000
app.bookteq.com,Appleby Frodingham Sports Club,Slot,genderRestriction,0.0,1000
app.bookteq.com,Appleby Frodingham Sports Club,Slot,level,0.0,1000
app.bookteq.com,Appleby Frodingham Sports Club,Slot,url,0.0,1000
app.bookteq.com,Appleby Frodingham Sports Club,Slot,attendeeInstructions,0.0,1000
app.bookteq.com,Appleby Frodingham Sports Club,Slot,superEvent,0.0,1000
app.bookteq.com,Ashmole Trust,FacilityUse,activity,0.0,100
app.bookteq.com,Ashmole Trust,FacilityUse,category,0.0,100
app.bookteq.com,Ashmole Trust,FacilityUse,organizer,0.0,100
app.bookteq.com,Ashmole Trust,FacilityUse,offers,0.0,100
app.bookteq.com,Ashmole Trust,FacilityUse,location,1.0,100
app.bookteq.com,Ashmole Trust,FacilityUse,name,1.0,100
app.bookteq.com,Ashmole Trust,FacilityUse,description,0.0,100
app.bookteq.com,Ashmole Trust,FacilityUse,eventSchedule,0.0,100
app.bookteq.com,Ashmole Trust,FacilityUse,ageRange,0.0,100
app.bookteq.com,Ashmole Trust,FacilityUse,genderRestriction,0.0,100
app.bookteq.com,Ashmole Trust,FacilityUse,level,0.0,100
app.bookteq.com,Ashmole Trust,FacilityUse,url,1.0,100
app.bookteq.com,Ashmole Trust,FacilityUse,attendeeInstructions,0.0,100
app.bookteq.com,Ashmole Trust,FacilityUse,superEvent,0.0,100
app.bookteq.com,Awesome CIC,FacilityUse,activity,0.0,2
app.bookteq.com,Awesome CIC,FacilityUse,category,0.0,2
app.bookteq.com,Awesome CIC,FacilityUse,organizer,0.0,2
app.bookteq.com,Awesome CIC,FacilityUse,offers,0.0,2
app.bookteq.com,Awesome CIC,FacilityUse,location,1.0,2
app.bookteq.com,Awesome CIC,FacilityUse,name,1.0,2
app.bookteq.com,Awesome CIC,FacilityUse,description,0.0,2
app.bookteq.com,Awesome CIC,FacilityUse,eventSchedule,0.0,2
app.bookteq.com,Awesome CIC,FacilityUse,ageRange,0.0,2
app.bookteq.com,Awesome CIC,FacilityUse,genderRestriction,0.0,2
app.bookteq.com,Awesome CIC,FacilityUse,level,0.0,2
app.bookteq.com,Awesome CIC,FacilityUse,url,1.0,2
app.bookteq.com,Awesome CIC,FacilityUse,attendeeInstructions,0.0,2
app.bookteq.com,Awesome CIC,FacilityUse,superEvent,0.0,2
app.bookteq.com,Awesome CIC,Slot,activity,0.0,319
app.bookteq.com,Awesome CIC,Slot,category,0.0,319
app.bookteq.com,Awesome CIC,Slot,organizer,0.0,319
app.bookteq.com,Awesome CIC,Slot,offers,1.0,319
app.bookteq.com,Awesome CIC,Slot,location,0.0,319
app.bookteq.com,Awesome CIC,Slot,name,0.0,319
app.bookteq.com,Awesome CIC,Slot,description,0.0,319
app.bookteq.com,Awesome CIC,Slot,eventSchedule,0.0,319
app.bookteq.com,Awesome CIC,Slot,ageRange,0.0,319
app.bookteq.com,Awesome CIC,Slot,genderRestriction,0.0,319
app.bookteq.com,Awesome CIC,Slot,level,0.0,319
app.bookteq.com,Awesome CIC,Slot,url,0.0,319
app.bookteq.com,Awesome CIC,Slot,attendeeInstructions,0.0,319
app.bookteq.com,Awesome CIC,Slot,superEvent,0.0,319
app.bookteq.com,Bangor City Stadium,FacilityUse,activity,0.0,7
app.bookteq.com,Bangor City Stadium,FacilityUse,category,0.0,7
app.bookteq.com,Bangor City Stadium,FacilityUse,organizer,0.0,7
app.bookteq.com,Bangor City Stadium,FacilityUse,offers,0.0,7
app.bookteq.com,Bangor City Stadium,FacilityUse,location,1.0,7
app.bookteq.com,Bangor City Stadium,FacilityUse,name,1.0,7
app.bookteq.com,Bangor City Stadium,FacilityUse,description,0.0,7
app.bookteq.com,Bangor City Stadium,FacilityUse,eventSchedule,0.0,7
app.bookteq.com,Bangor City Stadium,FacilityUse,ageRange,0.0,7
app.bookteq.com,Bangor City Stadium,FacilityUse,genderRestriction,0.0,7
app.bookteq.com,Bangor City Stadium,FacilityUse,level,0.0,7
app.bookteq.com,Bangor City Stadium,FacilityUse,url,1.0,7
app.bookteq.com,Bangor City Stadium,FacilityUse,attendeeInstructions,0.0,7
app.bookteq.com,Bangor City Stadium,FacilityUse,superEvent,0.0,7
app.bookteq.com,Bangor City Stadium,Slot,activity,0.0,688
app.bookteq.com,Bangor City Stadium,Slot,category,0.0,688
app.bookteq.com,Bangor City Stadium,Slot,organizer,0.0,688
app.bookteq.com,Bangor City Stadium,Slot,offers,1.0,688
app.bookteq.com,Bangor City Stadium,Slot,location,0.0,688
app.bookteq.com,Bangor City Stadium,Slot,name,0.0,688
app.bookteq.com,Bangor City Stadium,Slot,description,0.0,688
app.bookteq.com,Bangor City Stadium,Slot,eventSchedule,0.0,688
app.bookteq.com,Bangor City Stadium,Slot,ageRange,0.0,688
app.bookteq.com,Bangor City Stadium,Slot,genderRestriction,0.0,688
app.bookteq.com,Bangor City Stadium,Slot,level,0.0,688
app.bookteq.com,Bangor City Stadium,Slot,url,0.0,688
app.bookteq.com,Bangor City Stadium,Slot,attendeeInstructions,0.0,688
app.bookteq.com,Bangor City Stadium,Slot,superEvent,0.0,688
app.bookteq.com,Bangor City Stadium,Slot,activity,0.0,772
app.bookteq.com,Bangor City Stadium,Slot,category,0.0,772
app.bookteq.com,Bangor City Stadium,Slot,organizer,0.0,772
app.bookteq.com,Bangor City Stadium,Slot,offers,1.0,772
app.bookteq.com,Bangor City Stadium,Slot,location,0.0,772
app.bookteq.com,Bangor City Stadium,Slot,name,0.0,772
app.bookteq.com,Bangor City Stadium,Slot,description,0.0,772
app.bookteq.com,Bangor City Stadium,Slot,eventSchedule,0.0,772
app.bookteq.com,Bangor City Stadium,Slot,ageRange,0.0,772
app.bookteq.com,Bangor City Stadium,Slot,genderRestriction,0.0,772
app.bookteq.com,Bangor City Stadium,Slot,level,0.0,772
app.bookteq.com,Bangor City Stadium,Slot,url,0.0,772
app.bookteq.com,Bangor City Stadium,Slot,attendeeInstructions,0.0,772
app.bookteq.com,Bangor City Stadium,Slot,superEvent,0.0,772
app.bookteq.com,Basingstoke Wellbeing,FacilityUse,activity,0.0,5
app.bookteq.com,Basingstoke Wellbeing,FacilityUse,category,0.0,5
app.bookteq.com,Basingstoke Wellbeing,FacilityUse,organizer,0.0,5
app.bookteq.com,Basingstoke Wellbeing,FacilityUse,offers,0.0,5
app.bookteq.com,Basingstoke Wellbeing,FacilityUse,location,1.0,5
app.bookteq.com,Basingstoke Wellbeing,FacilityUse,name,1.0,5
app.bookteq.com,Basingstoke Wellbeing,FacilityUse,description,0.0,5
app.bookteq.com,Basingstoke Wellbeing,FacilityUse,eventSchedule,0.0,5
app.bookteq.com,Basingstoke Wellbeing,FacilityUse,ageRange,0.0,5
app.bookteq.com,Basingstoke Wellbeing,FacilityUse,genderRestriction,0.0,5
app.bookteq.com,Basingstoke Wellbeing,FacilityUse,level,0.0,5
app.bookteq.com,Basingstoke Wellbeing,FacilityUse,url,1.0,5
app.bookteq.com,Basingstoke Wellbeing,FacilityUse,attendeeInstructions,0.0,5
app.bookteq.com,Basingstoke Wellbeing,FacilityUse,superEvent,0.0,5
app.bookteq.com,Bedford Town Football Club,FacilityUse,activity,0.0,15
app.bookteq.com,Bedford Town Football Club,FacilityUse,category,0.0,15
app.bookteq.com,Bedford Town Football Club,FacilityUse,organizer,0.0,15
app.bookteq.com,Bedford Town Football Club,FacilityUse,offers,0.0,15
app.bookteq.com,Bedford Town Football Club,FacilityUse,location,1.0,15
app.bookteq.com,Bedford Town Football Club,FacilityUse,name,1.0,15
app.bookteq.com,Bedford Town Football Club,FacilityUse,description,0.0,15
app.bookteq.com,Bedford Town Football Club,FacilityUse,eventSchedule,0.0,15
app.bookteq.com,Bedford Town Football Club,FacilityUse,ageRange,0.0,15
app.bookteq.com,Bedford Town Football Club,FacilityUse,genderRestriction,0.0,15
app.bookteq.com,Bedford Town Football Club,FacilityUse,level,0.0,15
app.bookteq.com,Bedford Town Football Club,FacilityUse,url,1.0,15
app.bookteq.com,Bedford Town Football Club,FacilityUse,attendeeInstructions,0.0,15
app.bookteq.com,Bedford Town Football Club,FacilityUse,superEvent,0.0,15
app.bookteq.com,Bedford Town Football Club,Slot,activity,0.0,942
app.bookteq.com,Bedford Town Football Club,Slot,category,0.0,942
app.bookteq.com,Bedford Town Football Club,Slot,organizer,0.0,942
app.bookteq.com,Bedford Town Football Club,Slot,offers,1.0,942
app.bookteq.com,Bedford Town Football Club,Slot,location,0.0,942
app.bookteq.com,Bedford Town Football Club,Slot,name,0.0,942
app.bookteq.com,Bedford Town Football Club,Slot,description,0.0,942
app.bookteq.com,Bedford Town Football Club,Slot,eventSchedule,0.0,942
app.bookteq.com,Bedford Town Football Club,Slot,ageRange,0.0,942
app.bookteq.com,Bedford Town Football Club,Slot,genderRestriction,0.0,942
app.bookteq.com,Bedford Town Football Club,Slot,level,0.0,942
app.bookteq.com,Bedford Town Football Club,Slot,url,0.0,942
app.bookteq.com,Bedford Town Football Club,Slot,attendeeInstructions,0.0,942
app.bookteq.com,Bedford Town Football Club,Slot,superEvent,0.0,942
app.bookteq.com,Bedford Town Football Club,Slot,activity,0.0,1000
app.bookteq.com,Bedford Town Football Club,Slot,category,0.0,1000
app.bookteq.com,Bedford Town Football Club,Slot,organizer,0.0,1000
app.bookteq.com,Bedford Town Football Club,Slot,offers,1.0,1000
app.bookteq.com,Bedford Town Football Club,Slot,location,0.0,1000
app.bookteq.com,Bedford Town Football Club,Slot,name,0.0,1000
app.bookteq.com,Bedford Town Football Club,Slot,description,0.0,1000
app.bookteq.com,Bedford Town Football Club,Slot,eventSchedule,0.0,1000
app.bookteq.com,Bedford Town Football Club,Slot,ageRange,0.0,1000
app.bookteq.com,Bedford Town Football Club,Slot,genderRestriction,0.0,1000
app.bookteq.com,Bedford Town Football Club,Slot,level,0.0,1000
app.bookteq.com,Bedford Town Football Club,Slot,url,0.0,1000
app.bookteq.com,Bedford Town Football Club,Slot,attendeeInstructions,0.0,1000
app.bookteq.com,Bedford Town Football Club,Slot,superEvent,0.0,1000
app.bookteq.com,Bishop Challoner Sports Centre,FacilityUse,activity,0.0,25
app.bookteq.com,Bishop Challoner Sports Centre,FacilityUse,category,0.0,25
app.bookteq.com,Bishop Challoner Sports Centre,FacilityUse,organizer,0.0,25
app.bookteq.com,Bishop Challoner Sports Centre,FacilityUse,offers,0.0,25
app.bookteq.com,Bishop Challoner Sports Centre,FacilityUse,location,1.0,25
app.bookteq.com,Bishop Challoner Sports Centre,FacilityUse,name,1.0,25
app.bookteq.com,Bishop Challoner Sports Centre,FacilityUse,description,0.0,25
app.bookteq.com,Bishop Challoner Sports Centre,FacilityUse,eventSchedule,0.0,25
app.bookteq.com,Bishop Challoner Sports Centre,FacilityUse,ageRange,0.0,25
app.bookteq.com,Bishop Challoner Sports Centre,FacilityUse,genderRestriction,0.0,25
app.bookteq.com,Bishop Challoner Sports Centre,FacilityUse,level,0.0,25
app.bookteq.com,Bishop Challoner Sports Centre,FacilityUse,url,1.0,25
app.bookteq.com,Bishop Challoner Sports Centre,FacilityUse,attendeeInstructions,0.0,25
app.bookteq.com,Bishop Challoner Sports Centre,FacilityUse,superEvent,0.0,25
app.bookteq.com,Bishop Challoner Sports Centre,Slot,activity,0.0,859
app.bookteq.com,Bishop Challoner Sports Centre,Slot,category,0.0,859
app.bookteq.com,Bishop Challoner Sports Centre,Slot,organizer,0.0,859
app.bookteq.com,Bishop Challoner Sports Centre,Slot,offers,1.0,859
app.bookteq.com,Bishop Challoner Sports Centre,Slot,location,0.0,859
app.bookteq.com,Bishop Challoner Sports Centre,Slot,name,0.0,859
app.bookteq.com,Bishop Challoner Sports Centre,Slot,description,0.0,859
app.bookteq.com,Bishop Challoner Sports Centre,Slot,eventSchedule,0.0,859
app.bookteq.com,Bishop Challoner Sports Centre,Slot,ageRange,0.0,859
app.bookteq.com,Bishop Challoner Sports Centre,Slot,genderRestriction,0.0,859
app.bookteq.com,Bishop Challoner Sports Centre,Slot,level,0.0,859
app.bookteq.com,Bishop Challoner Sports Centre,Slot,url,0.0,859
app.bookteq.com,Bishop Challoner Sports Centre,Slot,attendeeInstructions,0.0,859
app.bookteq.com,Bishop Challoner Sports Centre,Slot,superEvent,0.0,859
app.bookteq.com,Bishop Challoner Sports Centre,Slot,activity,0.0,1000
app.bookteq.com,Bishop Challoner Sports Centre,Slot,category,0.0,1000
app.bookteq.com,Bishop Challoner Sports Centre,Slot,organizer,0.0,1000
app.bookteq.com,Bishop Challoner Sports Centre,Slot,offers,1.0,1000
app.bookteq.com,Bishop Challoner Sports Centre,Slot,location,0.0,1000
app.bookteq.com,Bishop Challoner Sports Centre,Slot,name,0.0,1000
app.bookteq.com,Bishop Challoner Sports Centre,Slot,description,0.0,1000
app.bookteq.com,Bishop Challoner Sports Centre,Slot,eventSchedule,0.0,1000
app.bookteq.com,Bishop Challoner Sports Centre,Slot,ageRange,0.0,1000
app.bookteq.com,Bishop Challoner Sports Centre,Slot,genderRestriction,0.0,1000
app.bookteq.com,Bishop Challoner Sports Centre,Slot,level,0.0,1000
app.bookteq.com,Bishop Challoner Sports Centre,Slot,url,0.0,1000
app.bookteq.com,Bishop Challoner Sports Centre,Slot,attendeeInstructions,0.0,1000
app.bookteq.com,Bishop Challoner Sports Centre,Slot,superEvent,0.0,1000
app.bookteq.com,Blue Flames Sporting Club Limited,FacilityUse,activity,0.0,20
app.bookteq.com,Blue Flames Sporting Club Limited,FacilityUse,category,0.0,20
app.bookteq.com,Blue Flames Sporting Club Limited,FacilityUse,organizer,0.0,20
app.bookteq.com,Blue Flames Sporting Club Limited,FacilityUse,offers,0.0,20
app.bookteq.com,Blue Flames Sporting Club Limited,FacilityUse,location,1.0,20
app.bookteq.com,Blue Flames Sporting Club Limited,FacilityUse,name,1.0,20
app.bookteq.com,Blue Flames Sporting Club Limited,FacilityUse,description,0.0,20
app.bookteq.com,Blue Flames Sporting Club Limited,FacilityUse,eventSchedule,0.0,20
app.bookteq.com,Blue Flames Sporting Club Limited,FacilityUse,ageRange,0.0,20
app.bookteq.com,Blue Flames Sporting Club Limited,FacilityUse,genderRestriction,0.0,20
app.bookteq.com,Blue Flames Sporting Club Limited,FacilityUse,level,0.0,20
app.bookteq.com,Blue Flames Sporting Club Limited,FacilityUse,url,1.0,20
app.bookteq.com,Blue Flames Sporting Club Limited,FacilityUse,attendeeInstructions,0.0,20
app.bookteq.com,Blue Flames Sporting Club Limited,FacilityUse,superEvent,0.0,20
app.bookteq.com,Blue Flames Sporting Club Limited,Slot,activity,0.0,866
app.bookteq.com,Blue Flames Sporting Club Limited,Slot,category,0.0,866
app.bookteq.com,Blue Flames Sporting Club Limited,Slot,organizer,0.0,866
app.bookteq.com,Blue Flames Sporting Club Limited,Slot,offers,1.0,866
app.bookteq.com,Blue Flames Sporting Club Limited,Slot,location,0.0,866
app.bookteq.com,Blue Flames Sporting Club Limited,Slot,name,0.0,866
app.bookteq.com,Blue Flames Sporting Club Limited,Slot,description,0.0,866
app.bookteq.com,Blue Flames Sporting Club Limited,Slot,eventSchedule,0.0,866
app.bookteq.com,Blue Flames Sporting Club Limited,Slot,ageRange,0.0,866
app.bookteq.com,Blue Flames Sporting Club Limited,Slot,genderRestriction,0.0,866
app.bookteq.com,Blue Flames Sporting Club Limited,Slot,level,0.0,866
app.bookteq.com,Blue Flames Sporting Club Limited,Slot,url,0.0,866
app.bookteq.com,Blue Flames Sporting Club Limited,Slot,attendeeInstructions,0.0,866
app.bookteq.com,Blue Flames Sporting Club Limited,Slot,superEvent,0.0,866
app.bookteq.com,Blue Flames Sporting Club Limited,Slot,activity,0.0,1000
app.bookteq.com,Blue Flames Sporting Club Limited,Slot,category,0.0,1000
app.bookteq.com,Blue Flames Sporting Club Limited,Slot,organizer,0.0,1000
app.bookteq.com,Blue Flames Sporting Club Limited,Slot,offers,1.0,1000
app.bookteq.com,Blue Flames Sporting Club Limited,Slot,location,0.0,1000
app.bookteq.com,Blue Flames Sporting Club Limited,Slot,name,0.0,1000
app.bookteq.com,Blue Flames Sporting Club Limited,Slot,description,0.0,1000
app.bookteq.com,Blue Flames Sporting Club Limited,Slot,eventSchedule,0.0,1000
app.bookteq.com,Blue Flames Sporting Club Limited,Slot,ageRange,0.0,1000
app.bookteq.com,Blue Flames Sporting Club Limited,Slot,genderRestriction,0.0,1000
app.bookteq.com,Blue Flames Sporting Club Limited,Slot,level,0.0,1000
app.bookteq.com,Blue Flames Sporting Club Limited,Slot,url,0.0,1000
app.bookteq.com,Blue Flames Sporting Club Limited,Slot,attendeeInstructions,0.0,1000
app.bookteq.com,Blue Flames Sporting Club Limited,Slot,superEvent,0.0,1000
app.bookteq.com,Bolder Academy,FacilityUse,activity,0.0,51
app.bookteq.com,Bolder Academy,FacilityUse,category,0.0,51
app.bookteq.com,Bolder Academy,FacilityUse,organizer,0.0,51
app.bookteq.com,Bolder Academy,FacilityUse,offers,0.0,51
app.bookteq.com,Bolder Academy,FacilityUse,location,1.0,51
app.bookteq.com,Bolder Academy,FacilityUse,name,1.0,51
app.bookteq.com,Bolder Academy,FacilityUse,description,0.0,51
app.bookteq.com,Bolder Academy,FacilityUse,eventSchedule,0.0,51
app.bookteq.com,Bolder Academy,FacilityUse,ageRange,0.0,51
app.bookteq.com,Bolder Academy,FacilityUse,genderRestriction,0.0,51
app.bookteq.com,Bolder Academy,FacilityUse,level,0.0,51
app.bookteq.com,Bolder Academy,FacilityUse,url,1.0,51
app.bookteq.com,Bolder Academy,FacilityUse,attendeeInstructions,0.0,51
app.bookteq.com,Bolder Academy,FacilityUse,superEvent,0.0,51
app.bookteq.com,Bolder Academy,Slot,activity,0.0,1000
app.bookteq.com,Bolder Academy,Slot,category,0.0,1000
app.bookteq.com,Bolder Academy,Slot,organizer,0.0,1000
app.bookteq.com,Bolder Academy,Slot,offers,1.0,1000
app.bookteq.com,Bolder Academy,Slot,location,0.0,1000
app.bookteq.com,Bolder Academy,Slot,name,0.0,1000
app.bookteq.com,Bolder Academy,Slot,description,0.0,1000
app.bookteq.com,Bolder Academy,Slot,eventSchedule,0.0,1000
app.bookteq.com,Bolder Academy,Slot,ageRange,0.0,1000
app.bookteq.com,Bolder Academy,Slot,genderRestriction,0.0,1000
app.bookteq.com,Bolder Academy,Slot,level,0.0,1000
app.bookteq.com,Bolder Academy,Slot,url,0.0,1000
app.bookteq.com,Bolder Academy,Slot,attendeeInstructions,0.0,1000
app.bookteq.com,Bolder Academy,Slot,superEvent,0.0,1000
app.bookteq.com,Bolder Academy,Slot,activity,0.0,1000
app.bookteq.com,Bolder Academy,Slot,category,0.0,1000
app.bookteq.com,Bolder Academy,Slot,organizer,0.0,1000
app.bookteq.com,Bolder Academy,Slot,offers,1.0,1000
app.bookteq.com,Bolder Academy,Slot,location,0.0,1000
app.bookteq.com,Bolder Academy,Slot,name,0.0,1000
app.bookteq.com,Bolder Academy,Slot,description,0.0,1000
app.bookteq.com,Bolder Academy,Slot,eventSchedule,0.0,1000
app.bookteq.com,Bolder Academy,Slot,ageRange,0.0,1000
app.bookteq.com,Bolder Academy,Slot,genderRestriction,0.0,1000
app.bookteq.com,Bolder Academy,Slot,level,0.0,1000
app.bookteq.com,Bolder Academy,Slot,url,0.0,1000
app.bookteq.com,Bolder Academy,Slot,attendeeInstructions,0.0,1000
app.bookteq.com,Bolder Academy,Slot,superEvent,0.0,1000
app.bookteq.com,Broughton Town Council ,FacilityUse,activity,0.0,45
app.bookteq.com,Broughton Town Council ,FacilityUse,category,0.0,45
app.bookteq.com,Broughton Town Council ,FacilityUse,organizer,0.0,45
app.bookteq.com,Broughton Town Council ,FacilityUse,offers,0.0,45
app.bookteq.com,Broughton Town Council ,FacilityUse,location,1.0,45
app.bookteq.com,Broughton Town Council ,FacilityUse,name,1.0,45
app.bookteq.com,Broughton Town Council ,FacilityUse,description,0.0,45
app.bookteq.com,Broughton Town Council ,FacilityUse,eventSchedule,0.0,45
app.bookteq.com,Broughton Town Council ,FacilityUse,ageRange,0.0,45
app.bookteq.com,Broughton Town Council ,FacilityUse,genderRestriction,0.0,45
app.bookteq.com,Broughton Town Council ,FacilityUse,level,0.0,45
app.bookteq.com,Broughton Town Council ,FacilityUse,url,1.0,45
app.bookteq.com,Broughton Town Council ,FacilityUse,attendeeInstructions,0.0,45
app.bookteq.com,Broughton Town Council ,FacilityUse,superEvent,0.0,45
app.bookteq.com,Broughton Town Council ,Slot,activity,0.0,1000
app.bookteq.com,Broughton Town Council ,Slot,category,0.0,1000
app.bookteq.com,Broughton Town Council ,Slot,organizer,0.0,1000
app.bookteq.com,Broughton Town Council ,Slot,offers,1.0,1000
app.bookteq.com,Broughton Town Council ,Slot,location,0.0,1000
app.bookteq.com,Broughton Town Council ,Slot,name,0.0,1000
app.bookteq.com,Broughton Town Council ,Slot,description,0.0,1000
app.bookteq.com,Broughton Town Council ,Slot,eventSchedule,0.0,1000
app.bookteq.com,Broughton Town Council ,Slot,ageRange,0.0,1000
app.bookteq.com,Broughton Town Council ,Slot,genderRestriction,0.0,1000
app.bookteq.com,Broughton Town Council ,Slot,level,0.0,1000
app.bookteq.com,Broughton Town Council ,Slot,url,0.0,1000
app.bookteq.com,Broughton Town Council ,Slot,attendeeInstructions,0.0,1000
app.bookteq.com,Broughton Town Council ,Slot,superEvent,0.0,1000
app.bookteq.com,Broughton Town Council ,Slot,activity,0.0,1000
app.bookteq.com,Broughton Town Council ,Slot,category,0.0,1000
app.bookteq.com,Broughton Town Council ,Slot,organizer,0.0,1000
app.bookteq.com,Broughton Town Council ,Slot,offers,1.0,1000
app.bookteq.com,Broughton Town Council ,Slot,location,0.0,1000
app.bookteq.com,Broughton Town Council ,Slot,name,0.0,1000
app.bookteq.com,Broughton Town Council ,Slot,description,0.0,1000
app.bookteq.com,Broughton Town Council ,Slot,eventSchedule,0.0,1000
app.bookteq.com,Broughton Town Council ,Slot,ageRange,0.0,1000
app.bookteq.com,Broughton Town Council ,Slot,genderRestriction,0.0,1000
app.bookteq.com,Broughton Town Council ,Slot,level,0.0,1000
app.bookteq.com,Broughton Town Council ,Slot,url,0.0,1000
app.bookteq.com,Broughton Town Council ,Slot,attendeeInstructions,0.0,1000
app.bookteq.com,Broughton Town Council ,Slot,superEvent,0.0,1000
app.bookteq.com,Brynteg School,FacilityUse,activity,0.0,44
app.bookteq.com,Brynteg School,FacilityUse,category,0.0,44
app.bookteq.com,Brynteg School,FacilityUse,organizer,0.0,44
app.bookteq.com,Brynteg School,FacilityUse,offers,0.0,44
app.bookteq.com,Brynteg School,FacilityUse,location,1.0,44
app.bookteq.com,Brynteg School,FacilityUse,name,1.0,44
app.bookteq.com,Brynteg School,FacilityUse,description,0.0,44
app.bookteq.com,Brynteg School,FacilityUse,eventSchedule,0.0,44
app.bookteq.com,Brynteg School,FacilityUse,ageRange,0.0,44
app.bookteq.com,Brynteg School,FacilityUse,genderRestriction,0.0,44
app.bookteq.com,Brynteg School,FacilityUse,level,0.0,44
app.bookteq.com,Brynteg School,FacilityUse,url,1.0,44
app.bookteq.com,Brynteg School,FacilityUse,attendeeInstructions,0.0,44
app.bookteq.com,Brynteg School,FacilityUse,superEvent,0.0,44
app.bookteq.com,Brynteg School,Slot,activity,0.0,1000
app.bookteq.com,Brynteg School,Slot,category,0.0,1000
app.bookteq.com,Brynteg School,Slot,organizer,0.0,1000
app.bookteq.com,Brynteg School,Slot,offers,1.0,1000
app.bookteq.com,Brynteg School,Slot,location,0.0,1000
app.bookteq.com,Brynteg School,Slot,name,0.0,1000
app.bookteq.com,Brynteg School,Slot,description,0.0,1000
app.bookteq.com,Brynteg School,Slot,eventSchedule,0.0,1000
app.bookteq.com,Brynteg School,Slot,ageRange,0.0,1000
app.bookteq.com,Brynteg School,Slot,genderRestriction,0.0,1000
app.bookteq.com,Brynteg School,Slot,level,0.0,1000
app.bookteq.com,Brynteg School,Slot,url,0.0,1000
app.bookteq.com,Brynteg School,Slot,attendeeInstructions,0.0,1000
app.bookteq.com,Brynteg School,Slot,superEvent,0.0,1000
app.bookteq.com,Brynteg School,Slot,activity,0.0,1000
app.bookteq.com,Brynteg School,Slot,category,0.0,1000
app.bookteq.com,Brynteg School,Slot,organizer,0.0,1000
app.bookteq.com,Brynteg School,Slot,offers,1.0,1000
app.bookteq.com,Brynteg School,Slot,location,0.0,1000
app.bookteq.com,Brynteg School,Slot,name,0.0,1000
app.bookteq.com,Brynteg School,Slot,description,0.0,1000
app.bookteq.com,Brynteg School,Slot,eventSchedule,0.0,1000
app.bookteq.com,Brynteg School,Slot,ageRange,0.0,1000
app.bookteq.com,Brynteg School,Slot,genderRestriction,0.0,1000
app.bookteq.com,Brynteg School,Slot,level,0.0,1000
app.bookteq.com,Brynteg School,Slot,url,0.0,1000
app.bookteq.com,Brynteg School,Slot,attendeeInstructions,0.0,1000
app.bookteq.com,Brynteg School,Slot,superEvent,0.0,1000
app.bookteq.com,Chauncy School,FacilityUse,activity,0.0,25
app.bookteq.com,Chauncy School,FacilityUse,category,0.0,25
app.bookteq.com,Chauncy School,FacilityUse,organizer,0.0,25
app.bookteq.com,Chauncy School,FacilityUse,offers,0.0,25
app.bookteq.com,Chauncy School,FacilityUse,location,1.0,25
app.bookteq.com,Chauncy School,FacilityUse,name,1.0,25
app.bookteq.com,Chauncy School,FacilityUse,description,0.0,25
app.bookteq.com,Chauncy School,FacilityUse,eventSchedule,0.0,25
app.bookteq.com,Chauncy School,FacilityUse,ageRange,0.0,25
app.bookteq.com,Chauncy School,FacilityUse,genderRestriction,0.0,25
app.bookteq.com,Chauncy School,FacilityUse,level,0.0,25
app.bookteq.com,Chauncy School,FacilityUse,url,1.0,25
app.bookteq.com,Chauncy School,FacilityUse,attendeeInstructions,0.0,25
app.bookteq.com,Chauncy School,FacilityUse,superEvent,0.0,25
app.bookteq.com,Chauncy School,Slot,activity,0.0,727
app.bookteq.com,Chauncy School,Slot,category,0.0,727
app.bookteq.com,Chauncy School,Slot,organizer,0.0,727
app.bookteq.com,Chauncy School,Slot,offers,1.0,727
app.bookteq.com,Chauncy School,Slot,location,0.0,727
app.bookteq.com,Chauncy School,Slot,name,0.0,727
app.bookteq.com,Chauncy School,Slot,description,0.0,727
app.bookteq.com,Chauncy School,Slot,eventSchedule,0.0,727
app.bookteq.com,Chauncy School,Slot,ageRange,0.0,727
app.bookteq.com,Chauncy School,Slot,genderRestriction,0.0,727
app.bookteq.com,Chauncy School,Slot,level,0.0,727
app.bookteq.com,Chauncy School,Slot,url,0.0,727
app.bookteq.com,Chauncy School,Slot,attendeeInstructions,0.0,727
app.bookteq.com,Chauncy School,Slot,superEvent,0.0,727
app.bookteq.com,Chauncy School,Slot,activity,0.0,1000
app.bookteq.com,Chauncy School,Slot,category,0.0,1000
app.bookteq.com,Chauncy School,Slot,organizer,0.0,1000
app.bookteq.com,Chauncy School,Slot,offers,1.0,1000
app.bookteq.com,Chauncy School,Slot,location,0.0,1000
app.bookteq.com,Chauncy School,Slot,name,0.0,1000
app.bookteq.com,Chauncy School,Slot,description,0.0,1000
app.bookteq.com,Chauncy School,Slot,eventSchedule,0.0,1000
app.bookteq.com,Chauncy School,Slot,ageRange,0.0,1000
app.bookteq.com,Chauncy School,Slot,genderRestriction,0.0,1000
app.bookteq.com,Chauncy School,Slot,level,0.0,1000
app.bookteq.com,Chauncy School,Slot,url,0.0,1000
app.bookteq.com,Chauncy School,Slot,attendeeInstructions,0.0,1000
app.bookteq.com,Chauncy School,Slot,superEvent,0.0,1000
app.bookteq.com,Coram's Fields,FacilityUse,activity,0.0,10
app.bookteq.com,Coram's Fields,FacilityUse,category,0.0,10
app.bookteq.com,Coram's Fields,FacilityUse,organizer,0.0,10
app.bookteq.com,Coram's Fields,FacilityUse,offers,0.0,10
app.bookteq.com,Coram's Fields,FacilityUse,location,1.0,10
app.bookteq.com,Coram's Fields,FacilityUse,name,1.0,10
app.bookteq.com,Coram's Fields,FacilityUse,description,0.0,10
app.bookteq.com,Coram's Fields,FacilityUse,eventSchedule,0.0,10
app.bookteq.com,Coram's Fields,FacilityUse,ageRange,0.0,10
app.bookteq.com,Coram's Fields,FacilityUse,genderRestriction,0.0,10
app.bookteq.com,Coram's Fields,FacilityUse,level,0.0,10
app.bookteq.com,Coram's Fields,FacilityUse,url,1.0,10
app.bookteq.com,Coram's Fields,FacilityUse,attendeeInstructions,0.0,10
app.bookteq.com,Coram's Fields,FacilityUse,superEvent,0.0,10
app.bookteq.com,Coram's Fields,Slot,activity,0.0,571
app.bookteq.com,Coram's Fields,Slot,category,0.0,571
app.bookteq.com,Coram's Fields,Slot,organizer,0.0,571
app.bookteq.com,Coram's Fields,Slot,offers,1.0,571
app.bookteq.com,Coram's Fields,Slot,location,0.0,571
app.bookteq.com,Coram's Fields,Slot,name,0.0,571
app.bookteq.com,Coram's Fields,Slot,description,0.0,571
app.bookteq.com,Coram's Fields,Slot,eventSchedule,0.0,571
app.bookteq.com,Coram's Fields,Slot,ageRange,0.0,571
app.bookteq.com,Coram's Fields,Slot,genderRestriction,0.0,571
app.bookteq.com,Coram's Fields,Slot,level,0.0,571
app.bookteq.com,Coram's Fields,Slot,url,0.0,571
app.bookteq.com,Coram's Fields,Slot,attendeeInstructions,0.0,571
app.bookteq.com,Coram's Fields,Slot,superEvent,0.0,571
app.bookteq.com,Coram's Fields,FacilityUse,activity,0.0,11
app.bookteq.com,Coram's Fields,FacilityUse,category,0.0,11
app.bookteq.com,Coram's Fields,FacilityUse,organizer,0.0,11
app.bookteq.com,Coram's Fields,FacilityUse,offers,0.0,11
app.bookteq.com,Coram's Fields,FacilityUse,location,1.0,11
app.bookteq.com,Coram's Fields,FacilityUse,name,1.0,11
app.bookteq.com,Coram's Fields,FacilityUse,description,0.0,11
app.bookteq.com,Coram's Fields,FacilityUse,eventSchedule,0.0,11
app.bookteq.com,Coram's Fields,FacilityUse,ageRange,0.0,11
app.bookteq.com,Coram's Fields,FacilityUse,genderRestriction,0.0,11
app.bookteq.com,Coram's Fields,FacilityUse,level,0.0,11
app.bookteq.com,Coram's Fields,FacilityUse,url,1.0,11
app.bookteq.com,Coram's Fields,FacilityUse,attendeeInstructions,0.0,11
app.bookteq.com,Coram's Fields,FacilityUse,superEvent,0.0,11
app.bookteq.com,Coram's Fields,Slot,activity,0.0,1000
app.bookteq.com,Coram's Fields,Slot,category,0.0,1000
app.bookteq.com,Coram's Fields,Slot,organizer,0.0,1000
app.bookteq.com,Coram's Fields,Slot,offers,1.0,1000
app.bookteq.com,Coram's Fields,Slot,location,0.0,1000
app.bookteq.com,Coram's Fields,Slot,name,0.0,1000
app.bookteq.com,Coram's Fields,Slot,description,0.0,1000
app.bookteq.com,Coram's Fields,Slot,eventSchedule,0.0,1000
app.bookteq.com,Coram's Fields,Slot,ageRange,0.0,1000
app.bookteq.com,Coram's Fields,Slot,genderRestriction,0.0,1000
app.bookteq.com,Coram's Fields,Slot,level,0.0,1000
app.bookteq.com,Coram's Fields,Slot,url,0.0,1000
app.bookteq.com,Coram's Fields,Slot,attendeeInstructions,0.0,1000
app.bookteq.com,Coram's Fields,Slot,superEvent,0.0,1000
app.bookteq.com,Coram's Fields,Slot,activity,0.0,1000
app.bookteq.com,Coram's Fields,Slot,category,0.0,1000
app.bookteq.com,Coram's Fields,Slot,organizer,0.0,1000
app.bookteq.com,Coram's Fields,Slot,offers,1.0,1000
app.bookteq.com,Coram's Fields,Slot,location,0.0,1000
app.bookteq.com,Coram's Fields,Slot,name,0.0,1000
app.bookteq.com,Coram's Fields,Slot,description,0.0,1000
app.bookteq.com,Coram's Fields,Slot,eventSchedule,0.0,1000
app.bookteq.com,Coram's Fields,Slot,ageRange,0.0,1000
app.bookteq.com,Coram's Fields,Slot,genderRestriction,0.0,1000
app.bookteq.com,Coram's Fields,Slot,level,0.0,1000
app.bookteq.com,Coram's Fields,Slot,url,0.0,1000
app.bookteq.com,Coram's Fields,Slot,attendeeInstructions,0.0,1000
app.bookteq.com,Coram's Fields,Slot,superEvent,0.0,1000
app.bookteq.com,Danbury Parish Council,FacilityUse,activity,0.0,18
app.bookteq.com,Danbury Parish Council,FacilityUse,category,0.0,18
app.bookteq.com,Danbury Parish Council,FacilityUse,organizer,0.0,18
app.bookteq.com,Danbury Parish Council,FacilityUse,offers,0.0,18
app.bookteq.com,Danbury Parish Council,FacilityUse,location,1.0,18
app.bookteq.com,Danbury Parish Council,FacilityUse,name,1.0,18
app.bookteq.com,Danbury Parish Council,FacilityUse,description,0.0,18
app.bookteq.com,Danbury Parish Council,FacilityUse,eventSchedule,0.0,18
app.bookteq.com,Danbury Parish Council,FacilityUse,ageRange,0.0,18
app.bookteq.com,Danbury Parish Council,FacilityUse,genderRestriction,0.0,18
app.bookteq.com,Danbury Parish Council,FacilityUse,level,0.0,18
app.bookteq.com,Danbury Parish Council,FacilityUse,url,1.0,18
app.bookteq.com,Danbury Parish Council,FacilityUse,attendeeInstructions,0.0,18
app.bookteq.com,Danbury Parish Council,FacilityUse,superEvent,0.0,18
app.bookteq.com,Danbury Parish Council,Slot,activity,0.0,1000
app.bookteq.com,Danbury Parish Council,Slot,category,0.0,1000
app.bookteq.com,Danbury Parish Council,Slot,organizer,0.0,1000
app.bookteq.com,Danbury Parish Council,Slot,offers,1.0,1000
app.bookteq.com,Danbury Parish Council,Slot,location,0.0,1000
app.bookteq.com,Danbury Parish Council,Slot,name,0.0,1000
app.bookteq.com,Danbury Parish Council,Slot,description,0.0,1000
app.bookteq.com,Danbury Parish Council,Slot,eventSchedule,0.0,1000
app.bookteq.com,Danbury Parish Council,Slot,ageRange,0.0,1000
app.bookteq.com,Danbury Parish Council,Slot,genderRestriction,0.0,1000
app.bookteq.com,Danbury Parish Council,Slot,level,0.0,1000
app.bookteq.com,Danbury Parish Council,Slot,url,0.0,1000
app.bookteq.com,Danbury Parish Council,Slot,attendeeInstructions,0.0,1000
app.bookteq.com,Danbury Parish Council,Slot,superEvent,0.0,1000
app.bookteq.com,Danbury Parish Council,Slot,activity,0.0,1000
app.bookteq.com,Danbury Parish Council,Slot,category,0.0,1000
app.bookteq.com,Danbury Parish Council,Slot,organizer,0.0,1000
app.bookteq.com,Danbury Parish Council,Slot,offers,1.0,1000
app.bookteq.com,Danbury Parish Council,Slot,location,0.0,1000
app.bookteq.com,Danbury Parish Council,Slot,name,0.0,1000
app.bookteq.com,Danbury Parish Council,Slot,description,0.0,1000
app.bookteq.com,Danbury Parish Council,Slot,eventSchedule,0.0,1000
app.bookteq.com,Danbury Parish Council,Slot,ageRange,0.0,1000
app.bookteq.com,Danbury Parish Council,Slot,genderRestriction,0.0,1000
app.bookteq.com,Danbury Parish Council,Slot,level,0.0,1000
app.bookteq.com,Danbury Parish Council,Slot,url,0.0,1000
app.bookteq.com,Danbury Parish Council,Slot,attendeeInstructions,0.0,1000
app.bookteq.com,Danbury Parish Council,Slot,superEvent,0.0,1000
app.bookteq.com,Debdale Park Sports & Recreation Club,FacilityUse,activity,0.0,25
app.bookteq.com,Debdale Park Sports & Recreation Club,FacilityUse,category,0.0,25
app.bookteq.com,Debdale Park Sports & Recreation Club,FacilityUse,organizer,0.0,25
app.bookteq.com,Debdale Park Sports & Recreation Club,FacilityUse,offers,0.0,25
app.bookteq.com,Debdale Park Sports & Recreation Club,FacilityUse,location,1.0,25
app.bookteq.com,Debdale Park Sports & Recreation Club,FacilityUse,name,1.0,25
app.bookteq.com,Debdale Park Sports & Recreation Club,FacilityUse,description,0.0,25
app.bookteq.com,Debdale Park Sports & Recreation Club,FacilityUse,eventSchedule,0.0,25
app.bookteq.com,Debdale Park Sports & Recreation Club,FacilityUse,ageRange,0.0,25
app.bookteq.com,Debdale Park Sports & Recreation Club,FacilityUse,genderRestriction,0.0,25
app.bookteq.com,Debdale Park Sports & Recreation Club,FacilityUse,level,0.0,25
app.bookteq.com,Debdale Park Sports & Recreation Club,FacilityUse,url,1.0,25
app.bookteq.com,Debdale Park Sports & Recreation Club,FacilityUse,attendeeInstructions,0.0,25
app.bookteq.com,Debdale Park Sports & Recreation Club,FacilityUse,superEvent,0.0,25
app.bookteq.com,Debdale Park Sports & Recreation Club,Slot,activity,0.0,1000
app.bookteq.com,Debdale Park Sports & Recreation Club,Slot,category,0.0,1000
app.bookteq.com,Debdale Park Sports & Recreation Club,Slot,organizer,0.0,1000
app.bookteq.com,Debdale Park Sports & Recreation Club,Slot,offers,1.0,1000
app.bookteq.com,Debdale Park Sports & Recreation Club,Slot,location,0.0,1000
app.bookteq.com,Debdale Park Sports & Recreation Club,Slot,name,0.0,1000
app.bookteq.com,Debdale Park Sports & Recreation Club,Slot,description,0.0,1000
app.bookteq.com,Debdale Park Sports & Recreation Club,Slot,eventSchedule,0.0,1000
app.bookteq.com,Debdale Park Sports & Recreation Club,Slot,ageRange,0.0,1000
app.bookteq.com,Debdale Park Sports & Recreation Club,Slot,genderRestriction,0.0,1000
app.bookteq.com,Debdale Park Sports & Recreation Club,Slot,level,0.0,1000
app.bookteq.com,Debdale Park Sports & Recreation Club,Slot,url,0.0,1000
app.bookteq.com,Debdale Park Sports & Recreation Club,Slot,attendeeInstructions,0.0,1000
app.bookteq.com,Debdale Park Sports & Recreation Club,Slot,superEvent,0.0,1000
app.bookteq.com,Debdale Park Sports & Recreation Club,Slot,activity,0.0,1000
app.bookteq.com,Debdale Park Sports & Recreation Club,Slot,category,0.0,1000
app.bookteq.com,Debdale Park Sports & Recreation Club,Slot,organizer,0.0,1000
app.bookteq.com,Debdale Park Sports & Recreation Club,Slot,offers,1.0,1000
app.bookteq.com,Debdale Park Sports & Recreation Club,Slot,location,0.0,1000
app.bookteq.com,Debdale Park Sports & Recreation Club,Slot,name,0.0,1000
app.bookteq.com,Debdale Park Sports & Recreation Club,Slot,description,0.0,1000
app.bookteq.com,Debdale Park Sports & Recreation Club,Slot,eventSchedule,0.0,1000
app.bookteq.com,Debdale Park Sports & Recreation Club,Slot,ageRange,0.0,1000
app.bookteq.com,Debdale Park Sports & Recreation Club,Slot,genderRestriction,0.0,1000
app.bookteq.com,Debdale Park Sports & Recreation Club,Slot,level,0.0,1000
app.bookteq.com,Debdale Park Sports & Recreation Club,Slot,url,0.0,1000
app.bookteq.com,Debdale Park Sports & Recreation Club,Slot,attendeeInstructions,0.0,1000
app.bookteq.com,Debdale Park Sports & Recreation Club,Slot,superEvent,0.0,1000
app.bookteq.com,Didcot Town Council,FacilityUse,activity,0.0,48
app.bookteq.com,Didcot Town Council,FacilityUse,category,0.0,48
app.bookteq.com,Didcot Town Council,FacilityUse,organizer,0.0,48
app.bookteq.com,Didcot Town Council,FacilityUse,offers,0.0,48
app.bookteq.com,Didcot Town Council,FacilityUse,location,1.0,48
app.bookteq.com,Didcot Town Council,FacilityUse,name,1.0,48
app.bookteq.com,Didcot Town Council,FacilityUse,description,0.0,48
app.bookteq.com,Didcot Town Council,FacilityUse,eventSchedule,0.0,48
app.bookteq.com,Didcot Town Council,FacilityUse,ageRange,0.0,48
app.bookteq.com,Didcot Town Council,FacilityUse,genderRestriction,0.0,48
app.bookteq.com,Didcot Town Council,FacilityUse,level,0.0,48
app.bookteq.com,Didcot Town Council,FacilityUse,url,1.0,48
app.bookteq.com,Didcot Town Council,FacilityUse,attendeeInstructions,0.0,48
app.bookteq.com,Didcot Town Council,FacilityUse,superEvent,0.0,48
app.bookteq.com,Didcot Town Council,Slot,activity,0.0,1000
app.bookteq.com,Didcot Town Council,Slot,category,0.0,1000
app.bookteq.com,Didcot Town Council,Slot,organizer,0.0,1000
app.bookteq.com,Didcot Town Council,Slot,offers,1.0,1000
app.bookteq.com,Didcot Town Council,Slot,location,0.0,1000
app.bookteq.com,Didcot Town Council,Slot,name,0.0,1000
app.bookteq.com,Didcot Town Council,Slot,description,0.0,1000
app.bookteq.com,Didcot Town Council,Slot,eventSchedule,0.0,1000
app.bookteq.com,Didcot Town Council,Slot,ageRange,0.0,1000
app.bookteq.com,Didcot Town Council,Slot,genderRestriction,0.0,1000
app.bookteq.com,Didcot Town Council,Slot,level,0.0,1000
app.bookteq.com,Didcot Town Council,Slot,url,0.0,1000
app.bookteq.com,Didcot Town Council,Slot,attendeeInstructions,0.0,1000
app.bookteq.com,Didcot Town Council,Slot,superEvent,0.0,1000
app.bookteq.com,Didcot Town Council,Slot,activity,0.0,1000
app.bookteq.com,Didcot Town Council,Slot,category,0.0,1000
app.bookteq.com,Didcot Town Council,Slot,organizer,0.0,1000
app.bookteq.com,Didcot Town Council,Slot,offers,1.0,1000
app.bookteq.com,Didcot Town Council,Slot,location,0.0,1000
app.bookteq.com,Didcot Town Council,Slot,name,0.0,1000
app.bookteq.com,Didcot Town Council,Slot,description,0.0,1000
app.bookteq.com,Didcot Town Council,Slot,eventSchedule,0.0,1000
app.bookteq.com,Didcot Town Council,Slot,ageRange,0.0,1000
app.bookteq.com,Didcot Town Council,Slot,genderRestriction,0.0,1000
app.bookteq.com,Didcot Town Council,Slot,level,0.0,1000
app.bookteq.com,Didcot Town Council,Slot,url,0.0,1000
app.bookteq.com,Didcot Town Council,Slot,attendeeInstructions,0.0,1000
app.bookteq.com,Didcot Town Council,Slot,superEvent,0.0,1000
app.bookteq.com,London Borough of Ealing Council,FacilityUse,activity,0.0,53
app.bookteq.com,London Borough of Ealing Council,FacilityUse,category,0.0,53
app.bookteq.com,London Borough of Ealing Council,FacilityUse,organizer,0.0,53
app.bookteq.com,London Borough of Ealing Council,FacilityUse,offers,0.0,53
app.bookteq.com,London Borough of Ealing Council,FacilityUse,location,1.0,53
app.bookteq.com,London Borough of Ealing Council,FacilityUse,name,1.0,53
app.bookteq.com,London Borough of Ealing Council,FacilityUse,description,0.0,53
app.bookteq.com,London Borough of Ealing Council,FacilityUse,eventSchedule,0.0,53
app.bookteq.com,London Borough of Ealing Council,FacilityUse,ageRange,0.0,53
app.bookteq.com,London Borough of Ealing Council,FacilityUse,genderRestriction,0.0,53
app.bookteq.com,London Borough of Ealing Council,FacilityUse,level,0.0,53
app.bookteq.com,London Borough of Ealing Council,FacilityUse,url,1.0,53
app.bookteq.com,London Borough of Ealing Council,FacilityUse,attendeeInstructions,0.0,53
app.bookteq.com,London Borough of Ealing Council,FacilityUse,superEvent,0.0,53
app.bookteq.com,London Borough of Ealing Council,Slot,activity,0.0,3
app.bookteq.com,London Borough of Ealing Council,Slot,category,0.0,3
app.bookteq.com,London Borough of Ealing Council,Slot,organizer,0.0,3
app.bookteq.com,London Borough of Ealing Council,Slot,offers,1.0,3
app.bookteq.com,London Borough of Ealing Council,Slot,location,0.0,3
app.bookteq.com,London Borough of Ealing Council,Slot,name,0.0,3
app.bookteq.com,London Borough of Ealing Council,Slot,description,0.0,3
app.bookteq.com,London Borough of Ealing Council,Slot,eventSchedule,0.0,3
app.bookteq.com,London Borough of Ealing Council,Slot,ageRange,0.0,3
app.bookteq.com,London Borough of Ealing Council,Slot,genderRestriction,0.0,3
app.bookteq.com,London Borough of Ealing Council,Slot,level,0.0,3
app.bookteq.com,London Borough of Ealing Council,Slot,url,0.0,3
app.bookteq.com,London Borough of Ealing Council,Slot,attendeeInstructions,0.0,3
app.bookteq.com,London Borough of Ealing Council,Slot,superEvent,0.0,3
app.bookteq.com,London Borough of Ealing Council,Slot,activity,0.0,1
app.bookteq.com,London Borough of Ealing Council,Slot,category,0.0,1
app.bookteq.com,London Borough of Ealing Council,Slot,organizer,0.0,1
app.bookteq.com,London Borough of Ealing Council,Slot,offers,1.0,1
app.bookteq.com,London Borough of Ealing Council,Slot,location,0.0,1
app.bookteq.com,London Borough of Ealing Council,Slot,name,0.0,1
app.bookteq.com,London Borough of Ealing Council,Slot,description,0.0,1
app.bookteq.com,London Borough of Ealing Council,Slot,eventSchedule,0.0,1
app.bookteq.com,London Borough of Ealing Council,Slot,ageRange,0.0,1
app.bookteq.com,London Borough of Ealing Council,Slot,genderRestriction,0.0,1
app.bookteq.com,London Borough of Ealing Council,Slot,level,0.0,1
app.bookteq.com,London Borough of Ealing Council,Slot,url,0.0,1
app.bookteq.com,London Borough of Ealing Council,Slot,attendeeInstructions,0.0,1
app.bookteq.com,London Borough of Ealing Council,Slot,superEvent,0.0,1
app.bookteq.com,Earlsdon Rugby Club,FacilityUse,activity,0.0,9
app.bookteq.com,Earlsdon Rugby Club,FacilityUse,category,0.0,9
app.bookteq.com,Earlsdon Rugby Club,FacilityUse,organizer,0.0,9
app.bookteq.com,Earlsdon Rugby Club,FacilityUse,offers,0.0,9
app.bookteq.com,Earlsdon Rugby Club,FacilityUse,location,1.0,9
app.bookteq.com,Earlsdon Rugby Club,FacilityUse,name,1.0,9
app.bookteq.com,Earlsdon Rugby Club,FacilityUse,description,0.0,9
app.bookteq.com,Earlsdon Rugby Club,FacilityUse,eventSchedule,0.0,9
app.bookteq.com,Earlsdon Rugby Club,FacilityUse,ageRange,0.0,9
app.bookteq.com,Earlsdon Rugby Club,FacilityUse,genderRestriction,0.0,9
app.bookteq.com,Earlsdon Rugby Club,FacilityUse,level,0.0,9
app.bookteq.com,Earlsdon Rugby Club,FacilityUse,url,1.0,9
app.bookteq.com,Earlsdon Rugby Club,FacilityUse,attendeeInstructions,0.0,9
app.bookteq.com,Earlsdon Rugby Club,FacilityUse,superEvent,0.0,9
app.bookteq.com,Earlsdon Rugby Club,Slot,activity,0.0,736
app.bookteq.com,Earlsdon Rugby Club,Slot,category,0.0,736
app.bookteq.com,Earlsdon Rugby Club,Slot,organizer,0.0,736
app.bookteq.com,Earlsdon Rugby Club,Slot,offers,1.0,736
app.bookteq.com,Earlsdon Rugby Club,Slot,location,0.0,736
app.bookteq.com,Earlsdon Rugby Club,Slot,name,0.0,736
app.bookteq.com,Earlsdon Rugby Club,Slot,description,0.0,736
app.bookteq.com,Earlsdon Rugby Club,Slot,eventSchedule,0.0,736
app.bookteq.com,Earlsdon Rugby Club,Slot,ageRange,0.0,736
app.bookteq.com,Earlsdon Rugby Club,Slot,genderRestriction,0.0,736
app.bookteq.com,Earlsdon Rugby Club,Slot,level,0.0,736
app.bookteq.com,Earlsdon Rugby Club,Slot,url,0.0,736
app.bookteq.com,Earlsdon Rugby Club,Slot,attendeeInstructions,0.0,736
app.bookteq.com,Earlsdon Rugby Club,Slot,superEvent,0.0,736
app.bookteq.com,East Midlands Academy Trust,FacilityUse,activity,0.0,40
app.bookteq.com,East Midlands Academy Trust,FacilityUse,category,0.0,40
app.bookteq.com,East Midlands Academy Trust,FacilityUse,organizer,0.0,40
app.bookteq.com,East Midlands Academy Trust,FacilityUse,offers,0.0,40
app.bookteq.com,East Midlands Academy Trust,FacilityUse,location,1.0,40
app.bookteq.com,East Midlands Academy Trust,FacilityUse,name,1.0,40
app.bookteq.com,East Midlands Academy Trust,FacilityUse,description,0.0,40
app.bookteq.com,East Midlands Academy Trust,FacilityUse,eventSchedule,0.0,40
app.bookteq.com,East Midlands Academy Trust,FacilityUse,ageRange,0.0,40
app.bookteq.com,East Midlands Academy Trust,FacilityUse,genderRestriction,0.0,40
app.bookteq.com,East Midlands Academy Trust,FacilityUse,level,0.0,40
app.bookteq.com,East Midlands Academy Trust,FacilityUse,url,1.0,40
app.bookteq.com,East Midlands Academy Trust,FacilityUse,attendeeInstructions,0.0,40
app.bookteq.com,East Midlands Academy Trust,FacilityUse,superEvent,0.0,40
app.bookteq.com,East Midlands Academy Trust,Slot,activity,0.0,1000
app.bookteq.com,East Midlands Academy Trust,Slot,category,0.0,1000
app.bookteq.com,East Midlands Academy Trust,Slot,organizer,0.0,1000
app.bookteq.com,East Midlands Academy Trust,Slot,offers,1.0,1000
app.bookteq.com,East Midlands Academy Trust,Slot,location,0.0,1000
app.bookteq.com,East Midlands Academy Trust,Slot,name,0.0,1000
app.bookteq.com,East Midlands Academy Trust,Slot,description,0.0,1000
app.bookteq.com,East Midlands Academy Trust,Slot,eventSchedule,0.0,1000
app.bookteq.com,East Midlands Academy Trust,Slot,ageRange,0.0,1000
app.bookteq.com,East Midlands Academy Trust,Slot,genderRestriction,0.0,1000
app.bookteq.com,East Midlands Academy Trust,Slot,level,0.0,1000
app.bookteq.com,East Midlands Academy Trust,Slot,url,0.0,1000
app.bookteq.com,East Midlands Academy Trust,Slot,attendeeInstructions,0.0,1000
app.bookteq.com,East Midlands Academy Trust,Slot,superEvent,0.0,1000
app.bookteq.com,East Midlands Academy Trust,Slot,activity,0.0,1000
app.bookteq.com,East Midlands Academy Trust,Slot,category,0.0,1000
app.bookteq.com,East Midlands Academy Trust,Slot,organizer,0.0,1000
app.bookteq.com,East Midlands Academy Trust,Slot,offers,1.0,1000
app.bookteq.com,East Midlands Academy Trust,Slot,location,0.0,1000
app.bookteq.com,East Midlands Academy Trust,Slot,name,0.0,1000
app.bookteq.com,East Midlands Academy Trust,Slot,description,0.0,1000
app.bookteq.com,East Midlands Academy Trust,Slot,eventSchedule,0.0,1000
app.bookteq.com,East Midlands Academy Trust,Slot,ageRange,0.0,1000
app.bookteq.com,East Midlands Academy Trust,Slot,genderRestriction,0.0,1000
app.bookteq.com,East Midlands Academy Trust,Slot,level,0.0,1000
app.bookteq.com,East Midlands Academy Trust,Slot,url,0.0,1000
app.bookteq.com,East Midlands Academy Trust,Slot,attendeeInstructions,0.0,1000
app.bookteq.com,East Midlands Academy Trust,Slot,superEvent,0.0,1000
app.bookteq.com,Eire Og GAA,FacilityUse,activity,0.0,18
app.bookteq.com,Eire Og GAA,FacilityUse,category,0.0,18
app.bookteq.com,Eire Og GAA,FacilityUse,organizer,0.0,18
app.bookteq.com,Eire Og GAA,FacilityUse,offers,0.0,18
app.bookteq.com,Eire Og GAA,FacilityUse,location,1.0,18
app.bookteq.com,Eire Og GAA,FacilityUse,name,1.0,18
app.bookteq.com,Eire Og GAA,FacilityUse,description,0.0,18
app.bookteq.com,Eire Og GAA,FacilityUse,eventSchedule,0.0,18
app.bookteq.com,Eire Og GAA,FacilityUse,ageRange,0.0,18
app.bookteq.com,Eire Og GAA,FacilityUse,genderRestriction,0.0,18
app.bookteq.com,Eire Og GAA,FacilityUse,level,0.0,18
app.bookteq.com,Eire Og GAA,FacilityUse,url,1.0,18
app.bookteq.com,Eire Og GAA,FacilityUse,attendeeInstructions,0.0,18
app.bookteq.com,Eire Og GAA,FacilityUse,superEvent,0.0,18
app.bookteq.com,Eire Og GAA,Slot,activity,0.0,1000
app.bookteq.com,Eire Og GAA,Slot,category,0.0,1000
app.bookteq.com,Eire Og GAA,Slot,organizer,0.0,1000
app.bookteq.com,Eire Og GAA,Slot,offers,1.0,1000
app.bookteq.com,Eire Og GAA,Slot,location,0.0,1000
app.bookteq.com,Eire Og GAA,Slot,name,0.0,1000
app.bookteq.com,Eire Og GAA,Slot,description,0.0,1000
app.bookteq.com,Eire Og GAA,Slot,eventSchedule,0.0,1000
app.bookteq.com,Eire Og GAA,Slot,ageRange,0.0,1000
app.bookteq.com,Eire Og GAA,Slot,genderRestriction,0.0,1000
app.bookteq.com,Eire Og GAA,Slot,level,0.0,1000
app.bookteq.com,Eire Og GAA,Slot,url,0.0,1000
app.bookteq.com,Eire Og GAA,Slot,attendeeInstructions,0.0,1000
app.bookteq.com,Eire Og GAA,Slot,superEvent,0.0,1000
app.bookteq.com,Eire Og GAA,Slot,activity,0.0,1000
app.bookteq.com,Eire Og GAA,Slot,category,0.0,1000
app.bookteq.com,Eire Og GAA,Slot,organizer,0.0,1000
app.bookteq.com,Eire Og GAA,Slot,offers,1.0,1000
app.bookteq.com,Eire Og GAA,Slot,location,0.0,1000
app.bookteq.com,Eire Og GAA,Slot,name,0.0,1000
app.bookteq.com,Eire Og GAA,Slot,description,0.0,1000
app.bookteq.com,Eire Og GAA,Slot,eventSchedule,0.0,1000
app.bookteq.com,Eire Og GAA,Slot,ageRange,0.0,1000
app.bookteq.com,Eire Og GAA,Slot,genderRestriction,0.0,1000
app.bookteq.com,Eire Og GAA,Slot,level,0.0,1000
app.bookteq.com,Eire Og GAA,Slot,url,0.0,1000
app.bookteq.com,Eire Og GAA,Slot,attendeeInstructions,0.0,1000
app.bookteq.com,Eire Og GAA,Slot,superEvent,0.0,1000
app.bookteq.com,Elgar Park Regional Hockey Association,FacilityUse,activity,0.0,17
app.bookteq.com,Elgar Park Regional Hockey Association,FacilityUse,category,0.0,17
app.bookteq.com,Elgar Park Regional Hockey Association,FacilityUse,organizer,0.0,17
app.bookteq.com,Elgar Park Regional Hockey Association,FacilityUse,offers,0.0,17
app.bookteq.com,Elgar Park Regional Hockey Association,FacilityUse,location,1.0,17
app.bookteq.com,Elgar Park Regional Hockey Association,FacilityUse,name,1.0,17
app.bookteq.com,Elgar Park Regional Hockey Association,FacilityUse,description,0.0,17
app.bookteq.com,Elgar Park Regional Hockey Association,FacilityUse,eventSchedule,0.0,17
app.bookteq.com,Elgar Park Regional Hockey Association,FacilityUse,ageRange,0.0,17
app.bookteq.com,Elgar Park Regional Hockey Association,FacilityUse,genderRestriction,0.0,17
app.bookteq.com,Elgar Park Regional Hockey Association,FacilityUse,level,0.0,17
app.bookteq.com,Elgar Park Regional Hockey Association,FacilityUse,url,1.0,17
app.bookteq.com,Elgar Park Regional Hockey Association,FacilityUse,attendeeInstructions,0.0,17
app.bookteq.com,Elgar Park Regional Hockey Association,FacilityUse,superEvent,0.0,17
app.bookteq.com,Elgar Park Regional Hockey Association,Slot,activity,0.0,992
app.bookteq.com,Elgar Park Regional Hockey Association,Slot,category,0.0,992
app.bookteq.com,Elgar Park Regional Hockey Association,Slot,organizer,0.0,992
app.bookteq.com,Elgar Park Regional Hockey Association,Slot,offers,1.0,992
app.bookteq.com,Elgar Park Regional Hockey Association,Slot,location,0.0,992
app.bookteq.com,Elgar Park Regional Hockey Association,Slot,name,0.0,992
app.bookteq.com,Elgar Park Regional Hockey Association,Slot,description,0.0,992
app.bookteq.com,Elgar Park Regional Hockey Association,Slot,eventSchedule,0.0,992
app.bookteq.com,Elgar Park Regional Hockey Association,Slot,ageRange,0.0,992
app.bookteq.com,Elgar Park Regional Hockey Association,Slot,genderRestriction,0.0,992
app.bookteq.com,Elgar Park Regional Hockey Association,Slot,level,0.0,992
app.bookteq.com,Elgar Park Regional Hockey Association,Slot,url,0.0,992
app.bookteq.com,Elgar Park Regional Hockey Association,Slot,attendeeInstructions,0.0,992
app.bookteq.com,Elgar Park Regional Hockey Association,Slot,superEvent,0.0,992
app.bookteq.com,Elgar Park Regional Hockey Association,Slot,activity,0.0,1000
app.bookteq.com,Elgar Park Regional Hockey Association,Slot,category,0.0,1000
app.bookteq.com,Elgar Park Regional Hockey Association,Slot,organizer,0.0,1000
app.bookteq.com,Elgar Park Regional Hockey Association,Slot,offers,1.0,1000
app.bookteq.com,Elgar Park Regional Hockey Association,Slot,location,0.0,1000
app.bookteq.com,Elgar Park Regional Hockey Association,Slot,name,0.0,1000
app.bookteq.com,Elgar Park Regional Hockey Association,Slot,description,0.0,1000
app.bookteq.com,Elgar Park Regional Hockey Association,Slot,eventSchedule,0.0,1000
app.bookteq.com,Elgar Park Regional Hockey Association,Slot,ageRange,0.0,1000
app.bookteq.com,Elgar Park Regional Hockey Association,Slot,genderRestriction,0.0,1000
app.bookteq.com,Elgar Park Regional Hockey Association,Slot,level,0.0,1000
app.bookteq.com,Elgar Park Regional Hockey Association,Slot,url,0.0,1000
app.bookteq.com,Elgar Park Regional Hockey Association,Slot,attendeeInstructions,0.0,1000
app.bookteq.com,Elgar Park Regional Hockey Association,Slot,superEvent,0.0,1000
app.bookteq.com,Enfield Drill Hall Sports Club,FacilityUse,activity,0.0,11
app.bookteq.com,Enfield Drill Hall Sports Club,FacilityUse,category,0.0,11
app.bookteq.com,Enfield Drill Hall Sports Club,FacilityUse,organizer,0.0,11
app.bookteq.com,Enfield Drill Hall Sports Club,FacilityUse,offers,0.0,11
app.bookteq.com,Enfield Drill Hall Sports Club,FacilityUse,location,1.0,11
app.bookteq.com,Enfield Drill Hall Sports Club,FacilityUse,name,1.0,11
app.bookteq.com,Enfield Drill Hall Sports Club,FacilityUse,description,0.0,11
app.bookteq.com,Enfield Drill Hall Sports Club,FacilityUse,eventSchedule,0.0,11
app.bookteq.com,Enfield Drill Hall Sports Club,FacilityUse,ageRange,0.0,11
app.bookteq.com,Enfield Drill Hall Sports Club,FacilityUse,genderRestriction,0.0,11
app.bookteq.com,Enfield Drill Hall Sports Club,FacilityUse,level,0.0,11
app.bookteq.com,Enfield Drill Hall Sports Club,FacilityUse,url,1.0,11
app.bookteq.com,Enfield Drill Hall Sports Club,FacilityUse,attendeeInstructions,0.0,11
app.bookteq.com,Enfield Drill Hall Sports Club,FacilityUse,superEvent,0.0,11
app.bookteq.com,Enfield Drill Hall Sports Club,Slot,activity,0.0,785
app.bookteq.com,Enfield Drill Hall Sports Club,Slot,category,0.0,785
app.bookteq.com,Enfield Drill Hall Sports Club,Slot,organizer,0.0,785
app.bookteq.com,Enfield Drill Hall Sports Club,Slot,offers,1.0,785
app.bookteq.com,Enfield Drill Hall Sports Club,Slot,location,0.0,785
app.bookteq.com,Enfield Drill Hall Sports Club,Slot,name,0.0,785
app.bookteq.com,Enfield Drill Hall Sports Club,Slot,description,0.0,785
app.bookteq.com,Enfield Drill Hall Sports Club,Slot,eventSchedule,0.0,785
app.bookteq.com,Enfield Drill Hall Sports Club,Slot,ageRange,0.0,785
app.bookteq.com,Enfield Drill Hall Sports Club,Slot,genderRestriction,0.0,785
app.bookteq.com,Enfield Drill Hall Sports Club,Slot,level,0.0,785
app.bookteq.com,Enfield Drill Hall Sports Club,Slot,url,0.0,785
app.bookteq.com,Enfield Drill Hall Sports Club,Slot,attendeeInstructions,0.0,785
app.bookteq.com,Enfield Drill Hall Sports Club,Slot,superEvent,0.0,785
app.bookteq.com,Enfield Drill Hall Sports Club,Slot,activity,0.0,623
app.bookteq.com,Enfield Drill Hall Sports Club,Slot,category,0.0,623
app.bookteq.com,Enfield Drill Hall Sports Club,Slot,organizer,0.0,623
app.bookteq.com,Enfield Drill Hall Sports Club,Slot,offers,1.0,623
app.bookteq.com,Enfield Drill Hall Sports Club,Slot,location,0.0,623
app.bookteq.com,Enfield Drill Hall Sports Club,Slot,name,0.0,623
app.bookteq.com,Enfield Drill Hall Sports Club,Slot,description,0.0,623
app.bookteq.com,Enfield Drill Hall Sports Club,Slot,eventSchedule,0.0,623
app.bookteq.com,Enfield Drill Hall Sports Club,Slot,ageRange,0.0,623
app.bookteq.com,Enfield Drill Hall Sports Club,Slot,genderRestriction,0.0,623
app.bookteq.com,Enfield Drill Hall Sports Club,Slot,level,0.0,623
app.bookteq.com,Enfield Drill Hall Sports Club,Slot,url,0.0,623
app.bookteq.com,Enfield Drill Hall Sports Club,Slot,attendeeInstructions,0.0,623
app.bookteq.com,Enfield Drill Hall Sports Club,Slot,superEvent,0.0,623
app.bookteq.com,Featherstone Sports Centre Trust,FacilityUse,activity,0.0,61
app.bookteq.com,Featherstone Sports Centre Trust,FacilityUse,category,0.0,61
app.bookteq.com,Featherstone Sports Centre Trust,FacilityUse,organizer,0.0,61
app.bookteq.com,Featherstone Sports Centre Trust,FacilityUse,offers,0.0,61
app.bookteq.com,Featherstone Sports Centre Trust,FacilityUse,location,1.0,61
app.bookteq.com,Featherstone Sports Centre Trust,FacilityUse,name,1.0,61
app.bookteq.com,Featherstone Sports Centre Trust,FacilityUse,description,0.0,61
app.bookteq.com,Featherstone Sports Centre Trust,FacilityUse,eventSchedule,0.0,61
app.bookteq.com,Featherstone Sports Centre Trust,FacilityUse,ageRange,0.0,61
app.bookteq.com,Featherstone Sports Centre Trust,FacilityUse,genderRestriction,0.0,61
app.bookteq.com,Featherstone Sports Centre Trust,FacilityUse,level,0.0,61
app.bookteq.com,Featherstone Sports Centre Trust,FacilityUse,url,1.0,61
app.bookteq.com,Featherstone Sports Centre Trust,FacilityUse,attendeeInstructions,0.0,61
app.bookteq.com,Featherstone Sports Centre Trust,FacilityUse,superEvent,0.0,61
app.bookteq.com,Featherstone Sports Centre Trust,Slot,activity,0.0,1000
app.bookteq.com,Featherstone Sports Centre Trust,Slot,category,0.0,1000
app.bookteq.com,Featherstone Sports Centre Trust,Slot,organizer,0.0,1000
app.bookteq.com,Featherstone Sports Centre Trust,Slot,offers,1.0,1000
app.bookteq.com,Featherstone Sports Centre Trust,Slot,location,0.0,1000
app.bookteq.com,Featherstone Sports Centre Trust,Slot,name,0.0,1000
app.bookteq.com,Featherstone Sports Centre Trust,Slot,description,0.0,1000
app.bookteq.com,Featherstone Sports Centre Trust,Slot,eventSchedule,0.0,1000
app.bookteq.com,Featherstone Sports Centre Trust,Slot,ageRange,0.0,1000
app.bookteq.com,Featherstone Sports Centre Trust,Slot,genderRestriction,0.0,1000
app.bookteq.com,Featherstone Sports Centre Trust,Slot,level,0.0,1000
app.bookteq.com,Featherstone Sports Centre Trust,Slot,url,0.0,1000
app.bookteq.com,Featherstone Sports Centre Trust,Slot,attendeeInstructions,0.0,1000
app.bookteq.com,Featherstone Sports Centre Trust,Slot,superEvent,0.0,1000
app.bookteq.com,Featherstone Sports Centre Trust,Slot,activity,0.0,1000
app.bookteq.com,Featherstone Sports Centre Trust,Slot,category,0.0,1000
app.bookteq.com,Featherstone Sports Centre Trust,Slot,organizer,0.0,1000
app.bookteq.com,Featherstone Sports Centre Trust,Slot,offers,1.0,1000
app.bookteq.com,Featherstone Sports Centre Trust,Slot,location,0.0,1000
app.bookteq.com,Featherstone Sports Centre Trust,Slot,name,0.0,1000
app.bookteq.com,Featherstone Sports Centre Trust,Slot,description,0.0,1000
app.bookteq.com,Featherstone Sports Centre Trust,Slot,eventSchedule,0.0,1000
app.bookteq.com,Featherstone Sports Centre Trust,Slot,ageRange,0.0,1000
app.bookteq.com,Featherstone Sports Centre Trust,Slot,genderRestriction,0.0,1000
app.bookteq.com,Featherstone Sports Centre Trust,Slot,level,0.0,1000
app.bookteq.com,Featherstone Sports Centre Trust,Slot,url,0.0,1000
app.bookteq.com,Featherstone Sports Centre Trust,Slot,attendeeInstructions,0.0,1000
app.bookteq.com,Featherstone Sports Centre Trust,Slot,superEvent,0.0,1000
app.bookteq.com,Mark Allen,FacilityUse,activity,0.0,2
app.bookteq.com,Mark Allen,FacilityUse,category,0.0,2
app.bookteq.com,Mark Allen,FacilityUse,organizer,0.0,2
app.bookteq.com,Mark Allen,FacilityUse,offers,0.0,2
app.bookteq.com,Mark Allen,FacilityUse,location,1.0,2
app.bookteq.com,Mark Allen,FacilityUse,name,1.0,2
app.bookteq.com,Mark Allen,FacilityUse,description,0.0,2
app.bookteq.com,Mark Allen,FacilityUse,eventSchedule,0.0,2
app.bookteq.com,Mark Allen,FacilityUse,ageRange,0.0,2
app.bookteq.com,Mark Allen,FacilityUse,genderRestriction,0.0,2
app.bookteq.com,Mark Allen,FacilityUse,level,0.0,2
app.bookteq.com,Mark Allen,FacilityUse,url,1.0,2
app.bookteq.com,Mark Allen,FacilityUse,attendeeInstructions,0.0,2
app.bookteq.com,Mark Allen,FacilityUse,superEvent,0.0,2
app.bookteq.com,Mark Allen,Slot,activity,0.0,220
app.bookteq.com,Mark Allen,Slot,category,0.0,220
app.bookteq.com,Mark Allen,Slot,organizer,0.0,220
app.bookteq.com,Mark Allen,Slot,offers,1.0,220
app.bookteq.com,Mark Allen,Slot,location,0.0,220
app.bookteq.com,Mark Allen,Slot,name,0.0,220
app.bookteq.com,Mark Allen,Slot,description,0.0,220
app.bookteq.com,Mark Allen,Slot,eventSchedule,0.0,220
app.bookteq.com,Mark Allen,Slot,ageRange,0.0,220
app.bookteq.com,Mark Allen,Slot,genderRestriction,0.0,220
app.bookteq.com,Mark Allen,Slot,level,0.0,220
app.bookteq.com,Mark Allen,Slot,url,0.0,220
app.bookteq.com,Mark Allen,Slot,attendeeInstructions,0.0,220
app.bookteq.com,Mark Allen,Slot,superEvent,0.0,220
app.bookteq.com,Mark Allen,Slot,activity,0.0,132
app.bookteq.com,Mark Allen,Slot,category,0.0,132
app.bookteq.com,Mark Allen,Slot,organizer,0.0,132
app.bookteq.com,Mark Allen,Slot,offers,1.0,132
app.bookteq.com,Mark Allen,Slot,location,0.0,132
app.bookteq.com,Mark Allen,Slot,name,0.0,132
app.bookteq.com,Mark Allen,Slot,description,0.0,132
app.bookteq.com,Mark Allen,Slot,eventSchedule,0.0,132
app.bookteq.com,Mark Allen,Slot,ageRange,0.0,132
app.bookteq.com,Mark Allen,Slot,genderRestriction,0.0,132
app.bookteq.com,Mark Allen,Slot,level,0.0,132
app.bookteq.com,Mark Allen,Slot,url,0.0,132
app.bookteq.com,Mark Allen,Slot,attendeeInstructions,0.0,132
app.bookteq.com,Mark Allen,Slot,superEvent,0.0,132
app.bookteq.com,Football 567,FacilityUse,activity,0.0,3
app.bookteq.com,Football 567,FacilityUse,category,0.0,3
app.bookteq.com,Football 567,FacilityUse,organizer,0.0,3
app.bookteq.com,Football 567,FacilityUse,offers,0.0,3
app.bookteq.com,Football 567,FacilityUse,location,1.0,3
app.bookteq.com,Football 567,FacilityUse,name,1.0,3
app.bookteq.com,Football 567,FacilityUse,description,0.0,3
app.bookteq.com,Football 567,FacilityUse,eventSchedule,0.0,3
app.bookteq.com,Football 567,FacilityUse,ageRange,0.0,3
app.bookteq.com,Football 567,FacilityUse,genderRestriction,0.0,3
app.bookteq.com,Football 567,FacilityUse,level,0.0,3
app.bookteq.com,Football 567,FacilityUse,url,1.0,3
app.bookteq.com,Football 567,FacilityUse,attendeeInstructions,0.0,3
app.bookteq.com,Football 567,FacilityUse,superEvent,0.0,3
app.bookteq.com,Football 567,Slot,activity,0.0,111
app.bookteq.com,Football 567,Slot,category,0.0,111
app.bookteq.com,Football 567,Slot,organizer,0.0,111
app.bookteq.com,Football 567,Slot,offers,1.0,111
app.bookteq.com,Football 567,Slot,location,0.0,111
app.bookteq.com,Football 567,Slot,name,0.0,111
app.bookteq.com,Football 567,Slot,description,0.0,111
app.bookteq.com,Football 567,Slot,eventSchedule,0.0,111
app.bookteq.com,Football 567,Slot,ageRange,0.0,111
app.bookteq.com,Football 567,Slot,genderRestriction,0.0,111
app.bookteq.com,Football 567,Slot,level,0.0,111
app.bookteq.com,Football 567,Slot,url,0.0,111
app.bookteq.com,Football 567,Slot,attendeeInstructions,0.0,111
app.bookteq.com,Football 567,Slot,superEvent,0.0,111
app.bookteq.com,Football 567,Slot,activity,0.0,49
app.bookteq.com,Football 567,Slot,category,0.0,49
app.bookteq.com,Football 567,Slot,organizer,0.0,49
app.bookteq.com,Football 567,Slot,offers,1.0,49
app.bookteq.com,Football 567,Slot,location,0.0,49
app.bookteq.com,Football 567,Slot,name,0.0,49
app.bookteq.com,Football 567,Slot,description,0.0,49
app.bookteq.com,Football 567,Slot,eventSchedule,0.0,49
app.bookteq.com,Football 567,Slot,ageRange,0.0,49
app.bookteq.com,Football 567,Slot,genderRestriction,0.0,49
app.bookteq.com,Football 567,Slot,level,0.0,49
app.bookteq.com,Football 567,Slot,url,0.0,49
app.bookteq.com,Football 567,Slot,attendeeInstructions,0.0,49
app.bookteq.com,Football 567,Slot,superEvent,0.0,49
app.bookteq.com,FZ 2024 Ltd,FacilityUse,activity,0.0,3
app.bookteq.com,FZ 2024 Ltd,FacilityUse,category,0.0,3
app.bookteq.com,FZ 2024 Ltd,FacilityUse,organizer,0.0,3
app.bookteq.com,FZ 2024 Ltd,FacilityUse,offers,0.0,3
app.bookteq.com,FZ 2024 Ltd,FacilityUse,location,1.0,3
app.bookteq.com,FZ 2024 Ltd,FacilityUse,name,1.0,3
app.bookteq.com,FZ 2024 Ltd,FacilityUse,description,0.0,3
app.bookteq.com,FZ 2024 Ltd,FacilityUse,eventSchedule,0.0,3
app.bookteq.com,FZ 2024 Ltd,FacilityUse,ageRange,0.0,3
app.bookteq.com,FZ 2024 Ltd,FacilityUse,genderRestriction,0.0,3
app.bookteq.com,FZ 2024 Ltd,FacilityUse,level,0.0,3
app.bookteq.com,FZ 2024 Ltd,FacilityUse,url,1.0,3
app.bookteq.com,FZ 2024 Ltd,FacilityUse,attendeeInstructions,0.0,3
app.bookteq.com,FZ 2024 Ltd,FacilityUse,superEvent,0.0,3
app.bookteq.com,FZ 2024 Ltd,Slot,activity,0.0,148
app.bookteq.com,FZ 2024 Ltd,Slot,category,0.0,148
app.bookteq.com,FZ 2024 Ltd,Slot,organizer,0.0,148
app.bookteq.com,FZ 2024 Ltd,Slot,offers,1.0,148
app.bookteq.com,FZ 2024 Ltd,Slot,location,0.0,148
app.bookteq.com,FZ 2024 Ltd,Slot,name,0.0,148
app.bookteq.com,FZ 2024 Ltd,Slot,description,0.0,148
app.bookteq.com,FZ 2024 Ltd,Slot,eventSchedule,0.0,148
app.bookteq.com,FZ 2024 Ltd,Slot,ageRange,0.0,148
app.bookteq.com,FZ 2024 Ltd,Slot,genderRestriction,0.0,148
app.bookteq.com,FZ 2024 Ltd,Slot,level,0.0,148
app.bookteq.com,FZ 2024 Ltd,Slot,url,0.0,148
app.bookteq.com,FZ 2024 Ltd,Slot,attendeeInstructions,0.0,148
app.bookteq.com,FZ 2024 Ltd,Slot,superEvent,0.0,148
app.bookteq.com,FZ 2024 Ltd,Slot,activity,0.0,126
app.bookteq.com,FZ 2024 Ltd,Slot,category,0.0,126
app.bookteq.com,FZ 2024 Ltd,Slot,organizer,0.0,126
app.bookteq.com,FZ 2024 Ltd,Slot,offers,1.0,126
app.bookteq.com,FZ 2024 Ltd,Slot,location,0.0,126
app.bookteq.com,FZ 2024 Ltd,Slot,name,0.0,126
app.bookteq.com,FZ 2024 Ltd,Slot,description,0.0,126
app.bookteq.com,FZ 2024 Ltd,Slot,eventSchedule,0.0,126
app.bookteq.com,FZ 2024 Ltd,Slot,ageRange,0.0,126
app.bookteq.com,FZ 2024 Ltd,Slot,genderRestriction,0.0,126
app.bookteq.com,FZ 2024 Ltd,Slot,level,0.0,126
app.bookteq.com,FZ 2024 Ltd,Slot,url,0.0,126
app.bookteq.com,FZ 2024 Ltd,Slot,attendeeInstructions,0.0,126
app.bookteq.com,FZ 2024 Ltd,Slot,superEvent,0.0,126
app.bookteq.com,gmcommunitylettings,FacilityUse,activity,0.0,141
app.bookteq.com,gmcommunitylettings,FacilityUse,category,0.0,141
app.bookteq.com,gmcommunitylettings,FacilityUse,organizer,0.0,141
app.bookteq.com,gmcommunitylettings,FacilityUse,offers,0.0,141
app.bookteq.com,gmcommunitylettings,FacilityUse,location,1.0,141
app.bookteq.com,gmcommunitylettings,FacilityUse,name,1.0,141
app.bookteq.com,gmcommunitylettings,FacilityUse,description,0.0,141
app.bookteq.com,gmcommunitylettings,FacilityUse,eventSchedule,0.0,141
app.bookteq.com,gmcommunitylettings,FacilityUse,ageRange,0.0,141
app.bookteq.com,gmcommunitylettings,FacilityUse,genderRestriction,0.0,141
app.bookteq.com,gmcommunitylettings,FacilityUse,level,0.0,141
app.bookteq.com,gmcommunitylettings,FacilityUse,url,1.0,141
app.bookteq.com,gmcommunitylettings,FacilityUse,attendeeInstructions,0.0,141
app.bookteq.com,gmcommunitylettings,FacilityUse,superEvent,0.0,141
app.bookteq.com,gmcommunitylettings,Slot,activity,0.0,1000
app.bookteq.com,gmcommunitylettings,Slot,category,0.0,1000
app.bookteq.com,gmcommunitylettings,Slot,organizer,0.0,1000
app.bookteq.com,gmcommunitylettings,Slot,offers,1.0,1000
app.bookteq.com,gmcommunitylettings,Slot,location,0.0,1000
app.bookteq.com,gmcommunitylettings,Slot,name,0.0,1000
app.bookteq.com,gmcommunitylettings,Slot,description,0.0,1000
app.bookteq.com,gmcommunitylettings,Slot,eventSchedule,0.0,1000
app.bookteq.com,gmcommunitylettings,Slot,ageRange,0.0,1000
app.bookteq.com,gmcommunitylettings,Slot,genderRestriction,0.0,1000
app.bookteq.com,gmcommunitylettings,Slot,level,0.0,1000
app.bookteq.com,gmcommunitylettings,Slot,url,0.0,1000
app.bookteq.com,gmcommunitylettings,Slot,attendeeInstructions,0.0,1000
app.bookteq.com,gmcommunitylettings,Slot,superEvent,0.0,1000
app.bookteq.com,gmcommunitylettings,Slot,activity,0.0,1000
app.bookteq.com,gmcommunitylettings,Slot,category,0.0,1000
app.bookteq.com,gmcommunitylettings,Slot,organizer,0.0,1000
app.bookteq.com,gmcommunitylettings,Slot,offers,1.0,1000
app.bookteq.com,gmcommunitylettings,Slot,location,0.0,1000
app.bookteq.com,gmcommunitylettings,Slot,name,0.0,1000
app.bookteq.com,gmcommunitylettings,Slot,description,0.0,1000
app.bookteq.com,gmcommunitylettings,Slot,eventSchedule,0.0,1000
app.bookteq.com,gmcommunitylettings,Slot,ageRange,0.0,1000
app.bookteq.com,gmcommunitylettings,Slot,genderRestriction,0.0,1000
app.bookteq.com,gmcommunitylettings,Slot,level,0.0,1000
app.bookteq.com,gmcommunitylettings,Slot,url,0.0,1000
app.bookteq.com,gmcommunitylettings,Slot,attendeeInstructions,0.0,1000
app.bookteq.com,gmcommunitylettings,Slot,superEvent,0.0,1000
app.bookteq.com,Gravesham Legend Sports Ltd,FacilityUse,activity,0.0,26
app.bookteq.com,Gravesham Legend Sports Ltd,FacilityUse,category,0.0,26
app.bookteq.com,Gravesham Legend Sports Ltd,FacilityUse,organizer,0.0,26
app.bookteq.com,Gravesham Legend Sports Ltd,FacilityUse,offers,0.0,26
app.bookteq.com,Gravesham Legend Sports Ltd,FacilityUse,location,1.0,26
app.bookteq.com,Gravesham Legend Sports Ltd,FacilityUse,name,1.0,26
app.bookteq.com,Gravesham Legend Sports Ltd,FacilityUse,description,0.0,26
app.bookteq.com,Gravesham Legend Sports Ltd,FacilityUse,eventSchedule,0.0,26
app.bookteq.com,Gravesham Legend Sports Ltd,FacilityUse,ageRange,0.0,26
app.bookteq.com,Gravesham Legend Sports Ltd,FacilityUse,genderRestriction,0.0,26
app.bookteq.com,Gravesham Legend Sports Ltd,FacilityUse,level,0.0,26
app.bookteq.com,Gravesham Legend Sports Ltd,FacilityUse,url,1.0,26
app.bookteq.com,Gravesham Legend Sports Ltd,FacilityUse,attendeeInstructions,0.0,26
app.bookteq.com,Gravesham Legend Sports Ltd,FacilityUse,superEvent,0.0,26
app.bookteq.com,Gravesham Legend Sports Ltd,Slot,activity,0.0,891
app.bookteq.com,Gravesham Legend Sports Ltd,Slot,category,0.0,891
app.bookteq.com,Gravesham Legend Sports Ltd,Slot,organizer,0.0,891
app.bookteq.com,Gravesham Legend Sports Ltd,Slot,offers,1.0,891
app.bookteq.com,Gravesham Legend Sports Ltd,Slot,location,0.0,891
app.bookteq.com,Gravesham Legend Sports Ltd,Slot,name,0.0,891
app.bookteq.com,Gravesham Legend Sports Ltd,Slot,description,0.0,891
app.bookteq.com,Gravesham Legend Sports Ltd,Slot,eventSchedule,0.0,891
app.bookteq.com,Gravesham Legend Sports Ltd,Slot,ageRange,0.0,891
app.bookteq.com,Gravesham Legend Sports Ltd,Slot,genderRestriction,0.0,891
app.bookteq.com,Gravesham Legend Sports Ltd,Slot,level,0.0,891
app.bookteq.com,Gravesham Legend Sports Ltd,Slot,url,0.0,891
app.bookteq.com,Gravesham Legend Sports Ltd,Slot,attendeeInstructions,0.0,891
app.bookteq.com,Gravesham Legend Sports Ltd,Slot,superEvent,0.0,891
app.bookteq.com,Gravesham Legend Sports Ltd,Slot,activity,0.0,544
app.bookteq.com,Gravesham Legend Sports Ltd,Slot,category,0.0,544
app.bookteq.com,Gravesham Legend Sports Ltd,Slot,organizer,0.0,544
app.bookteq.com,Gravesham Legend Sports Ltd,Slot,offers,1.0,544
app.bookteq.com,Gravesham Legend Sports Ltd,Slot,location,0.0,544
app.bookteq.com,Gravesham Legend Sports Ltd,Slot,name,0.0,544
app.bookteq.com,Gravesham Legend Sports Ltd,Slot,description,0.0,544
app.bookteq.com,Gravesham Legend Sports Ltd,Slot,eventSchedule,0.0,544
app.bookteq.com,Gravesham Legend Sports Ltd,Slot,ageRange,0.0,544
app.bookteq.com,Gravesham Legend Sports Ltd,Slot,genderRestriction,0.0,544
app.bookteq.com,Gravesham Legend Sports Ltd,Slot,level,0.0,544
app.bookteq.com,Gravesham Legend Sports Ltd,Slot,url,0.0,544
app.bookteq.com,Gravesham Legend Sports Ltd,Slot,attendeeInstructions,0.0,544
app.bookteq.com,Gravesham Legend Sports Ltd,Slot,superEvent,0.0,544
app.bookteq.com,Harborne Cricket Club,FacilityUse,activity,0.0,8
app.bookteq.com,Harborne Cricket Club,FacilityUse,category,0.0,8
app.bookteq.com,Harborne Cricket Club,FacilityUse,organizer,0.0,8
app.bookteq.com,Harborne Cricket Club,FacilityUse,offers,0.0,8
app.bookteq.com,Harborne Cricket Club,FacilityUse,location,1.0,8
app.bookteq.com,Harborne Cricket Club,FacilityUse,name,1.0,8
app.bookteq.com,Harborne Cricket Club,FacilityUse,description,0.0,8
app.bookteq.com,Harborne Cricket Club,FacilityUse,eventSchedule,0.0,8
app.bookteq.com,Harborne Cricket Club,FacilityUse,ageRange,0.0,8
app.bookteq.com,Harborne Cricket Club,FacilityUse,genderRestriction,0.0,8
app.bookteq.com,Harborne Cricket Club,FacilityUse,level,0.0,8
app.bookteq.com,Harborne Cricket Club,FacilityUse,url,1.0,8
app.bookteq.com,Harborne Cricket Club,FacilityUse,attendeeInstructions,0.0,8
app.bookteq.com,Harborne Cricket Club,FacilityUse,superEvent,0.0,8
app.bookteq.com,Harborne Cricket Club,Slot,activity,0.0,504
app.bookteq.com,Harborne Cricket Club,Slot,category,0.0,504
app.bookteq.com,Harborne Cricket Club,Slot,organizer,0.0,504
app.bookteq.com,Harborne Cricket Club,Slot,offers,1.0,504
app.bookteq.com,Harborne Cricket Club,Slot,location,0.0,504
app.bookteq.com,Harborne Cricket Club,Slot,name,0.0,504
app.bookteq.com,Harborne Cricket Club,Slot,description,0.0,504
app.bookteq.com,Harborne Cricket Club,Slot,eventSchedule,0.0,504
app.bookteq.com,Harborne Cricket Club,Slot,ageRange,0.0,504
app.bookteq.com,Harborne Cricket Club,Slot,genderRestriction,0.0,504
app.bookteq.com,Harborne Cricket Club,Slot,level,0.0,504
app.bookteq.com,Harborne Cricket Club,Slot,url,0.0,504
app.bookteq.com,Harborne Cricket Club,Slot,attendeeInstructions,0.0,504
app.bookteq.com,Harborne Cricket Club,Slot,superEvent,0.0,504
app.bookteq.com,Haringey Council,FacilityUse,activity,0.0,128
app.bookteq.com,Haringey Council,FacilityUse,category,0.0,128
app.bookteq.com,Haringey Council,FacilityUse,organizer,0.0,128
app.bookteq.com,Haringey Council,FacilityUse,offers,0.0,128
app.bookteq.com,Haringey Council,FacilityUse,location,1.0,128
app.bookteq.com,Haringey Council,FacilityUse,name,1.0,128
app.bookteq.com,Haringey Council,FacilityUse,description,0.0,128
app.bookteq.com,Haringey Council,FacilityUse,eventSchedule,0.0,128
app.bookteq.com,Haringey Council,FacilityUse,ageRange,0.0,128
app.bookteq.com,Haringey Council,FacilityUse,genderRestriction,0.0,128
app.bookteq.com,Haringey Council,FacilityUse,level,0.0,128
app.bookteq.com,Haringey Council,FacilityUse,url,1.0,128
app.bookteq.com,Haringey Council,FacilityUse,attendeeInstructions,0.0,128
app.bookteq.com,Haringey Council,FacilityUse,superEvent,0.0,128
app.bookteq.com,Haringey Council,Slot,activity,0.0,450
app.bookteq.com,Haringey Council,Slot,category,0.0,450
app.bookteq.com,Haringey Council,Slot,organizer,0.0,450
app.bookteq.com,Haringey Council,Slot,offers,1.0,450
app.bookteq.com,Haringey Council,Slot,location,0.0,450
app.bookteq.com,Haringey Council,Slot,name,0.0,450
app.bookteq.com,Haringey Council,Slot,description,0.0,450
app.bookteq.com,Haringey Council,Slot,eventSchedule,0.0,450
app.bookteq.com,Haringey Council,Slot,ageRange,0.0,450
app.bookteq.com,Haringey Council,Slot,genderRestriction,0.0,450
app.bookteq.com,Haringey Council,Slot,level,0.0,450
app.bookteq.com,Haringey Council,Slot,url,0.0,450
app.bookteq.com,Haringey Council,Slot,attendeeInstructions,0.0,450
app.bookteq.com,Haringey Council,Slot,superEvent,0.0,450
app.bookteq.com,Harpur Hill Sports Centre CIC,FacilityUse,activity,0.0,28
app.bookteq.com,Harpur Hill Sports Centre CIC,FacilityUse,category,0.0,28
app.bookteq.com,Harpur Hill Sports Centre CIC,FacilityUse,organizer,0.0,28
app.bookteq.com,Harpur Hill Sports Centre CIC,FacilityUse,offers,0.0,28
app.bookteq.com,Harpur Hill Sports Centre CIC,FacilityUse,location,1.0,28
app.bookteq.com,Harpur Hill Sports Centre CIC,FacilityUse,name,1.0,28
app.bookteq.com,Harpur Hill Sports Centre CIC,FacilityUse,description,0.0,28
app.bookteq.com,Harpur Hill Sports Centre CIC,FacilityUse,eventSchedule,0.0,28
app.bookteq.com,Harpur Hill Sports Centre CIC,FacilityUse,ageRange,0.0,28
app.bookteq.com,Harpur Hill Sports Centre CIC,FacilityUse,genderRestriction,0.0,28
app.bookteq.com,Harpur Hill Sports Centre CIC,FacilityUse,level,0.0,28
app.bookteq.com,Harpur Hill Sports Centre CIC,FacilityUse,url,1.0,28
app.bookteq.com,Harpur Hill Sports Centre CIC,FacilityUse,attendeeInstructions,0.0,28
app.bookteq.com,Harpur Hill Sports Centre CIC,FacilityUse,superEvent,0.0,28
app.bookteq.com,Harpur Hill Sports Centre CIC,Slot,activity,0.0,1000
app.bookteq.com,Harpur Hill Sports Centre CIC,Slot,category,0.0,1000
app.bookteq.com,Harpur Hill Sports Centre CIC,Slot,organizer,0.0,1000
app.bookteq.com,Harpur Hill Sports Centre CIC,Slot,offers,1.0,1000
app.bookteq.com,Harpur Hill Sports Centre CIC,Slot,location,0.0,1000
app.bookteq.com,Harpur Hill Sports Centre CIC,Slot,name,0.0,1000
app.bookteq.com,Harpur Hill Sports Centre CIC,Slot,description,0.0,1000
app.bookteq.com,Harpur Hill Sports Centre CIC,Slot,eventSchedule,0.0,1000
app.bookteq.com,Harpur Hill Sports Centre CIC,Slot,ageRange,0.0,1000
app.bookteq.com,Harpur Hill Sports Centre CIC,Slot,genderRestriction,0.0,1000
app.bookteq.com,Harpur Hill Sports Centre CIC,Slot,level,0.0,1000
app.bookteq.com,Harpur Hill Sports Centre CIC,Slot,url,0.0,1000
app.bookteq.com,Harpur Hill Sports Centre CIC,Slot,attendeeInstructions,0.0,1000
app.bookteq.com,Harpur Hill Sports Centre CIC,Slot,superEvent,0.0,1000
app.bookteq.com,Harpur Hill Sports Centre CIC,Slot,activity,0.0,1000
app.bookteq.com,Harpur Hill Sports Centre CIC,Slot,category,0.0,1000
app.bookteq.com,Harpur Hill Sports Centre CIC,Slot,organizer,0.0,1000
app.bookteq.com,Harpur Hill Sports Centre CIC,Slot,offers,1.0,1000
app.bookteq.com,Harpur Hill Sports Centre CIC,Slot,location,0.0,1000
app.bookteq.com,Harpur Hill Sports Centre CIC,Slot,name,0.0,1000
app.bookteq.com,Harpur Hill Sports Centre CIC,Slot,description,0.0,1000
app.bookteq.com,Harpur Hill Sports Centre CIC,Slot,eventSchedule,0.0,1000
app.bookteq.com,Harpur Hill Sports Centre CIC,Slot,ageRange,0.0,1000
app.bookteq.com,Harpur Hill Sports Centre CIC,Slot,genderRestriction,0.0,1000
app.bookteq.com,Harpur Hill Sports Centre CIC,Slot,level,0.0,1000
app.bookteq.com,Harpur Hill Sports Centre CIC,Slot,url,0.0,1000
app.bookteq.com,Harpur Hill Sports Centre CIC,Slot,attendeeInstructions,0.0,1000
app.bookteq.com,Harpur Hill Sports Centre CIC,Slot,superEvent,0.0,1000
app.bookteq.com,Hythe Cricket & Squash Club,FacilityUse,activity,0.0,19
app.bookteq.com,Hythe Cricket & Squash Club,FacilityUse,category,0.0,19
app.bookteq.com,Hythe Cricket & Squash Club,FacilityUse,organizer,0.0,19
app.bookteq.com,Hythe Cricket & Squash Club,FacilityUse,offers,0.0,19
app.bookteq.com,Hythe Cricket & Squash Club,FacilityUse,location,1.0,19
app.bookteq.com,Hythe Cricket & Squash Club,FacilityUse,name,1.0,19
app.bookteq.com,Hythe Cricket & Squash Club,FacilityUse,description,0.0,19
app.bookteq.com,Hythe Cricket & Squash Club,FacilityUse,eventSchedule,0.0,19
app.bookteq.com,Hythe Cricket & Squash Club,FacilityUse,ageRange,0.0,19
app.bookteq.com,Hythe Cricket & Squash Club,FacilityUse,genderRestriction,0.0,19
app.bookteq.com,Hythe Cricket & Squash Club,FacilityUse,level,0.0,19
app.bookteq.com,Hythe Cricket & Squash Club,FacilityUse,url,1.0,19
app.bookteq.com,Hythe Cricket & Squash Club,FacilityUse,attendeeInstructions,0.0,19
app.bookteq.com,Hythe Cricket & Squash Club,FacilityUse,superEvent,0.0,19
app.bookteq.com,Hythe Cricket & Squash Club,Slot,activity,0.0,1000
app.bookteq.com,Hythe Cricket & Squash Club,Slot,category,0.0,1000
app.bookteq.com,Hythe Cricket & Squash Club,Slot,organizer,0.0,1000
app.bookteq.com,Hythe Cricket & Squash Club,Slot,offers,1.0,1000
app.bookteq.com,Hythe Cricket & Squash Club,Slot,location,0.0,1000
app.bookteq.com,Hythe Cricket & Squash Club,Slot,name,0.0,1000
app.bookteq.com,Hythe Cricket & Squash Club,Slot,description,0.0,1000
app.bookteq.com,Hythe Cricket & Squash Club,Slot,eventSchedule,0.0,1000
app.bookteq.com,Hythe Cricket & Squash Club,Slot,ageRange,0.0,1000
app.bookteq.com,Hythe Cricket & Squash Club,Slot,genderRestriction,0.0,1000
app.bookteq.com,Hythe Cricket & Squash Club,Slot,level,0.0,1000
app.bookteq.com,Hythe Cricket & Squash Club,Slot,url,0.0,1000
app.bookteq.com,Hythe Cricket & Squash Club,Slot,attendeeInstructions,0.0,1000
app.bookteq.com,Hythe Cricket & Squash Club,Slot,superEvent,0.0,1000
app.bookteq.com,Hythe Cricket & Squash Club,Slot,activity,0.0,1000
app.bookteq.com,Hythe Cricket & Squash Club,Slot,category,0.0,1000
app.bookteq.com,Hythe Cricket & Squash Club,Slot,organizer,0.0,1000
app.bookteq.com,Hythe Cricket & Squash Club,Slot,offers,1.0,1000
app.bookteq.com,Hythe Cricket & Squash Club,Slot,location,0.0,1000
app.bookteq.com,Hythe Cricket & Squash Club,Slot,name,0.0,1000
app.bookteq.com,Hythe Cricket & Squash Club,Slot,description,0.0,1000
app.bookteq.com,Hythe Cricket & Squash Club,Slot,eventSchedule,0.0,1000
app.bookteq.com,Hythe Cricket & Squash Club,Slot,ageRange,0.0,1000
app.bookteq.com,Hythe Cricket & Squash Club,Slot,genderRestriction,0.0,1000
app.bookteq.com,Hythe Cricket & Squash Club,Slot,level,0.0,1000
app.bookteq.com,Hythe Cricket & Squash Club,Slot,url,0.0,1000
app.bookteq.com,Hythe Cricket & Squash Club,Slot,attendeeInstructions,0.0,1000
app.bookteq.com,Hythe Cricket & Squash Club,Slot,superEvent,0.0,1000
app.bookteq.com,ID Verde Charnwood,FacilityUse,activity,0.0,54
app.bookteq.com,ID Verde Charnwood,FacilityUse,category,0.0,54
app.bookteq.com,ID Verde Charnwood,FacilityUse,organizer,0.0,54
app.bookteq.com,ID Verde Charnwood,FacilityUse,offers,0.0,54
app.bookteq.com,ID Verde Charnwood,FacilityUse,location,1.0,54
app.bookteq.com,ID Verde Charnwood,FacilityUse,name,1.0,54
app.bookteq.com,ID Verde Charnwood,FacilityUse,description,0.0,54
app.bookteq.com,ID Verde Charnwood,FacilityUse,eventSchedule,0.0,54
app.bookteq.com,ID Verde Charnwood,FacilityUse,ageRange,0.0,54
app.bookteq.com,ID Verde Charnwood,FacilityUse,genderRestriction,0.0,54
app.bookteq.com,ID Verde Charnwood,FacilityUse,level,0.0,54
app.bookteq.com,ID Verde Charnwood,FacilityUse,url,1.0,54
app.bookteq.com,ID Verde Charnwood,FacilityUse,attendeeInstructions,0.0,54
app.bookteq.com,ID Verde Charnwood,FacilityUse,superEvent,0.0,54
app.bookteq.com,ID Verde Charnwood,Slot,activity,0.0,1000
app.bookteq.com,ID Verde Charnwood,Slot,category,0.0,1000
app.bookteq.com,ID Verde Charnwood,Slot,organizer,0.0,1000
app.bookteq.com,ID Verde Charnwood,Slot,offers,1.0,1000
app.bookteq.com,ID Verde Charnwood,Slot,location,0.0,1000
app.bookteq.com,ID Verde Charnwood,Slot,name,0.0,1000
app.bookteq.com,ID Verde Charnwood,Slot,description,0.0,1000
app.bookteq.com,ID Verde Charnwood,Slot,eventSchedule,0.0,1000
app.bookteq.com,ID Verde Charnwood,Slot,ageRange,0.0,1000
app.bookteq.com,ID Verde Charnwood,Slot,genderRestriction,0.0,1000
app.bookteq.com,ID Verde Charnwood,Slot,level,0.0,1000
app.bookteq.com,ID Verde Charnwood,Slot,url,0.0,1000
app.bookteq.com,ID Verde Charnwood,Slot,attendeeInstructions,0.0,1000
app.bookteq.com,ID Verde Charnwood,Slot,superEvent,0.0,1000
app.bookteq.com,ID Verde Charnwood,Slot,activity,0.0,1000
app.bookteq.com,ID Verde Charnwood,Slot,category,0.0,1000
app.bookteq.com,ID Verde Charnwood,Slot,organizer,0.0,1000
app.bookteq.com,ID Verde Charnwood,Slot,offers,1.0,1000
app.bookteq.com,ID Verde Charnwood,Slot,location,0.0,1000
app.bookteq.com,ID Verde Charnwood,Slot,name,0.0,1000
app.bookteq.com,ID Verde Charnwood,Slot,description,0.0,1000
app.bookteq.com,ID Verde Charnwood,Slot,eventSchedule,0.0,1000
app.bookteq.com,ID Verde Charnwood,Slot,ageRange,0.0,1000
app.bookteq.com,ID Verde Charnwood,Slot,genderRestriction,0.0,1000
app.bookteq.com,ID Verde Charnwood,Slot,level,0.0,1000
app.bookteq.com,ID Verde Charnwood,Slot,url,0.0,1000
app.bookteq.com,ID Verde Charnwood,Slot,attendeeInstructions,0.0,1000
app.bookteq.com,ID Verde Charnwood,Slot,superEvent,0.0,1000
app.bookteq.com,JMO Sports Limited,FacilityUse,activity,0.0,34
app.bookteq.com,JMO Sports Limited,FacilityUse,category,0.0,34
app.bookteq.com,JMO Sports Limited,FacilityUse,organizer,0.0,34
app.bookteq.com,JMO Sports Limited,FacilityUse,offers,0.0,34
app.bookteq.com,JMO Sports Limited,FacilityUse,location,1.0,34
app.bookteq.com,JMO Sports Limited,FacilityUse,name,1.0,34
app.bookteq.com,JMO Sports Limited,FacilityUse,description,0.0,34
app.bookteq.com,JMO Sports Limited,FacilityUse,eventSchedule,0.0,34
app.bookteq.com,JMO Sports Limited,FacilityUse,ageRange,0.0,34
app.bookteq.com,JMO Sports Limited,FacilityUse,genderRestriction,0.0,34
app.bookteq.com,JMO Sports Limited,FacilityUse,level,0.0,34
app.bookteq.com,JMO Sports Limited,FacilityUse,url,1.0,34
app.bookteq.com,JMO Sports Limited,FacilityUse,attendeeInstructions,0.0,34
app.bookteq.com,JMO Sports Limited,FacilityUse,superEvent,0.0,34
app.bookteq.com,JMO Sports Limited,Slot,activity,0.0,935
app.bookteq.com,JMO Sports Limited,Slot,category,0.0,935
app.bookteq.com,JMO Sports Limited,Slot,organizer,0.0,935
app.bookteq.com,JMO Sports Limited,Slot,offers,1.0,935
app.bookteq.com,JMO Sports Limited,Slot,location,0.0,935
app.bookteq.com,JMO Sports Limited,Slot,name,0.0,935
app.bookteq.com,JMO Sports Limited,Slot,description,0.0,935
app.bookteq.com,JMO Sports Limited,Slot,eventSchedule,0.0,935
app.bookteq.com,JMO Sports Limited,Slot,ageRange,0.0,935
app.bookteq.com,JMO Sports Limited,Slot,genderRestriction,0.0,935
app.bookteq.com,JMO Sports Limited,Slot,level,0.0,935
app.bookteq.com,JMO Sports Limited,Slot,url,0.0,935
app.bookteq.com,JMO Sports Limited,Slot,attendeeInstructions,0.0,935
app.bookteq.com,JMO Sports Limited,Slot,superEvent,0.0,935
app.bookteq.com,JMO Sports Limited,Slot,activity,0.0,1000
app.bookteq.com,JMO Sports Limited,Slot,category,0.0,1000
app.bookteq.com,JMO Sports Limited,Slot,organizer,0.0,1000
app.bookteq.com,JMO Sports Limited,Slot,offers,1.0,1000
app.bookteq.com,JMO Sports Limited,Slot,location,0.0,1000
app.bookteq.com,JMO Sports Limited,Slot,name,0.0,1000
app.bookteq.com,JMO Sports Limited,Slot,description,0.0,1000
app.bookteq.com,JMO Sports Limited,Slot,eventSchedule,0.0,1000
app.bookteq.com,JMO Sports Limited,Slot,ageRange,0.0,1000
app.bookteq.com,JMO Sports Limited,Slot,genderRestriction,0.0,1000
app.bookteq.com,JMO Sports Limited,Slot,level,0.0,1000
app.bookteq.com,JMO Sports Limited,Slot,url,0.0,1000
app.bookteq.com,JMO Sports Limited,Slot,attendeeInstructions,0.0,1000
app.bookteq.com,JMO Sports Limited,Slot,superEvent,0.0,1000
app.bookteq.com,Kingsway Park High School,FacilityUse,activity,0.0,31
app.bookteq.com,Kingsway Park High School,FacilityUse,category,0.0,31
app.bookteq.com,Kingsway Park High School,FacilityUse,organizer,0.0,31
app.bookteq.com,Kingsway Park High School,FacilityUse,offers,0.0,31
app.bookteq.com,Kingsway Park High School,FacilityUse,location,1.0,31
app.bookteq.com,Kingsway Park High School,FacilityUse,name,1.0,31
app.bookteq.com,Kingsway Park High School,FacilityUse,description,0.0,31
app.bookteq.com,Kingsway Park High School,FacilityUse,eventSchedule,0.0,31
app.bookteq.com,Kingsway Park High School,FacilityUse,ageRange,0.0,31
app.bookteq.com,Kingsway Park High School,FacilityUse,genderRestriction,0.0,31
app.bookteq.com,Kingsway Park High School,FacilityUse,level,0.0,31
app.bookteq.com,Kingsway Park High School,FacilityUse,url,1.0,31
app.bookteq.com,Kingsway Park High School,FacilityUse,attendeeInstructions,0.0,31
app.bookteq.com,Kingsway Park High School,FacilityUse,superEvent,0.0,31
app.bookteq.com,Kingsway Park High School,Slot,activity,0.0,1000
app.bookteq.com,Kingsway Park High School,Slot,category,0.0,1000
app.bookteq.com,Kingsway Park High School,Slot,organizer,0.0,1000
app.bookteq.com,Kingsway Park High School,Slot,offers,1.0,1000
app.bookteq.com,Kingsway Park High School,Slot,location,0.0,1000
app.bookteq.com,Kingsway Park High School,Slot,name,0.0,1000
app.bookteq.com,Kingsway Park High School,Slot,description,0.0,1000
app.bookteq.com,Kingsway Park High School,Slot,eventSchedule,0.0,1000
app.bookteq.com,Kingsway Park High School,Slot,ageRange,0.0,1000
app.bookteq.com,Kingsway Park High School,Slot,genderRestriction,0.0,1000
app.bookteq.com,Kingsway Park High School,Slot,level,0.0,1000
app.bookteq.com,Kingsway Park High School,Slot,url,0.0,1000
app.bookteq.com,Kingsway Park High School,Slot,attendeeInstructions,0.0,1000
app.bookteq.com,Kingsway Park High School,Slot,superEvent,0.0,1000
app.bookteq.com,Kingsway Park High School,Slot,activity,0.0,1000
app.bookteq.com,Kingsway Park High School,Slot,category,0.0,1000
app.bookteq.com,Kingsway Park High School,Slot,organizer,0.0,1000
app.bookteq.com,Kingsway Park High School,Slot,offers,1.0,1000
app.bookteq.com,Kingsway Park High School,Slot,location,0.0,1000
app.bookteq.com,Kingsway Park High School,Slot,name,0.0,1000
app.bookteq.com,Kingsway Park High School,Slot,description,0.0,1000
app.bookteq.com,Kingsway Park High School,Slot,eventSchedule,0.0,1000
app.bookteq.com,Kingsway Park High School,Slot,ageRange,0.0,1000
app.bookteq.com,Kingsway Park High School,Slot,genderRestriction,0.0,1000
app.bookteq.com,Kingsway Park High School,Slot,level,0.0,1000
app.bookteq.com,Kingsway Park High School,Slot,url,0.0,1000
app.bookteq.com,Kingsway Park High School,Slot,attendeeInstructions,0.0,1000
app.bookteq.com,Kingsway Park High School,Slot,superEvent,0.0,1000
app.bookteq.com,Langley Grange Pool,FacilityUse,activity,0.0,10
app.bookteq.com,Langley Grange Pool,FacilityUse,category,0.0,10
app.bookteq.com,Langley Grange Pool,FacilityUse,organizer,0.0,10
app.bookteq.com,Langley Grange Pool,FacilityUse,offers,0.0,10
app.bookteq.com,Langley Grange Pool,FacilityUse,location,1.0,10
app.bookteq.com,Langley Grange Pool,FacilityUse,name,1.0,10
app.bookteq.com,Langley Grange Pool,FacilityUse,description,0.0,10
app.bookteq.com,Langley Grange Pool,FacilityUse,eventSchedule,0.0,10
app.bookteq.com,Langley Grange Pool,FacilityUse,ageRange,0.0,10
app.bookteq.com,Langley Grange Pool,FacilityUse,genderRestriction,0.0,10
app.bookteq.com,Langley Grange Pool,FacilityUse,level,0.0,10
app.bookteq.com,Langley Grange Pool,FacilityUse,url,1.0,10
app.bookteq.com,Langley Grange Pool,FacilityUse,attendeeInstructions,0.0,10
app.bookteq.com,Langley Grange Pool,FacilityUse,superEvent,0.0,10
app.bookteq.com,Langley Grange Pool,Slot,activity,0.0,1000
app.bookteq.com,Langley Grange Pool,Slot,category,0.0,1000
app.bookteq.com,Langley Grange Pool,Slot,organizer,0.0,1000
app.bookteq.com,Langley Grange Pool,Slot,offers,1.0,1000
app.bookteq.com,Langley Grange Pool,Slot,location,0.0,1000
app.bookteq.com,Langley Grange Pool,Slot,name,0.0,1000
app.bookteq.com,Langley Grange Pool,Slot,description,0.0,1000
app.bookteq.com,Langley Grange Pool,Slot,eventSchedule,0.0,1000
app.bookteq.com,Langley Grange Pool,Slot,ageRange,0.0,1000
app.bookteq.com,Langley Grange Pool,Slot,genderRestriction,0.0,1000
app.bookteq.com,Langley Grange Pool,Slot,level,0.0,1000
app.bookteq.com,Langley Grange Pool,Slot,url,0.0,1000
app.bookteq.com,Langley Grange Pool,Slot,attendeeInstructions,0.0,1000
app.bookteq.com,Langley Grange Pool,Slot,superEvent,0.0,1000
app.bookteq.com,Langley Grange Pool,Slot,activity,0.0,1000
app.bookteq.com,Langley Grange Pool,Slot,category,0.0,1000
app.bookteq.com,Langley Grange Pool,Slot,organizer,0.0,1000
app.bookteq.com,Langley Grange Pool,Slot,offers,1.0,1000
app.bookteq.com,Langley Grange Pool,Slot,location,0.0,1000
app.bookteq.com,Langley Grange Pool,Slot,name,0.0,1000
app.bookteq.com,Langley Grange Pool,Slot,description,0.0,1000
app.bookteq.com,Langley Grange Pool,Slot,eventSchedule,0.0,1000
app.bookteq.com,Langley Grange Pool,Slot,ageRange,0.0,1000
app.bookteq.com,Langley Grange Pool,Slot,genderRestriction,0.0,1000
app.bookteq.com,Langley Grange Pool,Slot,level,0.0,1000
app.bookteq.com,Langley Grange Pool,Slot,url,0.0,1000
app.bookteq.com,Langley Grange Pool,Slot,attendeeInstructions,0.0,1000
app.bookteq.com,Langley Grange Pool,Slot,superEvent,0.0,1000
app.bookteq.com,Larkhall Sports Club,FacilityUse,activity,0.0,46
app.bookteq.com,Larkhall Sports Club,FacilityUse,category,0.0,46
app.bookteq.com,Larkhall Sports Club,FacilityUse,organizer,0.0,46
app.bookteq.com,Larkhall Sports Club,FacilityUse,offers,0.0,46
app.bookteq.com,Larkhall Sports Club,FacilityUse,location,1.0,46
app.bookteq.com,Larkhall Sports Club,FacilityUse,name,1.0,46
app.bookteq.com,Larkhall Sports Club,FacilityUse,description,0.0,46
app.bookteq.com,Larkhall Sports Club,FacilityUse,eventSchedule,0.0,46
app.bookteq.com,Larkhall Sports Club,FacilityUse,ageRange,0.0,46
app.bookteq.com,Larkhall Sports Club,FacilityUse,genderRestriction,0.0,46
app.bookteq.com,Larkhall Sports Club,FacilityUse,level,0.0,46
app.bookteq.com,Larkhall Sports Club,FacilityUse,url,1.0,46
app.bookteq.com,Larkhall Sports Club,FacilityUse,attendeeInstructions,0.0,46
app.bookteq.com,Larkhall Sports Club,FacilityUse,superEvent,0.0,46
app.bookteq.com,Larkhall Sports Club,Slot,activity,0.0,1000
app.bookteq.com,Larkhall Sports Club,Slot,category,0.0,1000
app.bookteq.com,Larkhall Sports Club,Slot,organizer,0.0,1000
app.bookteq.com,Larkhall Sports Club,Slot,offers,1.0,1000
app.bookteq.com,Larkhall Sports Club,Slot,location,0.0,1000
app.bookteq.com,Larkhall Sports Club,Slot,name,0.0,1000
app.bookteq.com,Larkhall Sports Club,Slot,description,0.0,1000
app.bookteq.com,Larkhall Sports Club,Slot,eventSchedule,0.0,1000
app.bookteq.com,Larkhall Sports Club,Slot,ageRange,0.0,1000
app.bookteq.com,Larkhall Sports Club,Slot,genderRestriction,0.0,1000
app.bookteq.com,Larkhall Sports Club,Slot,level,0.0,1000
app.bookteq.com,Larkhall Sports Club,Slot,url,0.0,1000
app.bookteq.com,Larkhall Sports Club,Slot,attendeeInstructions,0.0,1000
app.bookteq.com,Larkhall Sports Club,Slot,superEvent,0.0,1000
app.bookteq.com,Larkhall Sports Club,Slot,activity,0.0,1000
app.bookteq.com,Larkhall Sports Club,Slot,category,0.0,1000
app.bookteq.com,Larkhall Sports Club,Slot,organizer,0.0,1000
app.bookteq.com,Larkhall Sports Club,Slot,offers,1.0,1000
app.bookteq.com,Larkhall Sports Club,Slot,location,0.0,1000
app.bookteq.com,Larkhall Sports Club,Slot,name,0.0,1000
app.bookteq.com,Larkhall Sports Club,Slot,description,0.0,1000
app.bookteq.com,Larkhall Sports Club,Slot,eventSchedule,0.0,1000
app.bookteq.com,Larkhall Sports Club,Slot,ageRange,0.0,1000
app.bookteq.com,Larkhall Sports Club,Slot,genderRestriction,0.0,1000
app.bookteq.com,Larkhall Sports Club,Slot,level,0.0,1000
app.bookteq.com,Larkhall Sports Club,Slot,url,0.0,1000
app.bookteq.com,Larkhall Sports Club,Slot,attendeeInstructions,0.0,1000
app.bookteq.com,Larkhall Sports Club,Slot,superEvent,0.0,1000
app.bookteq.com,Matthew Arnold Sports Centre,FacilityUse,activity,0.0,548
app.bookteq.com,Matthew Arnold Sports Centre,FacilityUse,category,0.0,548
app.bookteq.com,Matthew Arnold Sports Centre,FacilityUse,organizer,0.0,548
app.bookteq.com,Matthew Arnold Sports Centre,FacilityUse,offers,0.0,548
app.bookteq.com,Matthew Arnold Sports Centre,FacilityUse,location,1.0,548
app.bookteq.com,Matthew Arnold Sports Centre,FacilityUse,name,1.0,548
app.bookteq.com,Matthew Arnold Sports Centre,FacilityUse,description,0.0,548
app.bookteq.com,Matthew Arnold Sports Centre,FacilityUse,eventSchedule,0.0,548
app.bookteq.com,Matthew Arnold Sports Centre,FacilityUse,ageRange,0.0,548
app.bookteq.com,Matthew Arnold Sports Centre,FacilityUse,genderRestriction,0.0,548
app.bookteq.com,Matthew Arnold Sports Centre,FacilityUse,level,0.0,548
app.bookteq.com,Matthew Arnold Sports Centre,FacilityUse,url,1.0,548
app.bookteq.com,Matthew Arnold Sports Centre,FacilityUse,attendeeInstructions,0.0,548
app.bookteq.com,Matthew Arnold Sports Centre,FacilityUse,superEvent,0.0,548
app.bookteq.com,Matthew Arnold Sports Centre,Slot,activity,0.0,1000
app.bookteq.com,Matthew Arnold Sports Centre,Slot,category,0.0,1000
app.bookteq.com,Matthew Arnold Sports Centre,Slot,organizer,0.0,1000
app.bookteq.com,Matthew Arnold Sports Centre,Slot,offers,1.0,1000
app.bookteq.com,Matthew Arnold Sports Centre,Slot,location,0.0,1000
app.bookteq.com,Matthew Arnold Sports Centre,Slot,name,0.0,1000
app.bookteq.com,Matthew Arnold Sports Centre,Slot,description,0.0,1000
app.bookteq.com,Matthew Arnold Sports Centre,Slot,eventSchedule,0.0,1000
app.bookteq.com,Matthew Arnold Sports Centre,Slot,ageRange,0.0,1000
app.bookteq.com,Matthew Arnold Sports Centre,Slot,genderRestriction,0.0,1000
app.bookteq.com,Matthew Arnold Sports Centre,Slot,level,0.0,1000
app.bookteq.com,Matthew Arnold Sports Centre,Slot,url,0.0,1000
app.bookteq.com,Matthew Arnold Sports Centre,Slot,attendeeInstructions,0.0,1000
app.bookteq.com,Matthew Arnold Sports Centre,Slot,superEvent,0.0,1000
app.bookteq.com,Matthew Arnold Sports Centre,Slot,activity,0.0,1000
app.bookteq.com,Matthew Arnold Sports Centre,Slot,category,0.0,1000
app.bookteq.com,Matthew Arnold Sports Centre,Slot,organizer,0.0,1000
app.bookteq.com,Matthew Arnold Sports Centre,Slot,offers,1.0,1000
app.bookteq.com,Matthew Arnold Sports Centre,Slot,location,0.0,1000
app.bookteq.com,Matthew Arnold Sports Centre,Slot,name,0.0,1000
app.bookteq.com,Matthew Arnold Sports Centre,Slot,description,0.0,1000
app.bookteq.com,Matthew Arnold Sports Centre,Slot,eventSchedule,0.0,1000
app.bookteq.com,Matthew Arnold Sports Centre,Slot,ageRange,0.0,1000
app.bookteq.com,Matthew Arnold Sports Centre,Slot,genderRestriction,0.0,1000
app.bookteq.com,Matthew Arnold Sports Centre,Slot,level,0.0,1000
app.bookteq.com,Matthew Arnold Sports Centre,Slot,url,0.0,1000
app.bookteq.com,Matthew Arnold Sports Centre,Slot,attendeeInstructions,0.0,1000
app.bookteq.com,Matthew Arnold Sports Centre,Slot,superEvent,0.0,1000
app.bookteq.com,LRSO,FacilityUse,activity,0.0,412
app.bookteq.com,LRSO,FacilityUse,category,0.0,412
app.bookteq.com,LRSO,FacilityUse,organizer,0.0,412
app.bookteq.com,LRSO,FacilityUse,offers,0.0,412
app.bookteq.com,LRSO,FacilityUse,location,1.0,412
app.bookteq.com,LRSO,FacilityUse,name,1.0,412
app.bookteq.com,LRSO,FacilityUse,description,0.0,412
app.bookteq.com,LRSO,FacilityUse,eventSchedule,0.0,412
app.bookteq.com,LRSO,FacilityUse,ageRange,0.0,412
app.bookteq.com,LRSO,FacilityUse,genderRestriction,0.0,412
app.bookteq.com,LRSO,FacilityUse,level,0.0,412
app.bookteq.com,LRSO,FacilityUse,url,1.0,412
app.bookteq.com,LRSO,FacilityUse,attendeeInstructions,0.0,412
app.bookteq.com,LRSO,FacilityUse,superEvent,0.0,412
app.bookteq.com,LRSO,Slot,activity,0.0,1000
app.bookteq.com,LRSO,Slot,category,0.0,1000
app.bookteq.com,LRSO,Slot,organizer,0.0,1000
app.bookteq.com,LRSO,Slot,offers,1.0,1000
app.bookteq.com,LRSO,Slot,location,0.0,1000
app.bookteq.com,LRSO,Slot,name,0.0,1000
app.bookteq.com,LRSO,Slot,description,0.0,1000
app.bookteq.com,LRSO,Slot,eventSchedule,0.0,1000
app.bookteq.com,LRSO,Slot,ageRange,0.0,1000
app.bookteq.com,LRSO,Slot,genderRestriction,0.0,1000
app.bookteq.com,LRSO,Slot,level,0.0,1000
app.bookteq.com,LRSO,Slot,url,0.0,1000
app.bookteq.com,LRSO,Slot,attendeeInstructions,0.0,1000
app.bookteq.com,LRSO,Slot,superEvent,0.0,1000
app.bookteq.com,LRSO,Slot,activity,0.0,1000
app.bookteq.com,LRSO,Slot,category,0.0,1000
app.bookteq.com,LRSO,Slot,organizer,0.0,1000
app.bookteq.com,LRSO,Slot,offers,1.0,1000
app.bookteq.com,LRSO,Slot,location,0.0,1000
app.bookteq.com,LRSO,Slot,name,0.0,1000
app.bookteq.com,LRSO,Slot,description,0.0,1000
app.bookteq.com,LRSO,Slot,eventSchedule,0.0,1000
app.bookteq.com,LRSO,Slot,ageRange,0.0,1000
app.bookteq.com,LRSO,Slot,genderRestriction,0.0,1000
app.bookteq.com,LRSO,Slot,level,0.0,1000
app.bookteq.com,LRSO,Slot,url,0.0,1000
app.bookteq.com,LRSO,Slot,attendeeInstructions,0.0,1000
app.bookteq.com,LRSO,Slot,superEvent,0.0,1000
app.bookteq.com,Manchester Communication Academy,FacilityUse,activity,0.0,67
app.bookteq.com,Manchester Communication Academy,FacilityUse,category,0.0,67
app.bookteq.com,Manchester Communication Academy,FacilityUse,organizer,0.0,67
app.bookteq.com,Manchester Communication Academy,FacilityUse,offers,0.0,67
app.bookteq.com,Manchester Communication Academy,FacilityUse,location,1.0,67
app.bookteq.com,Manchester Communication Academy,FacilityUse,name,1.0,67
app.bookteq.com,Manchester Communication Academy,FacilityUse,description,0.0,67
app.bookteq.com,Manchester Communication Academy,FacilityUse,eventSchedule,0.0,67
app.bookteq.com,Manchester Communication Academy,FacilityUse,ageRange,0.0,67
app.bookteq.com,Manchester Communication Academy,FacilityUse,genderRestriction,0.0,67
app.bookteq.com,Manchester Communication Academy,FacilityUse,level,0.0,67
app.bookteq.com,Manchester Communication Academy,FacilityUse,url,1.0,67
app.bookteq.com,Manchester Communication Academy,FacilityUse,attendeeInstructions,0.0,67
app.bookteq.com,Manchester Communication Academy,FacilityUse,superEvent,0.0,67
app.bookteq.com,Manchester Communication Academy,Slot,activity,0.0,1000
app.bookteq.com,Manchester Communication Academy,Slot,category,0.0,1000
app.bookteq.com,Manchester Communication Academy,Slot,organizer,0.0,1000
app.bookteq.com,Manchester Communication Academy,Slot,offers,1.0,1000
app.bookteq.com,Manchester Communication Academy,Slot,location,0.0,1000
app.bookteq.com,Manchester Communication Academy,Slot,name,0.0,1000
app.bookteq.com,Manchester Communication Academy,Slot,description,0.0,1000
app.bookteq.com,Manchester Communication Academy,Slot,eventSchedule,0.0,1000
app.bookteq.com,Manchester Communication Academy,Slot,ageRange,0.0,1000
app.bookteq.com,Manchester Communication Academy,Slot,genderRestriction,0.0,1000
app.bookteq.com,Manchester Communication Academy,Slot,level,0.0,1000
app.bookteq.com,Manchester Communication Academy,Slot,url,0.0,1000
app.bookteq.com,Manchester Communication Academy,Slot,attendeeInstructions,0.0,1000
app.bookteq.com,Manchester Communication Academy,Slot,superEvent,0.0,1000
app.bookteq.com,Manchester Communication Academy,Slot,activity,0.0,1000
app.bookteq.com,Manchester Communication Academy,Slot,category,0.0,1000
app.bookteq.com,Manchester Communication Academy,Slot,organizer,0.0,1000
app.bookteq.com,Manchester Communication Academy,Slot,offers,1.0,1000
app.bookteq.com,Manchester Communication Academy,Slot,location,0.0,1000
app.bookteq.com,Manchester Communication Academy,Slot,name,0.0,1000
app.bookteq.com,Manchester Communication Academy,Slot,description,0.0,1000
app.bookteq.com,Manchester Communication Academy,Slot,eventSchedule,0.0,1000
app.bookteq.com,Manchester Communication Academy,Slot,ageRange,0.0,1000
app.bookteq.com,Manchester Communication Academy,Slot,genderRestriction,0.0,1000
app.bookteq.com,Manchester Communication Academy,Slot,level,0.0,1000
app.bookteq.com,Manchester Communication Academy,Slot,url,0.0,1000
app.bookteq.com,Manchester Communication Academy,Slot,attendeeInstructions,0.0,1000
app.bookteq.com,Manchester Communication Academy,Slot,superEvent,0.0,1000
app.bookteq.com,March was Town FC Estover CIC,FacilityUse,activity,0.0,12
app.bookteq.com,March was Town FC Estover CIC,FacilityUse,category,0.0,12
app.bookteq.com,March was Town FC Estover CIC,FacilityUse,organizer,0.0,12
app.bookteq.com,March was Town FC Estover CIC,FacilityUse,offers,0.0,12
app.bookteq.com,March was Town FC Estover CIC,FacilityUse,location,1.0,12
app.bookteq.com,March was Town FC Estover CIC,FacilityUse,name,1.0,12
app.bookteq.com,March was Town FC Estover CIC,FacilityUse,description,0.0,12
app.bookteq.com,March was Town FC Estover CIC,FacilityUse,eventSchedule,0.0,12
app.bookteq.com,March was Town FC Estover CIC,FacilityUse,ageRange,0.0,12
app.bookteq.com,March was Town FC Estover CIC,FacilityUse,genderRestriction,0.0,12
app.bookteq.com,March was Town FC Estover CIC,FacilityUse,level,0.0,12
app.bookteq.com,March was Town FC Estover CIC,FacilityUse,url,1.0,12
app.bookteq.com,March was Town FC Estover CIC,FacilityUse,attendeeInstructions,0.0,12
app.bookteq.com,March was Town FC Estover CIC,FacilityUse,superEvent,0.0,12
app.bookteq.com,March was Town FC Estover CIC,Slot,activity,0.0,759
app.bookteq.com,March was Town FC Estover CIC,Slot,category,0.0,759
app.bookteq.com,March was Town FC Estover CIC,Slot,organizer,0.0,759
app.bookteq.com,March was Town FC Estover CIC,Slot,offers,1.0,759
app.bookteq.com,March was Town FC Estover CIC,Slot,location,0.0,759
app.bookteq.com,March was Town FC Estover CIC,Slot,name,0.0,759
app.bookteq.com,March was Town FC Estover CIC,Slot,description,0.0,759
app.bookteq.com,March was Town FC Estover CIC,Slot,eventSchedule,0.0,759
app.bookteq.com,March was Town FC Estover CIC,Slot,ageRange,0.0,759
app.bookteq.com,March was Town FC Estover CIC,Slot,genderRestriction,0.0,759
app.bookteq.com,March was Town FC Estover CIC,Slot,level,0.0,759
app.bookteq.com,March was Town FC Estover CIC,Slot,url,0.0,759
app.bookteq.com,March was Town FC Estover CIC,Slot,attendeeInstructions,0.0,759
app.bookteq.com,March was Town FC Estover CIC,Slot,superEvent,0.0,759
app.bookteq.com,March was Town FC Estover CIC,Slot,activity,0.0,821
app.bookteq.com,March was Town FC Estover CIC,Slot,category,0.0,821
app.bookteq.com,March was Town FC Estover CIC,Slot,organizer,0.0,821
app.bookteq.com,March was Town FC Estover CIC,Slot,offers,1.0,821
app.bookteq.com,March was Town FC Estover CIC,Slot,location,0.0,821
app.bookteq.com,March was Town FC Estover CIC,Slot,name,0.0,821
app.bookteq.com,March was Town FC Estover CIC,Slot,description,0.0,821
app.bookteq.com,March was Town FC Estover CIC,Slot,eventSchedule,0.0,821
app.bookteq.com,March was Town FC Estover CIC,Slot,ageRange,0.0,821
app.bookteq.com,March was Town FC Estover CIC,Slot,genderRestriction,0.0,821
app.bookteq.com,March was Town FC Estover CIC,Slot,level,0.0,821
app.bookteq.com,March was Town FC Estover CIC,Slot,url,0.0,821
app.bookteq.com,March was Town FC Estover CIC,Slot,attendeeInstructions,0.0,821
app.bookteq.com,March was Town FC Estover CIC,Slot,superEvent,0.0,821
app.bookteq.com,Marston Moretaine Playing Fields,FacilityUse,activity,0.0,4
app.bookteq.com,Marston Moretaine Playing Fields,FacilityUse,category,0.0,4
app.bookteq.com,Marston Moretaine Playing Fields,FacilityUse,organizer,0.0,4
app.bookteq.com,Marston Moretaine Playing Fields,FacilityUse,offers,0.0,4
app.bookteq.com,Marston Moretaine Playing Fields,FacilityUse,location,1.0,4
app.bookteq.com,Marston Moretaine Playing Fields,FacilityUse,name,1.0,4
app.bookteq.com,Marston Moretaine Playing Fields,FacilityUse,description,0.0,4
app.bookteq.com,Marston Moretaine Playing Fields,FacilityUse,eventSchedule,0.0,4
app.bookteq.com,Marston Moretaine Playing Fields,FacilityUse,ageRange,0.0,4
app.bookteq.com,Marston Moretaine Playing Fields,FacilityUse,genderRestriction,0.0,4
app.bookteq.com,Marston Moretaine Playing Fields,FacilityUse,level,0.0,4
app.bookteq.com,Marston Moretaine Playing Fields,FacilityUse,url,1.0,4
app.bookteq.com,Marston Moretaine Playing Fields,FacilityUse,attendeeInstructions,0.0,4
app.bookteq.com,Marston Moretaine Playing Fields,FacilityUse,superEvent,0.0,4
app.bookteq.com,Marston Moretaine Playing Fields,Slot,activity,0.0,448
app.bookteq.com,Marston Moretaine Playing Fields,Slot,category,0.0,448
app.bookteq.com,Marston Moretaine Playing Fields,Slot,organizer,0.0,448
app.bookteq.com,Marston Moretaine Playing Fields,Slot,offers,1.0,448
app.bookteq.com,Marston Moretaine Playing Fields,Slot,location,0.0,448
app.bookteq.com,Marston Moretaine Playing Fields,Slot,name,0.0,448
app.bookteq.com,Marston Moretaine Playing Fields,Slot,description,0.0,448
app.bookteq.com,Marston Moretaine Playing Fields,Slot,eventSchedule,0.0,448
app.bookteq.com,Marston Moretaine Playing Fields,Slot,ageRange,0.0,448
app.bookteq.com,Marston Moretaine Playing Fields,Slot,genderRestriction,0.0,448
app.bookteq.com,Marston Moretaine Playing Fields,Slot,level,0.0,448
app.bookteq.com,Marston Moretaine Playing Fields,Slot,url,0.0,448
app.bookteq.com,Marston Moretaine Playing Fields,Slot,attendeeInstructions,0.0,448
app.bookteq.com,Marston Moretaine Playing Fields,Slot,superEvent,0.0,448
app.bookteq.com,Marston Moretaine Playing Fields,Slot,activity,0.0,288
app.bookteq.com,Marston Moretaine Playing Fields,Slot,category,0.0,288
app.bookteq.com,Marston Moretaine Playing Fields,Slot,organizer,0.0,288
app.bookteq.com,Marston Moretaine Playing Fields,Slot,offers,1.0,288
app.bookteq.com,Marston Moretaine Playing Fields,Slot,location,0.0,288
app.bookteq.com,Marston Moretaine Playing Fields,Slot,name,0.0,288
app.bookteq.com,Marston Moretaine Playing Fields,Slot,description,0.0,288
app.bookteq.com,Marston Moretaine Playing Fields,Slot,eventSchedule,0.0,288
app.bookteq.com,Marston Moretaine Playing Fields,Slot,ageRange,0.0,288
app.bookteq.com,Marston Moretaine Playing Fields,Slot,genderRestriction,0.0,288
app.bookteq.com,Marston Moretaine Playing Fields,Slot,level,0.0,288
app.bookteq.com,Marston Moretaine Playing Fields,Slot,url,0.0,288
app.bookteq.com,Marston Moretaine Playing Fields,Slot,attendeeInstructions,0.0,288
app.bookteq.com,Marston Moretaine Playing Fields,Slot,superEvent,0.0,288
app.bookteq.com,NXT Level Sport & Education Ltd,FacilityUse,activity,0.0,160
app.bookteq.com,NXT Level Sport & Education Ltd,FacilityUse,category,0.0,160
app.bookteq.com,NXT Level Sport & Education Ltd,FacilityUse,organizer,0.0,160
app.bookteq.com,NXT Level Sport & Education Ltd,FacilityUse,offers,0.0,160
app.bookteq.com,NXT Level Sport & Education Ltd,FacilityUse,location,1.0,160
app.bookteq.com,NXT Level Sport & Education Ltd,FacilityUse,name,1.0,160
app.bookteq.com,NXT Level Sport & Education Ltd,FacilityUse,description,0.0,160
app.bookteq.com,NXT Level Sport & Education Ltd,FacilityUse,eventSchedule,0.0,160
app.bookteq.com,NXT Level Sport & Education Ltd,FacilityUse,ageRange,0.0,160
app.bookteq.com,NXT Level Sport & Education Ltd,FacilityUse,genderRestriction,0.0,160
app.bookteq.com,NXT Level Sport & Education Ltd,FacilityUse,level,0.0,160
app.bookteq.com,NXT Level Sport & Education Ltd,FacilityUse,url,1.0,160
app.bookteq.com,NXT Level Sport & Education Ltd,FacilityUse,attendeeInstructions,0.0,160
app.bookteq.com,NXT Level Sport & Education Ltd,FacilityUse,superEvent,0.0,160
app.bookteq.com,NXT Level Sport & Education Ltd,Slot,activity,0.0,1000
app.bookteq.com,NXT Level Sport & Education Ltd,Slot,category,0.0,1000
app.bookteq.com,NXT Level Sport & Education Ltd,Slot,organizer,0.0,1000
app.bookteq.com,NXT Level Sport & Education Ltd,Slot,offers,1.0,1000
app.bookteq.com,NXT Level Sport & Education Ltd,Slot,location,0.0,1000
app.bookteq.com,NXT Level Sport & Education Ltd,Slot,name,0.0,1000
app.bookteq.com,NXT Level Sport & Education Ltd,Slot,description,0.0,1000
app.bookteq.com,NXT Level Sport & Education Ltd,Slot,eventSchedule,0.0,1000
app.bookteq.com,NXT Level Sport & Education Ltd,Slot,ageRange,0.0,1000
app.bookteq.com,NXT Level Sport & Education Ltd,Slot,genderRestriction,0.0,1000
app.bookteq.com,NXT Level Sport & Education Ltd,Slot,level,0.0,1000
app.bookteq.com,NXT Level Sport & Education Ltd,Slot,url,0.0,1000
app.bookteq.com,NXT Level Sport & Education Ltd,Slot,attendeeInstructions,0.0,1000
app.bookteq.com,NXT Level Sport & Education Ltd,Slot,superEvent,0.0,1000
app.bookteq.com,NXT Level Sport & Education Ltd,Slot,activity,0.0,1000
app.bookteq.com,NXT Level Sport & Education Ltd,Slot,category,0.0,1000
app.bookteq.com,NXT Level Sport & Education Ltd,Slot,organizer,0.0,1000
app.bookteq.com,NXT Level Sport & Education Ltd,Slot,offers,1.0,1000
app.bookteq.com,NXT Level Sport & Education Ltd,Slot,location,0.0,1000
app.bookteq.com,NXT Level Sport & Education Ltd,Slot,name,0.0,1000
app.bookteq.com,NXT Level Sport & Education Ltd,Slot,description,0.0,1000
app.bookteq.com,NXT Level Sport & Education Ltd,Slot,eventSchedule,0.0,1000
app.bookteq.com,NXT Level Sport & Education Ltd,Slot,ageRange,0.0,1000
app.bookteq.com,NXT Level Sport & Education Ltd,Slot,genderRestriction,0.0,1000
app.bookteq.com,NXT Level Sport & Education Ltd,Slot,level,0.0,1000
app.bookteq.com,NXT Level Sport & Education Ltd,Slot,url,0.0,1000
app.bookteq.com,NXT Level Sport & Education Ltd,Slot,attendeeInstructions,0.0,1000
app.bookteq.com,NXT Level Sport & Education Ltd,Slot,superEvent,0.0,1000
app.bookteq.com,Old Northamptonians Association,FacilityUse,activity,0.0,11
app.bookteq.com,Old Northamptonians Association,FacilityUse,category,0.0,11
app.bookteq.com,Old Northamptonians Association,FacilityUse,organizer,0.0,11
app.bookteq.com,Old Northamptonians Association,FacilityUse,offers,0.0,11
app.bookteq.com,Old Northamptonians Association,FacilityUse,location,1.0,11
app.bookteq.com,Old Northamptonians Association,FacilityUse,name,1.0,11
app.bookteq.com,Old Northamptonians Association,FacilityUse,description,0.0,11
app.bookteq.com,Old Northamptonians Association,FacilityUse,eventSchedule,0.0,11
app.bookteq.com,Old Northamptonians Association,FacilityUse,ageRange,0.0,11
app.bookteq.com,Old Northamptonians Association,FacilityUse,genderRestriction,0.0,11
app.bookteq.com,Old Northamptonians Association,FacilityUse,level,0.0,11
app.bookteq.com,Old Northamptonians Association,FacilityUse,url,1.0,11
app.bookteq.com,Old Northamptonians Association,FacilityUse,attendeeInstructions,0.0,11
app.bookteq.com,Old Northamptonians Association,FacilityUse,superEvent,0.0,11
app.bookteq.com,Old Northamptonians Association,Slot,activity,0.0,680
app.bookteq.com,Old Northamptonians Association,Slot,category,0.0,680
app.bookteq.com,Old Northamptonians Association,Slot,organizer,0.0,680
app.bookteq.com,Old Northamptonians Association,Slot,offers,1.0,680
app.bookteq.com,Old Northamptonians Association,Slot,location,0.0,680
app.bookteq.com,Old Northamptonians Association,Slot,name,0.0,680
app.bookteq.com,Old Northamptonians Association,Slot,description,0.0,680
app.bookteq.com,Old Northamptonians Association,Slot,eventSchedule,0.0,680
app.bookteq.com,Old Northamptonians Association,Slot,ageRange,0.0,680
app.bookteq.com,Old Northamptonians Association,Slot,genderRestriction,0.0,680
app.bookteq.com,Old Northamptonians Association,Slot,level,0.0,680
app.bookteq.com,Old Northamptonians Association,Slot,url,0.0,680
app.bookteq.com,Old Northamptonians Association,Slot,attendeeInstructions,0.0,680
app.bookteq.com,Old Northamptonians Association,Slot,superEvent,0.0,680
app.bookteq.com,Old Northamptonians Association,Slot,activity,0.0,691
app.bookteq.com,Old Northamptonians Association,Slot,category,0.0,691
app.bookteq.com,Old Northamptonians Association,Slot,organizer,0.0,691
app.bookteq.com,Old Northamptonians Association,Slot,offers,1.0,691
app.bookteq.com,Old Northamptonians Association,Slot,location,0.0,691
app.bookteq.com,Old Northamptonians Association,Slot,name,0.0,691
app.bookteq.com,Old Northamptonians Association,Slot,description,0.0,691
app.bookteq.com,Old Northamptonians Association,Slot,eventSchedule,0.0,691
app.bookteq.com,Old Northamptonians Association,Slot,ageRange,0.0,691
app.bookteq.com,Old Northamptonians Association,Slot,genderRestriction,0.0,691
app.bookteq.com,Old Northamptonians Association,Slot,level,0.0,691
app.bookteq.com,Old Northamptonians Association,Slot,url,0.0,691
app.bookteq.com,Old Northamptonians Association,Slot,attendeeInstructions,0.0,691
app.bookteq.com,Old Northamptonians Association,Slot,superEvent,0.0,691
app.bookteq.com,Orchard Learning Alliance,FacilityUse,activity,0.0,74
app.bookteq.com,Orchard Learning Alliance,FacilityUse,category,0.0,74
app.bookteq.com,Orchard Learning Alliance,FacilityUse,organizer,0.0,74
app.bookteq.com,Orchard Learning Alliance,FacilityUse,offers,0.0,74
app.bookteq.com,Orchard Learning Alliance,FacilityUse,location,1.0,74
app.bookteq.com,Orchard Learning Alliance,FacilityUse,name,1.0,74
app.bookteq.com,Orchard Learning Alliance,FacilityUse,description,0.0,74
app.bookteq.com,Orchard Learning Alliance,FacilityUse,eventSchedule,0.0,74
app.bookteq.com,Orchard Learning Alliance,FacilityUse,ageRange,0.0,74
app.bookteq.com,Orchard Learning Alliance,FacilityUse,genderRestriction,0.0,74
app.bookteq.com,Orchard Learning Alliance,FacilityUse,level,0.0,74
app.bookteq.com,Orchard Learning Alliance,FacilityUse,url,1.0,74
app.bookteq.com,Orchard Learning Alliance,FacilityUse,attendeeInstructions,0.0,74
app.bookteq.com,Orchard Learning Alliance,FacilityUse,superEvent,0.0,74
app.bookteq.com,Orchard Learning Alliance,Slot,activity,0.0,1000
app.bookteq.com,Orchard Learning Alliance,Slot,category,0.0,1000
app.bookteq.com,Orchard Learning Alliance,Slot,organizer,0.0,1000
app.bookteq.com,Orchard Learning Alliance,Slot,offers,1.0,1000
app.bookteq.com,Orchard Learning Alliance,Slot,location,0.0,1000
app.bookteq.com,Orchard Learning Alliance,Slot,name,0.0,1000
app.bookteq.com,Orchard Learning Alliance,Slot,description,0.0,1000
app.bookteq.com,Orchard Learning Alliance,Slot,eventSchedule,0.0,1000
app.bookteq.com,Orchard Learning Alliance,Slot,ageRange,0.0,1000
app.bookteq.com,Orchard Learning Alliance,Slot,genderRestriction,0.0,1000
app.bookteq.com,Orchard Learning Alliance,Slot,level,0.0,1000
app.bookteq.com,Orchard Learning Alliance,Slot,url,0.0,1000
app.bookteq.com,Orchard Learning Alliance,Slot,attendeeInstructions,0.0,1000
app.bookteq.com,Orchard Learning Alliance,Slot,superEvent,0.0,1000
app.bookteq.com,Orchard Learning Alliance,Slot,activity,0.0,1000
app.bookteq.com,Orchard Learning Alliance,Slot,category,0.0,1000
app.bookteq.com,Orchard Learning Alliance,Slot,organizer,0.0,1000
app.bookteq.com,Orchard Learning Alliance,Slot,offers,1.0,1000
app.bookteq.com,Orchard Learning Alliance,Slot,location,0.0,1000
app.bookteq.com,Orchard Learning Alliance,Slot,name,0.0,1000
app.bookteq.com,Orchard Learning Alliance,Slot,description,0.0,1000
app.bookteq.com,Orchard Learning Alliance,Slot,eventSchedule,0.0,1000
app.bookteq.com,Orchard Learning Alliance,Slot,ageRange,0.0,1000
app.bookteq.com,Orchard Learning Alliance,Slot,genderRestriction,0.0,1000
app.bookteq.com,Orchard Learning Alliance,Slot,level,0.0,1000
app.bookteq.com,Orchard Learning Alliance,Slot,url,0.0,1000
app.bookteq.com,Orchard Learning Alliance,Slot,attendeeInstructions,0.0,1000
app.bookteq.com,Orchard Learning Alliance,Slot,superEvent,0.0,1000
app.bookteq.com,Pomphrey Hill Community Sports Association,FacilityUse,activity,0.0,40
app.bookteq.com,Pomphrey Hill Community Sports Association,FacilityUse,category,0.0,40
app.bookteq.com,Pomphrey Hill Community Sports Association,FacilityUse,organizer,0.0,40
app.bookteq.com,Pomphrey Hill Community Sports Association,FacilityUse,offers,0.0,40
app.bookteq.com,Pomphrey Hill Community Sports Association,FacilityUse,location,1.0,40
app.bookteq.com,Pomphrey Hill Community Sports Association,FacilityUse,name,1.0,40
app.bookteq.com,Pomphrey Hill Community Sports Association,FacilityUse,description,0.0,40
app.bookteq.com,Pomphrey Hill Community Sports Association,FacilityUse,eventSchedule,0.0,40
app.bookteq.com,Pomphrey Hill Community Sports Association,FacilityUse,ageRange,0.0,40
app.bookteq.com,Pomphrey Hill Community Sports Association,FacilityUse,genderRestriction,0.0,40
app.bookteq.com,Pomphrey Hill Community Sports Association,FacilityUse,level,0.0,40
app.bookteq.com,Pomphrey Hill Community Sports Association,FacilityUse,url,1.0,40
app.bookteq.com,Pomphrey Hill Community Sports Association,FacilityUse,attendeeInstructions,0.0,40
app.bookteq.com,Pomphrey Hill Community Sports Association,FacilityUse,superEvent,0.0,40
app.bookteq.com,Pomphrey Hill Community Sports Association,Slot,activity,0.0,1000
app.bookteq.com,Pomphrey Hill Community Sports Association,Slot,category,0.0,1000
app.bookteq.com,Pomphrey Hill Community Sports Association,Slot,organizer,0.0,1000
app.bookteq.com,Pomphrey Hill Community Sports Association,Slot,offers,1.0,1000
app.bookteq.com,Pomphrey Hill Community Sports Association,Slot,location,0.0,1000
app.bookteq.com,Pomphrey Hill Community Sports Association,Slot,name,0.0,1000
app.bookteq.com,Pomphrey Hill Community Sports Association,Slot,description,0.0,1000
app.bookteq.com,Pomphrey Hill Community Sports Association,Slot,eventSchedule,0.0,1000
app.bookteq.com,Pomphrey Hill Community Sports Association,Slot,ageRange,0.0,1000
app.bookteq.com,Pomphrey Hill Community Sports Association,Slot,genderRestriction,0.0,1000
app.bookteq.com,Pomphrey Hill Community Sports Association,Slot,level,0.0,1000
app.bookteq.com,Pomphrey Hill Community Sports Association,Slot,url,0.0,1000
app.bookteq.com,Pomphrey Hill Community Sports Association,Slot,attendeeInstructions,0.0,1000
app.bookteq.com,Pomphrey Hill Community Sports Association,Slot,superEvent,0.0,1000
app.bookteq.com,Pomphrey Hill Community Sports Association,Slot,activity,0.0,1000
app.bookteq.com,Pomphrey Hill Community Sports Association,Slot,category,0.0,1000
app.bookteq.com,Pomphrey Hill Community Sports Association,Slot,organizer,0.0,1000
app.bookteq.com,Pomphrey Hill Community Sports Association,Slot,offers,1.0,1000
app.bookteq.com,Pomphrey Hill Community Sports Association,Slot,location,0.0,1000
app.bookteq.com,Pomphrey Hill Community Sports Association,Slot,name,0.0,1000
app.bookteq.com,Pomphrey Hill Community Sports Association,Slot,description,0.0,1000
app.bookteq.com,Pomphrey Hill Community Sports Association,Slot,eventSchedule,0.0,1000
app.bookteq.com,Pomphrey Hill Community Sports Association,Slot,ageRange,0.0,1000
app.bookteq.com,Pomphrey Hill Community Sports Association,Slot,genderRestriction,0.0,1000
app.bookteq.com,Pomphrey Hill Community Sports Association,Slot,level,0.0,1000
app.bookteq.com,Pomphrey Hill Community Sports Association,Slot,url,0.0,1000
app.bookteq.com,Pomphrey Hill Community Sports Association,Slot,attendeeInstructions,0.0,1000
app.bookteq.com,Pomphrey Hill Community Sports Association,Slot,superEvent,0.0,1000
app.bookteq.com,Precision Football Arena,FacilityUse,activity,0.0,5
app.bookteq.com,Precision Football Arena,FacilityUse,category,0.0,5
app.bookteq.com,Precision Football Arena,FacilityUse,organizer,0.0,5
app.bookteq.com,Precision Football Arena,FacilityUse,offers,0.0,5
app.bookteq.com,Precision Football Arena,FacilityUse,location,1.0,5
app.bookteq.com,Precision Football Arena,FacilityUse,name,1.0,5
app.bookteq.com,Precision Football Arena,FacilityUse,description,0.0,5
app.bookteq.com,Precision Football Arena,FacilityUse,eventSchedule,0.0,5
app.bookteq.com,Precision Football Arena,FacilityUse,ageRange,0.0,5
app.bookteq.com,Precision Football Arena,FacilityUse,genderRestriction,0.0,5
app.bookteq.com,Precision Football Arena,FacilityUse,level,0.0,5
app.bookteq.com,Precision Football Arena,FacilityUse,url,1.0,5
app.bookteq.com,Precision Football Arena,FacilityUse,attendeeInstructions,0.0,5
app.bookteq.com,Precision Football Arena,FacilityUse,superEvent,0.0,5
app.bookteq.com,Precision Football Arena,Slot,activity,0.0,258
app.bookteq.com,Precision Football Arena,Slot,category,0.0,258
app.bookteq.com,Precision Football Arena,Slot,organizer,0.0,258
app.bookteq.com,Precision Football Arena,Slot,offers,1.0,258
app.bookteq.com,Precision Football Arena,Slot,location,0.0,258
app.bookteq.com,Precision Football Arena,Slot,name,0.0,258
app.bookteq.com,Precision Football Arena,Slot,description,0.0,258
app.bookteq.com,Precision Football Arena,Slot,eventSchedule,0.0,258
app.bookteq.com,Precision Football Arena,Slot,ageRange,0.0,258
app.bookteq.com,Precision Football Arena,Slot,genderRestriction,0.0,258
app.bookteq.com,Precision Football Arena,Slot,level,0.0,258
app.bookteq.com,Precision Football Arena,Slot,url,0.0,258
app.bookteq.com,Precision Football Arena,Slot,attendeeInstructions,0.0,258
app.bookteq.com,Precision Football Arena,Slot,superEvent,0.0,258
app.bookteq.com,Prees Sports and Social Club,FacilityUse,activity,0.0,15
app.bookteq.com,Prees Sports and Social Club,FacilityUse,category,0.0,15
app.bookteq.com,Prees Sports and Social Club,FacilityUse,organizer,0.0,15
app.bookteq.com,Prees Sports and Social Club,FacilityUse,offers,0.0,15
app.bookteq.com,Prees Sports and Social Club,FacilityUse,location,1.0,15
app.bookteq.com,Prees Sports and Social Club,FacilityUse,name,1.0,15
app.bookteq.com,Prees Sports and Social Club,FacilityUse,description,0.0,15
app.bookteq.com,Prees Sports and Social Club,FacilityUse,eventSchedule,0.0,15
app.bookteq.com,Prees Sports and Social Club,FacilityUse,ageRange,0.0,15
app.bookteq.com,Prees Sports and Social Club,FacilityUse,genderRestriction,0.0,15
app.bookteq.com,Prees Sports and Social Club,FacilityUse,level,0.0,15
app.bookteq.com,Prees Sports and Social Club,FacilityUse,url,1.0,15
app.bookteq.com,Prees Sports and Social Club,FacilityUse,attendeeInstructions,0.0,15
app.bookteq.com,Prees Sports and Social Club,FacilityUse,superEvent,0.0,15
app.bookteq.com,Prees Sports and Social Club,Slot,activity,0.0,1000
app.bookteq.com,Prees Sports and Social Club,Slot,category,0.0,1000
app.bookteq.com,Prees Sports and Social Club,Slot,organizer,0.0,1000
app.bookteq.com,Prees Sports and Social Club,Slot,offers,1.0,1000
app.bookteq.com,Prees Sports and Social Club,Slot,location,0.0,1000
app.bookteq.com,Prees Sports and Social Club,Slot,name,0.0,1000
app.bookteq.com,Prees Sports and Social Club,Slot,description,0.0,1000
app.bookteq.com,Prees Sports and Social Club,Slot,eventSchedule,0.0,1000
app.bookteq.com,Prees Sports and Social Club,Slot,ageRange,0.0,1000
app.bookteq.com,Prees Sports and Social Club,Slot,genderRestriction,0.0,1000
app.bookteq.com,Prees Sports and Social Club,Slot,level,0.0,1000
app.bookteq.com,Prees Sports and Social Club,Slot,url,0.0,1000
app.bookteq.com,Prees Sports and Social Club,Slot,attendeeInstructions,0.0,1000
app.bookteq.com,Prees Sports and Social Club,Slot,superEvent,0.0,1000
app.bookteq.com,Prees Sports and Social Club,Slot,activity,0.0,1000
app.bookteq.com,Prees Sports and Social Club,Slot,category,0.0,1000
app.bookteq.com,Prees Sports and Social Club,Slot,organizer,0.0,1000
app.bookteq.com,Prees Sports and Social Club,Slot,offers,1.0,1000
app.bookteq.com,Prees Sports and Social Club,Slot,location,0.0,1000
app.bookteq.com,Prees Sports and Social Club,Slot,name,0.0,1000
app.bookteq.com,Prees Sports and Social Club,Slot,description,0.0,1000
app.bookteq.com,Prees Sports and Social Club,Slot,eventSchedule,0.0,1000
app.bookteq.com,Prees Sports and Social Club,Slot,ageRange,0.0,1000
app.bookteq.com,Prees Sports and Social Club,Slot,genderRestriction,0.0,1000
app.bookteq.com,Prees Sports and Social Club,Slot,level,0.0,1000
app.bookteq.com,Prees Sports and Social Club,Slot,url,0.0,1000
app.bookteq.com,Prees Sports and Social Club,Slot,attendeeInstructions,0.0,1000
app.bookteq.com,Prees Sports and Social Club,Slot,superEvent,0.0,1000
app.bookteq.com,Princes Park Youth Football Club,FacilityUse,activity,0.0,2
app.bookteq.com,Princes Park Youth Football Club,FacilityUse,category,0.0,2
app.bookteq.com,Princes Park Youth Football Club,FacilityUse,organizer,0.0,2
app.bookteq.com,Princes Park Youth Football Club,FacilityUse,offers,0.0,2
app.bookteq.com,Princes Park Youth Football Club,FacilityUse,location,1.0,2
app.bookteq.com,Princes Park Youth Football Club,FacilityUse,name,1.0,2
app.bookteq.com,Princes Park Youth Football Club,FacilityUse,description,0.0,2
app.bookteq.com,Princes Park Youth Football Club,FacilityUse,eventSchedule,0.0,2
app.bookteq.com,Princes Park Youth Football Club,FacilityUse,ageRange,0.0,2
app.bookteq.com,Princes Park Youth Football Club,FacilityUse,genderRestriction,0.0,2
app.bookteq.com,Princes Park Youth Football Club,FacilityUse,level,0.0,2
app.bookteq.com,Princes Park Youth Football Club,FacilityUse,url,1.0,2
app.bookteq.com,Princes Park Youth Football Club,FacilityUse,attendeeInstructions,0.0,2
app.bookteq.com,Princes Park Youth Football Club,FacilityUse,superEvent,0.0,2
app.bookteq.com,Princes Park Youth Football Club,Slot,activity,0.0,119
app.bookteq.com,Princes Park Youth Football Club,Slot,category,0.0,119
app.bookteq.com,Princes Park Youth Football Club,Slot,organizer,0.0,119
app.bookteq.com,Princes Park Youth Football Club,Slot,offers,1.0,119
app.bookteq.com,Princes Park Youth Football Club,Slot,location,0.0,119
app.bookteq.com,Princes Park Youth Football Club,Slot,name,0.0,119
app.bookteq.com,Princes Park Youth Football Club,Slot,description,0.0,119
app.bookteq.com,Princes Park Youth Football Club,Slot,eventSchedule,0.0,119
app.bookteq.com,Princes Park Youth Football Club,Slot,ageRange,0.0,119
app.bookteq.com,Princes Park Youth Football Club,Slot,genderRestriction,0.0,119
app.bookteq.com,Princes Park Youth Football Club,Slot,level,0.0,119
app.bookteq.com,Princes Park Youth Football Club,Slot,url,0.0,119
app.bookteq.com,Princes Park Youth Football Club,Slot,attendeeInstructions,0.0,119
app.bookteq.com,Princes Park Youth Football Club,Slot,superEvent,0.0,119
app.bookteq.com,Princes Park Youth Football Club,Slot,activity,0.0,71
app.bookteq.com,Princes Park Youth Football Club,Slot,category,0.0,71
app.bookteq.com,Princes Park Youth Football Club,Slot,organizer,0.0,71
app.bookteq.com,Princes Park Youth Football Club,Slot,offers,1.0,71
app.bookteq.com,Princes Park Youth Football Club,Slot,location,0.0,71
app.bookteq.com,Princes Park Youth Football Club,Slot,name,0.0,71
app.bookteq.com,Princes Park Youth Football Club,Slot,description,0.0,71
app.bookteq.com,Princes Park Youth Football Club,Slot,eventSchedule,0.0,71
app.bookteq.com,Princes Park Youth Football Club,Slot,ageRange,0.0,71
app.bookteq.com,Princes Park Youth Football Club,Slot,genderRestriction,0.0,71
app.bookteq.com,Princes Park Youth Football Club,Slot,level,0.0,71
app.bookteq.com,Princes Park Youth Football Club,Slot,url,0.0,71
app.bookteq.com,Princes Park Youth Football Club,Slot,attendeeInstructions,0.0,71
app.bookteq.com,Princes Park Youth Football Club,Slot,superEvent,0.0,71
app.bookteq.com,Priory Federation of Academies,FacilityUse,activity,0.0,60
app.bookteq.com,Priory Federation of Academies,FacilityUse,category,0.0,60
app.bookteq.com,Priory Federation of Academies,FacilityUse,organizer,0.0,60
app.bookteq.com,Priory Federation of Academies,FacilityUse,offers,0.0,60
app.bookteq.com,Priory Federation of Academies,FacilityUse,location,1.0,60
app.bookteq.com,Priory Federation of Academies,FacilityUse,name,1.0,60
app.bookteq.com,Priory Federation of Academies,FacilityUse,description,0.0,60
app.bookteq.com,Priory Federation of Academies,FacilityUse,eventSchedule,0.0,60
app.bookteq.com,Priory Federation of Academies,FacilityUse,ageRange,0.0,60
app.bookteq.com,Priory Federation of Academies,FacilityUse,genderRestriction,0.0,60
app.bookteq.com,Priory Federation of Academies,FacilityUse,level,0.0,60
app.bookteq.com,Priory Federation of Academies,FacilityUse,url,1.0,60
app.bookteq.com,Priory Federation of Academies,FacilityUse,attendeeInstructions,0.0,60
app.bookteq.com,Priory Federation of Academies,FacilityUse,superEvent,0.0,60
app.bookteq.com,Priory Federation of Academies,Slot,activity,0.0,1000
app.bookteq.com,Priory Federation of Academies,Slot,category,0.0,1000
app.bookteq.com,Priory Federation of Academies,Slot,organizer,0.0,1000
app.bookteq.com,Priory Federation of Academies,Slot,offers,1.0,1000
app.bookteq.com,Priory Federation of Academies,Slot,location,0.0,1000
app.bookteq.com,Priory Federation of Academies,Slot,name,0.0,1000
app.bookteq.com,Priory Federation of Academies,Slot,description,0.0,1000
app.bookteq.com,Priory Federation of Academies,Slot,eventSchedule,0.0,1000
app.bookteq.com,Priory Federation of Academies,Slot,ageRange,0.0,1000
app.bookteq.com,Priory Federation of Academies,Slot,genderRestriction,0.0,1000
app.bookteq.com,Priory Federation of Academies,Slot,level,0.0,1000
app.bookteq.com,Priory Federation of Academies,Slot,url,0.0,1000
app.bookteq.com,Priory Federation of Academies,Slot,attendeeInstructions,0.0,1000
app.bookteq.com,Priory Federation of Academies,Slot,superEvent,0.0,1000
app.bookteq.com,Priory Federation of Academies,Slot,activity,0.0,1000
app.bookteq.com,Priory Federation of Academies,Slot,category,0.0,1000
app.bookteq.com,Priory Federation of Academies,Slot,organizer,0.0,1000
app.bookteq.com,Priory Federation of Academies,Slot,offers,1.0,1000
app.bookteq.com,Priory Federation of Academies,Slot,location,0.0,1000
app.bookteq.com,Priory Federation of Academies,Slot,name,0.0,1000
app.bookteq.com,Priory Federation of Academies,Slot,description,0.0,1000
app.bookteq.com,Priory Federation of Academies,Slot,eventSchedule,0.0,1000
app.bookteq.com,Priory Federation of Academies,Slot,ageRange,0.0,1000
app.bookteq.com,Priory Federation of Academies,Slot,genderRestriction,0.0,1000
app.bookteq.com,Priory Federation of Academies,Slot,level,0.0,1000
app.bookteq.com,Priory Federation of Academies,Slot,url,0.0,1000
app.bookteq.com,Priory Federation of Academies,Slot,attendeeInstructions,0.0,1000
app.bookteq.com,Priory Federation of Academies,Slot,superEvent,0.0,1000
app.bookteq.com,QH Memorial Sports Ground - River Pitches,FacilityUse,activity,0.0,30
app.bookteq.com,QH Memorial Sports Ground - River Pitches,FacilityUse,category,0.0,30
app.bookteq.com,QH Memorial Sports Ground - River Pitches,FacilityUse,organizer,0.0,30
app.bookteq.com,QH Memorial Sports Ground - River Pitches,FacilityUse,offers,0.0,30
app.bookteq.com,QH Memorial Sports Ground - River Pitches,FacilityUse,location,1.0,30
app.bookteq.com,QH Memorial Sports Ground - River Pitches,FacilityUse,name,1.0,30
app.bookteq.com,QH Memorial Sports Ground - River Pitches,FacilityUse,description,0.0,30
app.bookteq.com,QH Memorial Sports Ground - River Pitches,FacilityUse,eventSchedule,0.0,30
app.bookteq.com,QH Memorial Sports Ground - River Pitches,FacilityUse,ageRange,0.0,30
app.bookteq.com,QH Memorial Sports Ground - River Pitches,FacilityUse,genderRestriction,0.0,30
app.bookteq.com,QH Memorial Sports Ground - River Pitches,FacilityUse,level,0.0,30
app.bookteq.com,QH Memorial Sports Ground - River Pitches,FacilityUse,url,1.0,30
app.bookteq.com,QH Memorial Sports Ground - River Pitches,FacilityUse,attendeeInstructions,0.0,30
app.bookteq.com,QH Memorial Sports Ground - River Pitches,FacilityUse,superEvent,0.0,30
app.bookteq.com,QH Memorial Sports Ground - River Pitches,Slot,activity,0.0,1000
app.bookteq.com,QH Memorial Sports Ground - River Pitches,Slot,category,0.0,1000
app.bookteq.com,QH Memorial Sports Ground - River Pitches,Slot,organizer,0.0,1000
app.bookteq.com,QH Memorial Sports Ground - River Pitches,Slot,offers,1.0,1000
app.bookteq.com,QH Memorial Sports Ground - River Pitches,Slot,location,0.0,1000
app.bookteq.com,QH Memorial Sports Ground - River Pitches,Slot,name,0.0,1000
app.bookteq.com,QH Memorial Sports Ground - River Pitches,Slot,description,0.0,1000
app.bookteq.com,QH Memorial Sports Ground - River Pitches,Slot,eventSchedule,0.0,1000
app.bookteq.com,QH Memorial Sports Ground - River Pitches,Slot,ageRange,0.0,1000
app.bookteq.com,QH Memorial Sports Ground - River Pitches,Slot,genderRestriction,0.0,1000
app.bookteq.com,QH Memorial Sports Ground - River Pitches,Slot,level,0.0,1000
app.bookteq.com,QH Memorial Sports Ground - River Pitches,Slot,url,0.0,1000
app.bookteq.com,QH Memorial Sports Ground - River Pitches,Slot,attendeeInstructions,0.0,1000
app.bookteq.com,QH Memorial Sports Ground - River Pitches,Slot,superEvent,0.0,1000
app.bookteq.com,QH Memorial Sports Ground - River Pitches,Slot,activity,0.0,1000
app.bookteq.com,QH Memorial Sports Ground - River Pitches,Slot,category,0.0,1000
app.bookteq.com,QH Memorial Sports Ground - River Pitches,Slot,organizer,0.0,1000
app.bookteq.com,QH Memorial Sports Ground - River Pitches,Slot,offers,1.0,1000
app.bookteq.com,QH Memorial Sports Ground - River Pitches,Slot,location,0.0,1000
app.bookteq.com,QH Memorial Sports Ground - River Pitches,Slot,name,0.0,1000
app.bookteq.com,QH Memorial Sports Ground - River Pitches,Slot,description,0.0,1000
app.bookteq.com,QH Memorial Sports Ground - River Pitches,Slot,eventSchedule,0.0,1000
app.bookteq.com,QH Memorial Sports Ground - River Pitches,Slot,ageRange,0.0,1000
app.bookteq.com,QH Memorial Sports Ground - River Pitches,Slot,genderRestriction,0.0,1000
app.bookteq.com,QH Memorial Sports Ground - River Pitches,Slot,level,0.0,1000
app.bookteq.com,QH Memorial Sports Ground - River Pitches,Slot,url,0.0,1000
app.bookteq.com,QH Memorial Sports Ground - River Pitches,Slot,attendeeInstructions,0.0,1000
app.bookteq.com,QH Memorial Sports Ground - River Pitches,Slot,superEvent,0.0,1000
app.bookteq.com,Reading Rugby Club,FacilityUse,activity,0.0,32
app.bookteq.com,Reading Rugby Club,FacilityUse,category,0.0,32
app.bookteq.com,Reading Rugby Club,FacilityUse,organizer,0.0,32
app.bookteq.com,Reading Rugby Club,FacilityUse,offers,0.0,32
app.bookteq.com,Reading Rugby Club,FacilityUse,location,1.0,32
app.bookteq.com,Reading Rugby Club,FacilityUse,name,1.0,32
app.bookteq.com,Reading Rugby Club,FacilityUse,description,0.0,32
app.bookteq.com,Reading Rugby Club,FacilityUse,eventSchedule,0.0,32
app.bookteq.com,Reading Rugby Club,FacilityUse,ageRange,0.0,32
app.bookteq.com,Reading Rugby Club,FacilityUse,genderRestriction,0.0,32
app.bookteq.com,Reading Rugby Club,FacilityUse,level,0.0,32
app.bookteq.com,Reading Rugby Club,FacilityUse,url,1.0,32
app.bookteq.com,Reading Rugby Club,FacilityUse,attendeeInstructions,0.0,32
app.bookteq.com,Reading Rugby Club,FacilityUse,superEvent,0.0,32
app.bookteq.com,Reading Rugby Club,Slot,activity,0.0,1000
app.bookteq.com,Reading Rugby Club,Slot,category,0.0,1000
app.bookteq.com,Reading Rugby Club,Slot,organizer,0.0,1000
app.bookteq.com,Reading Rugby Club,Slot,offers,1.0,1000
app.bookteq.com,Reading Rugby Club,Slot,location,0.0,1000
app.bookteq.com,Reading Rugby Club,Slot,name,0.0,1000
app.bookteq.com,Reading Rugby Club,Slot,description,0.0,1000
app.bookteq.com,Reading Rugby Club,Slot,eventSchedule,0.0,1000
app.bookteq.com,Reading Rugby Club,Slot,ageRange,0.0,1000
app.bookteq.com,Reading Rugby Club,Slot,genderRestriction,0.0,1000
app.bookteq.com,Reading Rugby Club,Slot,level,0.0,1000
app.bookteq.com,Reading Rugby Club,Slot,url,0.0,1000
app.bookteq.com,Reading Rugby Club,Slot,attendeeInstructions,0.0,1000
app.bookteq.com,Reading Rugby Club,Slot,superEvent,0.0,1000
app.bookteq.com,Reading Rugby Club,Slot,activity,0.0,1000
app.bookteq.com,Reading Rugby Club,Slot,category,0.0,1000
app.bookteq.com,Reading Rugby Club,Slot,organizer,0.0,1000
app.bookteq.com,Reading Rugby Club,Slot,offers,1.0,1000
app.bookteq.com,Reading Rugby Club,Slot,location,0.0,1000
app.bookteq.com,Reading Rugby Club,Slot,name,0.0,1000
app.bookteq.com,Reading Rugby Club,Slot,description,0.0,1000
app.bookteq.com,Reading Rugby Club,Slot,eventSchedule,0.0,1000
app.bookteq.com,Reading Rugby Club,Slot,ageRange,0.0,1000
app.bookteq.com,Reading Rugby Club,Slot,genderRestriction,0.0,1000
app.bookteq.com,Reading Rugby Club,Slot,level,0.0,1000
app.bookteq.com,Reading Rugby Club,Slot,url,0.0,1000
app.bookteq.com,Reading Rugby Club,Slot,attendeeInstructions,0.0,1000
app.bookteq.com,Reading Rugby Club,Slot,superEvent,0.0,1000
app.bookteq.com,The Hub - Rise Community,FacilityUse,activity,0.0,10
app.bookteq.com,The Hub - Rise Community,FacilityUse,category,0.0,10
app.bookteq.com,The Hub - Rise Community,FacilityUse,organizer,0.0,10
app.bookteq.com,The Hub - Rise Community,FacilityUse,offers,0.0,10
app.bookteq.com,The Hub - Rise Community,FacilityUse,location,1.0,10
app.bookteq.com,The Hub - Rise Community,FacilityUse,name,1.0,10
app.bookteq.com,The Hub - Rise Community,FacilityUse,description,0.0,10
app.bookteq.com,The Hub - Rise Community,FacilityUse,eventSchedule,0.0,10
app.bookteq.com,The Hub - Rise Community,FacilityUse,ageRange,0.0,10
app.bookteq.com,The Hub - Rise Community,FacilityUse,genderRestriction,0.0,10
app.bookteq.com,The Hub - Rise Community,FacilityUse,level,0.0,10
app.bookteq.com,The Hub - Rise Community,FacilityUse,url,1.0,10
app.bookteq.com,The Hub - Rise Community,FacilityUse,attendeeInstructions,0.0,10
app.bookteq.com,The Hub - Rise Community,FacilityUse,superEvent,0.0,10
app.bookteq.com,The Hub - Rise Community,Slot,activity,0.0,737
app.bookteq.com,The Hub - Rise Community,Slot,category,0.0,737
app.bookteq.com,The Hub - Rise Community,Slot,organizer,0.0,737
app.bookteq.com,The Hub - Rise Community,Slot,offers,1.0,737
app.bookteq.com,The Hub - Rise Community,Slot,location,0.0,737
app.bookteq.com,The Hub - Rise Community,Slot,name,0.0,737
app.bookteq.com,The Hub - Rise Community,Slot,description,0.0,737
app.bookteq.com,The Hub - Rise Community,Slot,eventSchedule,0.0,737
app.bookteq.com,The Hub - Rise Community,Slot,ageRange,0.0,737
app.bookteq.com,The Hub - Rise Community,Slot,genderRestriction,0.0,737
app.bookteq.com,The Hub - Rise Community,Slot,level,0.0,737
app.bookteq.com,The Hub - Rise Community,Slot,url,0.0,737
app.bookteq.com,The Hub - Rise Community,Slot,attendeeInstructions,0.0,737
app.bookteq.com,The Hub - Rise Community,Slot,superEvent,0.0,737
app.bookteq.com,School Enterprises Ltd,FacilityUse,activity,0.0,356
app.bookteq.com,School Enterprises Ltd,FacilityUse,category,0.0,356
app.bookteq.com,School Enterprises Ltd,FacilityUse,organizer,0.0,356
app.bookteq.com,School Enterprises Ltd,FacilityUse,offers,0.0,356
app.bookteq.com,School Enterprises Ltd,FacilityUse,location,1.0,356
app.bookteq.com,School Enterprises Ltd,FacilityUse,name,1.0,356
app.bookteq.com,School Enterprises Ltd,FacilityUse,description,0.0,356
app.bookteq.com,School Enterprises Ltd,FacilityUse,eventSchedule,0.0,356
app.bookteq.com,School Enterprises Ltd,FacilityUse,ageRange,0.0,356
app.bookteq.com,School Enterprises Ltd,FacilityUse,genderRestriction,0.0,356
app.bookteq.com,School Enterprises Ltd,FacilityUse,level,0.0,356
app.bookteq.com,School Enterprises Ltd,FacilityUse,url,1.0,356
app.bookteq.com,School Enterprises Ltd,FacilityUse,attendeeInstructions,0.0,356
app.bookteq.com,School Enterprises Ltd,FacilityUse,superEvent,0.0,356
app.bookteq.com,School Enterprises Ltd,Slot,activity,0.0,1000
app.bookteq.com,School Enterprises Ltd,Slot,category,0.0,1000
app.bookteq.com,School Enterprises Ltd,Slot,organizer,0.0,1000
app.bookteq.com,School Enterprises Ltd,Slot,offers,1.0,1000
app.bookteq.com,School Enterprises Ltd,Slot,location,0.0,1000
app.bookteq.com,School Enterprises Ltd,Slot,name,0.0,1000
app.bookteq.com,School Enterprises Ltd,Slot,description,0.0,1000
app.bookteq.com,School Enterprises Ltd,Slot,eventSchedule,0.0,1000
app.bookteq.com,School Enterprises Ltd,Slot,ageRange,0.0,1000
app.bookteq.com,School Enterprises Ltd,Slot,genderRestriction,0.0,1000
app.bookteq.com,School Enterprises Ltd,Slot,level,0.0,1000
app.bookteq.com,School Enterprises Ltd,Slot,url,0.0,1000
app.bookteq.com,School Enterprises Ltd,Slot,attendeeInstructions,0.0,1000
app.bookteq.com,School Enterprises Ltd,Slot,superEvent,0.0,1000
app.bookteq.com,School Enterprises Ltd,Slot,activity,0.0,1000
app.bookteq.com,School Enterprises Ltd,Slot,category,0.0,1000
app.bookteq.com,School Enterprises Ltd,Slot,organizer,0.0,1000
app.bookteq.com,School Enterprises Ltd,Slot,offers,1.0,1000
app.bookteq.com,School Enterprises Ltd,Slot,location,0.0,1000
app.bookteq.com,School Enterprises Ltd,Slot,name,0.0,1000
app.bookteq.com,School Enterprises Ltd,Slot,description,0.0,1000
app.bookteq.com,School Enterprises Ltd,Slot,eventSchedule,0.0,1000
app.bookteq.com,School Enterprises Ltd,Slot,ageRange,0.0,1000
app.bookteq.com,School Enterprises Ltd,Slot,genderRestriction,0.0,1000
app.bookteq.com,School Enterprises Ltd,Slot,level,0.0,1000
app.bookteq.com,School Enterprises Ltd,Slot,url,0.0,1000
app.bookteq.com,School Enterprises Ltd,Slot,attendeeInstructions,0.0,1000
app.bookteq.com,School Enterprises Ltd,Slot,superEvent,0.0,1000
app.bookteq.com,Courts Club,FacilityUse,activity,0.0,5
app.bookteq.com,Courts Club,FacilityUse,category,0.0,5
app.bookteq.com,Courts Club,FacilityUse,organizer,0.0,5
app.bookteq.com,Courts Club,FacilityUse,offers,0.0,5
app.bookteq.com,Courts Club,FacilityUse,location,1.0,5
app.bookteq.com,Courts Club,FacilityUse,name,1.0,5
app.bookteq.com,Courts Club,FacilityUse,description,0.0,5
app.bookteq.com,Courts Club,FacilityUse,eventSchedule,0.0,5
app.bookteq.com,Courts Club,FacilityUse,ageRange,0.0,5
app.bookteq.com,Courts Club,FacilityUse,genderRestriction,0.0,5
app.bookteq.com,Courts Club,FacilityUse,level,0.0,5
app.bookteq.com,Courts Club,FacilityUse,url,1.0,5
app.bookteq.com,Courts Club,FacilityUse,attendeeInstructions,0.0,5
app.bookteq.com,Courts Club,FacilityUse,superEvent,0.0,5
app.bookteq.com,Courts Club,Slot,activity,0.0,856
app.bookteq.com,Courts Club,Slot,category,0.0,856
app.bookteq.com,Courts Club,Slot,organizer,0.0,856
app.bookteq.com,Courts Club,Slot,offers,1.0,856
app.bookteq.com,Courts Club,Slot,location,0.0,856
app.bookteq.com,Courts Club,Slot,name,0.0,856
app.bookteq.com,Courts Club,Slot,description,0.0,856
app.bookteq.com,Courts Club,Slot,eventSchedule,0.0,856
app.bookteq.com,Courts Club,Slot,ageRange,0.0,856
app.bookteq.com,Courts Club,Slot,genderRestriction,0.0,856
app.bookteq.com,Courts Club,Slot,level,0.0,856
app.bookteq.com,Courts Club,Slot,url,0.0,856
app.bookteq.com,Courts Club,Slot,attendeeInstructions,0.0,856
app.bookteq.com,Courts Club,Slot,superEvent,0.0,856
app.bookteq.com,Shirley High School,FacilityUse,activity,0.0,30
app.bookteq.com,Shirley High School,FacilityUse,category,0.0,30
app.bookteq.com,Shirley High School,FacilityUse,organizer,0.0,30
app.bookteq.com,Shirley High School,FacilityUse,offers,0.0,30
app.bookteq.com,Shirley High School,FacilityUse,location,1.0,30
app.bookteq.com,Shirley High School,FacilityUse,name,1.0,30
app.bookteq.com,Shirley High School,FacilityUse,description,0.0,30
app.bookteq.com,Shirley High School,FacilityUse,eventSchedule,0.0,30
app.bookteq.com,Shirley High School,FacilityUse,ageRange,0.0,30
app.bookteq.com,Shirley High School,FacilityUse,genderRestriction,0.0,30
app.bookteq.com,Shirley High School,FacilityUse,level,0.0,30
app.bookteq.com,Shirley High School,FacilityUse,url,1.0,30
app.bookteq.com,Shirley High School,FacilityUse,attendeeInstructions,0.0,30
app.bookteq.com,Shirley High School,FacilityUse,superEvent,0.0,30
app.bookteq.com,Shirley High School,Slot,activity,0.0,1000
app.bookteq.com,Shirley High School,Slot,category,0.0,1000
app.bookteq.com,Shirley High School,Slot,organizer,0.0,1000
app.bookteq.com,Shirley High School,Slot,offers,1.0,1000
app.bookteq.com,Shirley High School,Slot,location,0.0,1000
app.bookteq.com,Shirley High School,Slot,name,0.0,1000
app.bookteq.com,Shirley High School,Slot,description,0.0,1000
app.bookteq.com,Shirley High School,Slot,eventSchedule,0.0,1000
app.bookteq.com,Shirley High School,Slot,ageRange,0.0,1000
app.bookteq.com,Shirley High School,Slot,genderRestriction,0.0,1000
app.bookteq.com,Shirley High School,Slot,level,0.0,1000
app.bookteq.com,Shirley High School,Slot,url,0.0,1000
app.bookteq.com,Shirley High School,Slot,attendeeInstructions,0.0,1000
app.bookteq.com,Shirley High School,Slot,superEvent,0.0,1000
app.bookteq.com,Shirley High School,Slot,activity,0.0,1000
app.bookteq.com,Shirley High School,Slot,category,0.0,1000
app.bookteq.com,Shirley High School,Slot,organizer,0.0,1000
app.bookteq.com,Shirley High School,Slot,offers,1.0,1000
app.bookteq.com,Shirley High School,Slot,location,0.0,1000
app.bookteq.com,Shirley High School,Slot,name,0.0,1000
app.bookteq.com,Shirley High School,Slot,description,0.0,1000
app.bookteq.com,Shirley High School,Slot,eventSchedule,0.0,1000
app.bookteq.com,Shirley High School,Slot,ageRange,0.0,1000
app.bookteq.com,Shirley High School,Slot,genderRestriction,0.0,1000
app.bookteq.com,Shirley High School,Slot,level,0.0,1000
app.bookteq.com,Shirley High School,Slot,url,0.0,1000
app.bookteq.com,Shirley High School,Slot,attendeeInstructions,0.0,1000
app.bookteq.com,Shirley High School,Slot,superEvent,0.0,1000
app.bookteq.com,Southwark Council,FacilityUse,activity,0.0,8
app.bookteq.com,Southwark Council,FacilityUse,category,0.0,8
app.bookteq.com,Southwark Council,FacilityUse,organizer,0.0,8
app.bookteq.com,Southwark Council,FacilityUse,offers,0.0,8
app.bookteq.com,Southwark Council,FacilityUse,location,1.0,8
app.bookteq.com,Southwark Council,FacilityUse,name,1.0,8
app.bookteq.com,Southwark Council,FacilityUse,description,0.0,8
app.bookteq.com,Southwark Council,FacilityUse,eventSchedule,0.0,8
app.bookteq.com,Southwark Council,FacilityUse,ageRange,0.0,8
app.bookteq.com,Southwark Council,FacilityUse,genderRestriction,0.0,8
app.bookteq.com,Southwark Council,FacilityUse,level,0.0,8
app.bookteq.com,Southwark Council,FacilityUse,url,1.0,8
app.bookteq.com,Southwark Council,FacilityUse,attendeeInstructions,0.0,8
app.bookteq.com,Southwark Council,FacilityUse,superEvent,0.0,8
app.bookteq.com,Southwark Council,Slot,activity,0.0,31
app.bookteq.com,Southwark Council,Slot,category,0.0,31
app.bookteq.com,Southwark Council,Slot,organizer,0.0,31
app.bookteq.com,Southwark Council,Slot,offers,1.0,31
app.bookteq.com,Southwark Council,Slot,location,0.0,31
app.bookteq.com,Southwark Council,Slot,name,0.0,31
app.bookteq.com,Southwark Council,Slot,description,0.0,31
app.bookteq.com,Southwark Council,Slot,eventSchedule,0.0,31
app.bookteq.com,Southwark Council,Slot,ageRange,0.0,31
app.bookteq.com,Southwark Council,Slot,genderRestriction,0.0,31
app.bookteq.com,Southwark Council,Slot,level,0.0,31
app.bookteq.com,Southwark Council,Slot,url,0.0,31
app.bookteq.com,Southwark Council,Slot,attendeeInstructions,0.0,31
app.bookteq.com,Southwark Council,Slot,superEvent,0.0,31
app.bookteq.com,Southwark Council,Slot,activity,0.0,189
app.bookteq.com,Southwark Council,Slot,category,0.0,189
app.bookteq.com,Southwark Council,Slot,organizer,0.0,189
app.bookteq.com,Southwark Council,Slot,offers,1.0,189
app.bookteq.com,Southwark Council,Slot,location,0.0,189
app.bookteq.com,Southwark Council,Slot,name,0.0,189
app.bookteq.com,Southwark Council,Slot,description,0.0,189
app.bookteq.com,Southwark Council,Slot,eventSchedule,0.0,189
app.bookteq.com,Southwark Council,Slot,ageRange,0.0,189
app.bookteq.com,Southwark Council,Slot,genderRestriction,0.0,189
app.bookteq.com,Southwark Council,Slot,level,0.0,189
app.bookteq.com,Southwark Council,Slot,url,0.0,189
app.bookteq.com,Southwark Council,Slot,attendeeInstructions,0.0,189
app.bookteq.com,Southwark Council,Slot,superEvent,0.0,189
app.bookteq.com,Spalding United Football Club,FacilityUse,activity,0.0,14
app.bookteq.com,Spalding United Football Club,FacilityUse,category,0.0,14
app.bookteq.com,Spalding United Football Club,FacilityUse,organizer,0.0,14
app.bookteq.com,Spalding United Football Club,FacilityUse,offers,0.0,14
app.bookteq.com,Spalding United Football Club,FacilityUse,location,1.0,14
app.bookteq.com,Spalding United Football Club,FacilityUse,name,1.0,14
app.bookteq.com,Spalding United Football Club,FacilityUse,description,0.0,14
app.bookteq.com,Spalding United Football Club,FacilityUse,eventSchedule,0.0,14
app.bookteq.com,Spalding United Football Club,FacilityUse,ageRange,0.0,14
app.bookteq.com,Spalding United Football Club,FacilityUse,genderRestriction,0.0,14
app.bookteq.com,Spalding United Football Club,FacilityUse,level,0.0,14
app.bookteq.com,Spalding United Football Club,FacilityUse,url,1.0,14
app.bookteq.com,Spalding United Football Club,FacilityUse,attendeeInstructions,0.0,14
app.bookteq.com,Spalding United Football Club,FacilityUse,superEvent,0.0,14
app.bookteq.com,Spalding United Football Club,Slot,activity,0.0,1000
app.bookteq.com,Spalding United Football Club,Slot,category,0.0,1000
app.bookteq.com,Spalding United Football Club,Slot,organizer,0.0,1000
app.bookteq.com,Spalding United Football Club,Slot,offers,1.0,1000
app.bookteq.com,Spalding United Football Club,Slot,location,0.0,1000
app.bookteq.com,Spalding United Football Club,Slot,name,0.0,1000
app.bookteq.com,Spalding United Football Club,Slot,description,0.0,1000
app.bookteq.com,Spalding United Football Club,Slot,eventSchedule,0.0,1000
app.bookteq.com,Spalding United Football Club,Slot,ageRange,0.0,1000
app.bookteq.com,Spalding United Football Club,Slot,genderRestriction,0.0,1000
app.bookteq.com,Spalding United Football Club,Slot,level,0.0,1000
app.bookteq.com,Spalding United Football Club,Slot,url,0.0,1000
app.bookteq.com,Spalding United Football Club,Slot,attendeeInstructions,0.0,1000
app.bookteq.com,Spalding United Football Club,Slot,superEvent,0.0,1000
app.bookteq.com,Spalding United Football Club,Slot,activity,0.0,1000
app.bookteq.com,Spalding United Football Club,Slot,category,0.0,1000
app.bookteq.com,Spalding United Football Club,Slot,organizer,0.0,1000
app.bookteq.com,Spalding United Football Club,Slot,offers,1.0,1000
app.bookteq.com,Spalding United Football Club,Slot,location,0.0,1000
app.bookteq.com,Spalding United Football Club,Slot,name,0.0,1000
app.bookteq.com,Spalding United Football Club,Slot,description,0.0,1000
app.bookteq.com,Spalding United Football Club,Slot,eventSchedule,0.0,1000
app.bookteq.com,Spalding United Football Club,Slot,ageRange,0.0,1000
app.bookteq.com,Spalding United Football Club,Slot,genderRestriction,0.0,1000
app.bookteq.com,Spalding United Football Club,Slot,level,0.0,1000
app.bookteq.com,Spalding United Football Club,Slot,url,0.0,1000
app.bookteq.com,Spalding United Football Club,Slot,attendeeInstructions,0.0,1000
app.bookteq.com,Spalding United Football Club,Slot,superEvent,0.0,1000
app.bookteq.com,Sports IQ LTD,FacilityUse,activity,0.0,57
app.bookteq.com,Sports IQ LTD,FacilityUse,category,0.0,57
app.bookteq.com,Sports IQ LTD,FacilityUse,organizer,0.0,57
app.bookteq.com,Sports IQ LTD,FacilityUse,offers,0.0,57
app.bookteq.com,Sports IQ LTD,FacilityUse,location,1.0,57
app.bookteq.com,Sports IQ LTD,FacilityUse,name,1.0,57
app.bookteq.com,Sports IQ LTD,FacilityUse,description,0.0,57
app.bookteq.com,Sports IQ LTD,FacilityUse,eventSchedule,0.0,57
app.bookteq.com,Sports IQ LTD,FacilityUse,ageRange,0.0,57
app.bookteq.com,Sports IQ LTD,FacilityUse,genderRestriction,0.0,57
app.bookteq.com,Sports IQ LTD,FacilityUse,level,0.0,57
app.bookteq.com,Sports IQ LTD,FacilityUse,url,1.0,57
app.bookteq.com,Sports IQ LTD,FacilityUse,attendeeInstructions,0.0,57
app.bookteq.com,Sports IQ LTD,FacilityUse,superEvent,0.0,57
app.bookteq.com,Sports IQ LTD,Slot,activity,0.0,894
app.bookteq.com,Sports IQ LTD,Slot,category,0.0,894
app.bookteq.com,Sports IQ LTD,Slot,organizer,0.0,894
app.bookteq.com,Sports IQ LTD,Slot,offers,1.0,894
app.bookteq.com,Sports IQ LTD,Slot,location,0.0,894
app.bookteq.com,Sports IQ LTD,Slot,name,0.0,894
app.bookteq.com,Sports IQ LTD,Slot,description,0.0,894
app.bookteq.com,Sports IQ LTD,Slot,eventSchedule,0.0,894
app.bookteq.com,Sports IQ LTD,Slot,ageRange,0.0,894
app.bookteq.com,Sports IQ LTD,Slot,genderRestriction,0.0,894
app.bookteq.com,Sports IQ LTD,Slot,level,0.0,894
app.bookteq.com,Sports IQ LTD,Slot,url,0.0,894
app.bookteq.com,Sports IQ LTD,Slot,attendeeInstructions,0.0,894
app.bookteq.com,Sports IQ LTD,Slot,superEvent,0.0,894
app.bookteq.com,Sports IQ LTD,Slot,activity,0.0,1000
app.bookteq.com,Sports IQ LTD,Slot,category,0.0,1000
app.bookteq.com,Sports IQ LTD,Slot,organizer,0.0,1000
app.bookteq.com,Sports IQ LTD,Slot,offers,1.0,1000
app.bookteq.com,Sports IQ LTD,Slot,location,0.0,1000
app.bookteq.com,Sports IQ LTD,Slot,name,0.0,1000
app.bookteq.com,Sports IQ LTD,Slot,description,0.0,1000
app.bookteq.com,Sports IQ LTD,Slot,eventSchedule,0.0,1000
app.bookteq.com,Sports IQ LTD,Slot,ageRange,0.0,1000
app.bookteq.com,Sports IQ LTD,Slot,genderRestriction,0.0,1000
app.bookteq.com,Sports IQ LTD,Slot,level,0.0,1000
app.bookteq.com,Sports IQ LTD,Slot,url,0.0,1000
app.bookteq.com,Sports IQ LTD,Slot,attendeeInstructions,0.0,1000
app.bookteq.com,Sports IQ LTD,Slot,superEvent,0.0,1000
app.bookteq.com,Stanley Primary School,FacilityUse,activity,0.0,37
app.bookteq.com,Stanley Primary School,FacilityUse,category,0.0,37
app.bookteq.com,Stanley Primary School,FacilityUse,organizer,0.0,37
app.bookteq.com,Stanley Primary School,FacilityUse,offers,0.0,37
app.bookteq.com,Stanley Primary School,FacilityUse,location,1.0,37
app.bookteq.com,Stanley Primary School,FacilityUse,name,1.0,37
app.bookteq.com,Stanley Primary School,FacilityUse,description,0.0,37
app.bookteq.com,Stanley Primary School,FacilityUse,eventSchedule,0.0,37
app.bookteq.com,Stanley Primary School,FacilityUse,ageRange,0.0,37
app.bookteq.com,Stanley Primary School,FacilityUse,genderRestriction,0.0,37
app.bookteq.com,Stanley Primary School,FacilityUse,level,0.0,37
app.bookteq.com,Stanley Primary School,FacilityUse,url,1.0,37
app.bookteq.com,Stanley Primary School,FacilityUse,attendeeInstructions,0.0,37
app.bookteq.com,Stanley Primary School,FacilityUse,superEvent,0.0,37
app.bookteq.com,Stanley Primary School,Slot,activity,0.0,1000
app.bookteq.com,Stanley Primary School,Slot,category,0.0,1000
app.bookteq.com,Stanley Primary School,Slot,organizer,0.0,1000
app.bookteq.com,Stanley Primary School,Slot,offers,1.0,1000
app.bookteq.com,Stanley Primary School,Slot,location,0.0,1000
app.bookteq.com,Stanley Primary School,Slot,name,0.0,1000
app.bookteq.com,Stanley Primary School,Slot,description,0.0,1000
app.bookteq.com,Stanley Primary School,Slot,eventSchedule,0.0,1000
app.bookteq.com,Stanley Primary School,Slot,ageRange,0.0,1000
app.bookteq.com,Stanley Primary School,Slot,genderRestriction,0.0,1000
app.bookteq.com,Stanley Primary School,Slot,level,0.0,1000
app.bookteq.com,Stanley Primary School,Slot,url,0.0,1000
app.bookteq.com,Stanley Primary School,Slot,attendeeInstructions,0.0,1000
app.bookteq.com,Stanley Primary School,Slot,superEvent,0.0,1000
app.bookteq.com,Stanley Primary School,Slot,activity,0.0,956
app.bookteq.com,Stanley Primary School,Slot,category,0.0,956
app.bookteq.com,Stanley Primary School,Slot,organizer,0.0,956
app.bookteq.com,Stanley Primary School,Slot,offers,1.0,956
app.bookteq.com,Stanley Primary School,Slot,location,0.0,956
app.bookteq.com,Stanley Primary School,Slot,name,0.0,956
app.bookteq.com,Stanley Primary School,Slot,description,0.0,956
app.bookteq.com,Stanley Primary School,Slot,eventSchedule,0.0,956
app.bookteq.com,Stanley Primary School,Slot,ageRange,0.0,956
app.bookteq.com,Stanley Primary School,Slot,genderRestriction,0.0,956
app.bookteq.com,Stanley Primary School,Slot,level,0.0,956
app.bookteq.com,Stanley Primary School,Slot,url,0.0,956
app.bookteq.com,Stanley Primary School,Slot,attendeeInstructions,0.0,956
app.bookteq.com,Stanley Primary School,Slot,superEvent,0.0,956
app.bookteq.com,St Cuthbert Mayne School,FacilityUse,activity,0.0,7
app.bookteq.com,St Cuthbert Mayne School,FacilityUse,category,0.0,7
app.bookteq.com,St Cuthbert Mayne School,FacilityUse,organizer,0.0,7
app.bookteq.com,St Cuthbert Mayne School,FacilityUse,offers,0.0,7
app.bookteq.com,St Cuthbert Mayne School,FacilityUse,location,1.0,7
app.bookteq.com,St Cuthbert Mayne School,FacilityUse,name,1.0,7
app.bookteq.com,St Cuthbert Mayne School,FacilityUse,description,0.0,7
app.bookteq.com,St Cuthbert Mayne School,FacilityUse,eventSchedule,0.0,7
app.bookteq.com,St Cuthbert Mayne School,FacilityUse,ageRange,0.0,7
app.bookteq.com,St Cuthbert Mayne School,FacilityUse,genderRestriction,0.0,7
app.bookteq.com,St Cuthbert Mayne School,FacilityUse,level,0.0,7
app.bookteq.com,St Cuthbert Mayne School,FacilityUse,url,1.0,7
app.bookteq.com,St Cuthbert Mayne School,FacilityUse,attendeeInstructions,0.0,7
app.bookteq.com,St Cuthbert Mayne School,FacilityUse,superEvent,0.0,7
app.bookteq.com,St Cuthbert Mayne School,Slot,activity,0.0,820
app.bookteq.com,St Cuthbert Mayne School,Slot,category,0.0,820
app.bookteq.com,St Cuthbert Mayne School,Slot,organizer,0.0,820
app.bookteq.com,St Cuthbert Mayne School,Slot,offers,1.0,820
app.bookteq.com,St Cuthbert Mayne School,Slot,location,0.0,820
app.bookteq.com,St Cuthbert Mayne School,Slot,name,0.0,820
app.bookteq.com,St Cuthbert Mayne School,Slot,description,0.0,820
app.bookteq.com,St Cuthbert Mayne School,Slot,eventSchedule,0.0,820
app.bookteq.com,St Cuthbert Mayne School,Slot,ageRange,0.0,820
app.bookteq.com,St Cuthbert Mayne School,Slot,genderRestriction,0.0,820
app.bookteq.com,St Cuthbert Mayne School,Slot,level,0.0,820
app.bookteq.com,St Cuthbert Mayne School,Slot,url,0.0,820
app.bookteq.com,St Cuthbert Mayne School,Slot,attendeeInstructions,0.0,820
app.bookteq.com,St Cuthbert Mayne School,Slot,superEvent,0.0,820
app.bookteq.com,"St George's School, Harpenden",FacilityUse,activity,0.0,46
app.bookteq.com,"St George's School, Harpenden",FacilityUse,category,0.0,46
app.bookteq.com,"St George's School, Harpenden",FacilityUse,organizer,0.0,46
app.bookteq.com,"St George's School, Harpenden",FacilityUse,offers,0.0,46
app.bookteq.com,"St George's School, Harpenden",FacilityUse,location,1.0,46
app.bookteq.com,"St George's School, Harpenden",FacilityUse,name,1.0,46
app.bookteq.com,"St George's School, Harpenden",FacilityUse,description,0.0,46
app.bookteq.com,"St George's School, Harpenden",FacilityUse,eventSchedule,0.0,46
app.bookteq.com,"St George's School, Harpenden",FacilityUse,ageRange,0.0,46
app.bookteq.com,"St George's School, Harpenden",FacilityUse,genderRestriction,0.0,46
app.bookteq.com,"St George's School, Harpenden",FacilityUse,level,0.0,46
app.bookteq.com,"St George's School, Harpenden",FacilityUse,url,1.0,46
app.bookteq.com,"St George's School, Harpenden",FacilityUse,attendeeInstructions,0.0,46
app.bookteq.com,"St George's School, Harpenden",FacilityUse,superEvent,0.0,46
app.bookteq.com,"St George's School, Harpenden",Slot,activity,0.0,1000
app.bookteq.com,"St George's School, Harpenden",Slot,category,0.0,1000
app.bookteq.com,"St George's School, Harpenden",Slot,organizer,0.0,1000
app.bookteq.com,"St George's School, Harpenden",Slot,offers,1.0,1000
app.bookteq.com,"St George's School, Harpenden",Slot,location,0.0,1000
app.bookteq.com,"St George's School, Harpenden",Slot,name,0.0,1000
app.bookteq.com,"St George's School, Harpenden",Slot,description,0.0,1000
app.bookteq.com,"St George's School, Harpenden",Slot,eventSchedule,0.0,1000
app.bookteq.com,"St George's School, Harpenden",Slot,ageRange,0.0,1000
app.bookteq.com,"St George's School, Harpenden",Slot,genderRestriction,0.0,1000
app.bookteq.com,"St George's School, Harpenden",Slot,level,0.0,1000
app.bookteq.com,"St George's School, Harpenden",Slot,url,0.0,1000
app.bookteq.com,"St George's School, Harpenden",Slot,attendeeInstructions,0.0,1000
app.bookteq.com,"St George's School, Harpenden",Slot,superEvent,0.0,1000
app.bookteq.com,"St George's School, Harpenden",Slot,activity,0.0,1000
app.bookteq.com,"St George's School, Harpenden",Slot,category,0.0,1000
app.bookteq.com,"St George's School, Harpenden",Slot,organizer,0.0,1000
app.bookteq.com,"St George's School, Harpenden",Slot,offers,1.0,1000
app.bookteq.com,"St George's School, Harpenden",Slot,location,0.0,1000
app.bookteq.com,"St George's School, Harpenden",Slot,name,0.0,1000
app.bookteq.com,"St George's School, Harpenden",Slot,description,0.0,1000
app.bookteq.com,"St George's School, Harpenden",Slot,eventSchedule,0.0,1000
app.bookteq.com,"St George's School, Harpenden",Slot,ageRange,0.0,1000
app.bookteq.com,"St George's School, Harpenden",Slot,genderRestriction,0.0,1000
app.bookteq.com,"St George's School, Harpenden",Slot,level,0.0,1000
app.bookteq.com,"St George's School, Harpenden",Slot,url,0.0,1000
app.bookteq.com,"St George's School, Harpenden",Slot,attendeeInstructions,0.0,1000
app.bookteq.com,"St George's School, Harpenden",Slot,superEvent,0.0,1000
app.bookteq.com,Stowe Enterprises Ltd,FacilityUse,activity,0.0,56
app.bookteq.com,Stowe Enterprises Ltd,FacilityUse,category,0.0,56
app.bookteq.com,Stowe Enterprises Ltd,FacilityUse,organizer,0.0,56
app.bookteq.com,Stowe Enterprises Ltd,FacilityUse,offers,0.0,56
app.bookteq.com,Stowe Enterprises Ltd,FacilityUse,location,1.0,56
app.bookteq.com,Stowe Enterprises Ltd,FacilityUse,name,1.0,56
app.bookteq.com,Stowe Enterprises Ltd,FacilityUse,description,0.0,56
app.bookteq.com,Stowe Enterprises Ltd,FacilityUse,eventSchedule,0.0,56
app.bookteq.com,Stowe Enterprises Ltd,FacilityUse,ageRange,0.0,56
app.bookteq.com,Stowe Enterprises Ltd,FacilityUse,genderRestriction,0.0,56
app.bookteq.com,Stowe Enterprises Ltd,FacilityUse,level,0.0,56
app.bookteq.com,Stowe Enterprises Ltd,FacilityUse,url,1.0,56
app.bookteq.com,Stowe Enterprises Ltd,FacilityUse,attendeeInstructions,0.0,56
app.bookteq.com,Stowe Enterprises Ltd,FacilityUse,superEvent,0.0,56
app.bookteq.com,Stowe Enterprises Ltd,Slot,activity,0.0,1000
app.bookteq.com,Stowe Enterprises Ltd,Slot,category,0.0,1000
app.bookteq.com,Stowe Enterprises Ltd,Slot,organizer,0.0,1000
app.bookteq.com,Stowe Enterprises Ltd,Slot,offers,1.0,1000
app.bookteq.com,Stowe Enterprises Ltd,Slot,location,0.0,1000
app.bookteq.com,Stowe Enterprises Ltd,Slot,name,0.0,1000
app.bookteq.com,Stowe Enterprises Ltd,Slot,description,0.0,1000
app.bookteq.com,Stowe Enterprises Ltd,Slot,eventSchedule,0.0,1000
app.bookteq.com,Stowe Enterprises Ltd,Slot,ageRange,0.0,1000
app.bookteq.com,Stowe Enterprises Ltd,Slot,genderRestriction,0.0,1000
app.bookteq.com,Stowe Enterprises Ltd,Slot,level,0.0,1000
app.bookteq.com,Stowe Enterprises Ltd,Slot,url,0.0,1000
app.bookteq.com,Stowe Enterprises Ltd,Slot,attendeeInstructions,0.0,1000
app.bookteq.com,Stowe Enterprises Ltd,Slot,superEvent,0.0,1000
app.bookteq.com,Stowe Enterprises Ltd,Slot,activity,0.0,1000
app.bookteq.com,Stowe Enterprises Ltd,Slot,category,0.0,1000
app.bookteq.com,Stowe Enterprises Ltd,Slot,organizer,0.0,1000
app.bookteq.com,Stowe Enterprises Ltd,Slot,offers,1.0,1000
app.bookteq.com,Stowe Enterprises Ltd,Slot,location,0.0,1000
app.bookteq.com,Stowe Enterprises Ltd,Slot,name,0.0,1000
app.bookteq.com,Stowe Enterprises Ltd,Slot,description,0.0,1000
app.bookteq.com,Stowe Enterprises Ltd,Slot,eventSchedule,0.0,1000
app.bookteq.com,Stowe Enterprises Ltd,Slot,ageRange,0.0,1000
app.bookteq.com,Stowe Enterprises Ltd,Slot,genderRestriction,0.0,1000
app.bookteq.com,Stowe Enterprises Ltd,Slot,level,0.0,1000
app.bookteq.com,Stowe Enterprises Ltd,Slot,url,0.0,1000
app.bookteq.com,Stowe Enterprises Ltd,Slot,attendeeInstructions,0.0,1000
app.bookteq.com,Stowe Enterprises Ltd,Slot,superEvent,0.0,1000
app.bookteq.com,Strikers Indoor Football,FacilityUse,activity,0.0,13
app.bookteq.com,Strikers Indoor Football,FacilityUse,category,0.0,13
app.bookteq.com,Strikers Indoor Football,FacilityUse,organizer,0.0,13
app.bookteq.com,Strikers Indoor Football,FacilityUse,offers,0.0,13
app.bookteq.com,Strikers Indoor Football,FacilityUse,location,1.0,13
app.bookteq.com,Strikers Indoor Football,FacilityUse,name,1.0,13
app.bookteq.com,Strikers Indoor Football,FacilityUse,description,0.0,13
app.bookteq.com,Strikers Indoor Football,FacilityUse,eventSchedule,0.0,13
app.bookteq.com,Strikers Indoor Football,FacilityUse,ageRange,0.0,13
app.bookteq.com,Strikers Indoor Football,FacilityUse,genderRestriction,0.0,13
app.bookteq.com,Strikers Indoor Football,FacilityUse,level,0.0,13
app.bookteq.com,Strikers Indoor Football,FacilityUse,url,1.0,13
app.bookteq.com,Strikers Indoor Football,FacilityUse,attendeeInstructions,0.0,13
app.bookteq.com,Strikers Indoor Football,FacilityUse,superEvent,0.0,13
app.bookteq.com,Strikers Indoor Football,Slot,activity,0.0,231
app.bookteq.com,Strikers Indoor Football,Slot,category,0.0,231
app.bookteq.com,Strikers Indoor Football,Slot,organizer,0.0,231
app.bookteq.com,Strikers Indoor Football,Slot,offers,1.0,231
app.bookteq.com,Strikers Indoor Football,Slot,location,0.0,231
app.bookteq.com,Strikers Indoor Football,Slot,name,0.0,231
app.bookteq.com,Strikers Indoor Football,Slot,description,0.0,231
app.bookteq.com,Strikers Indoor Football,Slot,eventSchedule,0.0,231
app.bookteq.com,Strikers Indoor Football,Slot,ageRange,0.0,231
app.bookteq.com,Strikers Indoor Football,Slot,genderRestriction,0.0,231
app.bookteq.com,Strikers Indoor Football,Slot,level,0.0,231
app.bookteq.com,Strikers Indoor Football,Slot,url,0.0,231
app.bookteq.com,Strikers Indoor Football,Slot,attendeeInstructions,0.0,231
app.bookteq.com,Strikers Indoor Football,Slot,superEvent,0.0,231
app.bookteq.com,Strikers Indoor Football,Slot,activity,0.0,141
app.bookteq.com,Strikers Indoor Football,Slot,category,0.0,141
app.bookteq.com,Strikers Indoor Football,Slot,organizer,0.0,141
app.bookteq.com,Strikers Indoor Football,Slot,offers,1.0,141
app.bookteq.com,Strikers Indoor Football,Slot,location,0.0,141
app.bookteq.com,Strikers Indoor Football,Slot,name,0.0,141
app.bookteq.com,Strikers Indoor Football,Slot,description,0.0,141
app.bookteq.com,Strikers Indoor Football,Slot,eventSchedule,0.0,141
app.bookteq.com,Strikers Indoor Football,Slot,ageRange,0.0,141
app.bookteq.com,Strikers Indoor Football,Slot,genderRestriction,0.0,141
app.bookteq.com,Strikers Indoor Football,Slot,level,0.0,141
app.bookteq.com,Strikers Indoor Football,Slot,url,0.0,141
app.bookteq.com,Strikers Indoor Football,Slot,attendeeInstructions,0.0,141
app.bookteq.com,Strikers Indoor Football,Slot,superEvent,0.0,141
app.bookteq.com,Sunbury Cricket Club,FacilityUse,activity,0.0,6
app.bookteq.com,Sunbury Cricket Club,FacilityUse,category,0.0,6
app.bookteq.com,Sunbury Cricket Club,FacilityUse,organizer,0.0,6
app.bookteq.com,Sunbury Cricket Club,FacilityUse,offers,0.0,6
app.bookteq.com,Sunbury Cricket Club,FacilityUse,location,1.0,6
app.bookteq.com,Sunbury Cricket Club,FacilityUse,name,1.0,6
app.bookteq.com,Sunbury Cricket Club,FacilityUse,description,0.0,6
app.bookteq.com,Sunbury Cricket Club,FacilityUse,eventSchedule,0.0,6
app.bookteq.com,Sunbury Cricket Club,FacilityUse,ageRange,0.0,6
app.bookteq.com,Sunbury Cricket Club,FacilityUse,genderRestriction,0.0,6
app.bookteq.com,Sunbury Cricket Club,FacilityUse,level,0.0,6
app.bookteq.com,Sunbury Cricket Club,FacilityUse,url,1.0,6
app.bookteq.com,Sunbury Cricket Club,FacilityUse,attendeeInstructions,0.0,6
app.bookteq.com,Sunbury Cricket Club,FacilityUse,superEvent,0.0,6
app.bookteq.com,Sunbury Cricket Club,Slot,activity,0.0,1000
app.bookteq.com,Sunbury Cricket Club,Slot,category,0.0,1000
app.bookteq.com,Sunbury Cricket Club,Slot,organizer,0.0,1000
app.bookteq.com,Sunbury Cricket Club,Slot,offers,1.0,1000
app.bookteq.com,Sunbury Cricket Club,Slot,location,0.0,1000
app.bookteq.com,Sunbury Cricket Club,Slot,name,0.0,1000
app.bookteq.com,Sunbury Cricket Club,Slot,description,0.0,1000
app.bookteq.com,Sunbury Cricket Club,Slot,eventSchedule,0.0,1000
app.bookteq.com,Sunbury Cricket Club,Slot,ageRange,0.0,1000
app.bookteq.com,Sunbury Cricket Club,Slot,genderRestriction,0.0,1000
app.bookteq.com,Sunbury Cricket Club,Slot,level,0.0,1000
app.bookteq.com,Sunbury Cricket Club,Slot,url,0.0,1000
app.bookteq.com,Sunbury Cricket Club,Slot,attendeeInstructions,0.0,1000
app.bookteq.com,Sunbury Cricket Club,Slot,superEvent,0.0,1000
app.bookteq.com,Sunbury Cricket Club,Slot,activity,0.0,338
app.bookteq.com,Sunbury Cricket Club,Slot,category,0.0,338
app.bookteq.com,Sunbury Cricket Club,Slot,organizer,0.0,338
app.bookteq.com,Sunbury Cricket Club,Slot,offers,1.0,338
app.bookteq.com,Sunbury Cricket Club,Slot,location,0.0,338
app.bookteq.com,Sunbury Cricket Club,Slot,name,0.0,338
app.bookteq.com,Sunbury Cricket Club,Slot,description,0.0,338
app.bookteq.com,Sunbury Cricket Club,Slot,eventSchedule,0.0,338
app.bookteq.com,Sunbury Cricket Club,Slot,ageRange,0.0,338
app.bookteq.com,Sunbury Cricket Club,Slot,genderRestriction,0.0,338
app.bookteq.com,Sunbury Cricket Club,Slot,level,0.0,338
app.bookteq.com,Sunbury Cricket Club,Slot,url,0.0,338
app.bookteq.com,Sunbury Cricket Club,Slot,attendeeInstructions,0.0,338
app.bookteq.com,Sunbury Cricket Club,Slot,superEvent,0.0,338
app.bookteq.com,The Black Prince Trust ,FacilityUse,activity,0.0,42
app.bookteq.com,The Black Prince Trust ,FacilityUse,category,0.0,42
app.bookteq.com,The Black Prince Trust ,FacilityUse,organizer,0.0,42
app.bookteq.com,The Black Prince Trust ,FacilityUse,offers,0.0,42
app.bookteq.com,The Black Prince Trust ,FacilityUse,location,1.0,42
app.bookteq.com,The Black Prince Trust ,FacilityUse,name,1.0,42
app.bookteq.com,The Black Prince Trust ,FacilityUse,description,0.0,42
app.bookteq.com,The Black Prince Trust ,FacilityUse,eventSchedule,0.0,42
app.bookteq.com,The Black Prince Trust ,FacilityUse,ageRange,0.0,42
app.bookteq.com,The Black Prince Trust ,FacilityUse,genderRestriction,0.0,42
app.bookteq.com,The Black Prince Trust ,FacilityUse,level,0.0,42
app.bookteq.com,The Black Prince Trust ,FacilityUse,url,1.0,42
app.bookteq.com,The Black Prince Trust ,FacilityUse,attendeeInstructions,0.0,42
app.bookteq.com,The Black Prince Trust ,FacilityUse,superEvent,0.0,42
app.bookteq.com,The Black Prince Trust ,Slot,activity,0.0,1000
app.bookteq.com,The Black Prince Trust ,Slot,category,0.0,1000
app.bookteq.com,The Black Prince Trust ,Slot,organizer,0.0,1000
app.bookteq.com,The Black Prince Trust ,Slot,offers,1.0,1000
app.bookteq.com,The Black Prince Trust ,Slot,location,0.0,1000
app.bookteq.com,The Black Prince Trust ,Slot,name,0.0,1000
app.bookteq.com,The Black Prince Trust ,Slot,description,0.0,1000
app.bookteq.com,The Black Prince Trust ,Slot,eventSchedule,0.0,1000
app.bookteq.com,The Black Prince Trust ,Slot,ageRange,0.0,1000
app.bookteq.com,The Black Prince Trust ,Slot,genderRestriction,0.0,1000
app.bookteq.com,The Black Prince Trust ,Slot,level,0.0,1000
app.bookteq.com,The Black Prince Trust ,Slot,url,0.0,1000
app.bookteq.com,The Black Prince Trust ,Slot,attendeeInstructions,0.0,1000
app.bookteq.com,The Black Prince Trust ,Slot,superEvent,0.0,1000
app.bookteq.com,The Black Prince Trust ,Slot,activity,0.0,1000
app.bookteq.com,The Black Prince Trust ,Slot,category,0.0,1000
app.bookteq.com,The Black Prince Trust ,Slot,organizer,0.0,1000
app.bookteq.com,The Black Prince Trust ,Slot,offers,1.0,1000
app.bookteq.com,The Black Prince Trust ,Slot,location,0.0,1000
app.bookteq.com,The Black Prince Trust ,Slot,name,0.0,1000
app.bookteq.com,The Black Prince Trust ,Slot,description,0.0,1000
app.bookteq.com,The Black Prince Trust ,Slot,eventSchedule,0.0,1000
app.bookteq.com,The Black Prince Trust ,Slot,ageRange,0.0,1000
app.bookteq.com,The Black Prince Trust ,Slot,genderRestriction,0.0,1000
app.bookteq.com,The Black Prince Trust ,Slot,level,0.0,1000
app.bookteq.com,The Black Prince Trust ,Slot,url,0.0,1000
app.bookteq.com,The Black Prince Trust ,Slot,attendeeInstructions,0.0,1000
app.bookteq.com,The Black Prince Trust ,Slot,superEvent,0.0,1000
app.bookteq.com,The Downside Settlement,FacilityUse,activity,0.0,22
app.bookteq.com,The Downside Settlement,FacilityUse,category,0.0,22
app.bookteq.com,The Downside Settlement,FacilityUse,organizer,0.0,22
app.bookteq.com,The Downside Settlement,FacilityUse,offers,0.0,22
app.bookteq.com,The Downside Settlement,FacilityUse,location,1.0,22
app.bookteq.com,The Downside Settlement,FacilityUse,name,1.0,22
app.bookteq.com,The Downside Settlement,FacilityUse,description,0.0,22
app.bookteq.com,The Downside Settlement,FacilityUse,eventSchedule,0.0,22
app.bookteq.com,The Downside Settlement,FacilityUse,ageRange,0.0,22
app.bookteq.com,The Downside Settlement,FacilityUse,genderRestriction,0.0,22
app.bookteq.com,The Downside Settlement,FacilityUse,level,0.0,22
app.bookteq.com,The Downside Settlement,FacilityUse,url,1.0,22
app.bookteq.com,The Downside Settlement,FacilityUse,attendeeInstructions,0.0,22
app.bookteq.com,The Downside Settlement,FacilityUse,superEvent,0.0,22
app.bookteq.com,The Downside Settlement,Slot,activity,0.0,729
app.bookteq.com,The Downside Settlement,Slot,category,0.0,729
app.bookteq.com,The Downside Settlement,Slot,organizer,0.0,729
app.bookteq.com,The Downside Settlement,Slot,offers,1.0,729
app.bookteq.com,The Downside Settlement,Slot,location,0.0,729
app.bookteq.com,The Downside Settlement,Slot,name,0.0,729
app.bookteq.com,The Downside Settlement,Slot,description,0.0,729
app.bookteq.com,The Downside Settlement,Slot,eventSchedule,0.0,729
app.bookteq.com,The Downside Settlement,Slot,ageRange,0.0,729
app.bookteq.com,The Downside Settlement,Slot,genderRestriction,0.0,729
app.bookteq.com,The Downside Settlement,Slot,level,0.0,729
app.bookteq.com,The Downside Settlement,Slot,url,0.0,729
app.bookteq.com,The Downside Settlement,Slot,attendeeInstructions,0.0,729
app.bookteq.com,The Downside Settlement,Slot,superEvent,0.0,729
app.bookteq.com,The Downside Settlement,Slot,activity,0.0,1000
app.bookteq.com,The Downside Settlement,Slot,category,0.0,1000
app.bookteq.com,The Downside Settlement,Slot,organizer,0.0,1000
app.bookteq.com,The Downside Settlement,Slot,offers,1.0,1000
app.bookteq.com,The Downside Settlement,Slot,location,0.0,1000
app.bookteq.com,The Downside Settlement,Slot,name,0.0,1000
app.bookteq.com,The Downside Settlement,Slot,description,0.0,1000
app.bookteq.com,The Downside Settlement,Slot,eventSchedule,0.0,1000
app.bookteq.com,The Downside Settlement,Slot,ageRange,0.0,1000
app.bookteq.com,The Downside Settlement,Slot,genderRestriction,0.0,1000
app.bookteq.com,The Downside Settlement,Slot,level,0.0,1000
app.bookteq.com,The Downside Settlement,Slot,url,0.0,1000
app.bookteq.com,The Downside Settlement,Slot,attendeeInstructions,0.0,1000
app.bookteq.com,The Downside Settlement,Slot,superEvent,0.0,1000
app.bookteq.com,The Sports Warehouse (Flint) LTD,FacilityUse,activity,0.0,10
app.bookteq.com,The Sports Warehouse (Flint) LTD,FacilityUse,category,0.0,10
app.bookteq.com,The Sports Warehouse (Flint) LTD,FacilityUse,organizer,0.0,10
app.bookteq.com,The Sports Warehouse (Flint) LTD,FacilityUse,offers,0.0,10
app.bookteq.com,The Sports Warehouse (Flint) LTD,FacilityUse,location,1.0,10
app.bookteq.com,The Sports Warehouse (Flint) LTD,FacilityUse,name,1.0,10
app.bookteq.com,The Sports Warehouse (Flint) LTD,FacilityUse,description,0.0,10
app.bookteq.com,The Sports Warehouse (Flint) LTD,FacilityUse,eventSchedule,0.0,10
app.bookteq.com,The Sports Warehouse (Flint) LTD,FacilityUse,ageRange,0.0,10
app.bookteq.com,The Sports Warehouse (Flint) LTD,FacilityUse,genderRestriction,0.0,10
app.bookteq.com,The Sports Warehouse (Flint) LTD,FacilityUse,level,0.0,10
app.bookteq.com,The Sports Warehouse (Flint) LTD,FacilityUse,url,1.0,10
app.bookteq.com,The Sports Warehouse (Flint) LTD,FacilityUse,attendeeInstructions,0.0,10
app.bookteq.com,The Sports Warehouse (Flint) LTD,FacilityUse,superEvent,0.0,10
app.bookteq.com,The Sports Warehouse (Flint) LTD,Slot,activity,0.0,711
app.bookteq.com,The Sports Warehouse (Flint) LTD,Slot,category,0.0,711
app.bookteq.com,The Sports Warehouse (Flint) LTD,Slot,organizer,0.0,711
app.bookteq.com,The Sports Warehouse (Flint) LTD,Slot,offers,1.0,711
app.bookteq.com,The Sports Warehouse (Flint) LTD,Slot,location,0.0,711
app.bookteq.com,The Sports Warehouse (Flint) LTD,Slot,name,0.0,711
app.bookteq.com,The Sports Warehouse (Flint) LTD,Slot,description,0.0,711
app.bookteq.com,The Sports Warehouse (Flint) LTD,Slot,eventSchedule,0.0,711
app.bookteq.com,The Sports Warehouse (Flint) LTD,Slot,ageRange,0.0,711
app.bookteq.com,The Sports Warehouse (Flint) LTD,Slot,genderRestriction,0.0,711
app.bookteq.com,The Sports Warehouse (Flint) LTD,Slot,level,0.0,711
app.bookteq.com,The Sports Warehouse (Flint) LTD,Slot,url,0.0,711
app.bookteq.com,The Sports Warehouse (Flint) LTD,Slot,attendeeInstructions,0.0,711
app.bookteq.com,The Sports Warehouse (Flint) LTD,Slot,superEvent,0.0,711
app.bookteq.com,The Woodroffe School,FacilityUse,activity,0.0,24
app.bookteq.com,The Woodroffe School,FacilityUse,category,0.0,24
app.bookteq.com,The Woodroffe School,FacilityUse,organizer,0.0,24
app.bookteq.com,The Woodroffe School,FacilityUse,offers,0.0,24
app.bookteq.com,The Woodroffe School,FacilityUse,location,1.0,24
app.bookteq.com,The Woodroffe School,FacilityUse,name,1.0,24
app.bookteq.com,The Woodroffe School,FacilityUse,description,0.0,24
app.bookteq.com,The Woodroffe School,FacilityUse,eventSchedule,0.0,24
app.bookteq.com,The Woodroffe School,FacilityUse,ageRange,0.0,24
app.bookteq.com,The Woodroffe School,FacilityUse,genderRestriction,0.0,24
app.bookteq.com,The Woodroffe School,FacilityUse,level,0.0,24
app.bookteq.com,The Woodroffe School,FacilityUse,url,1.0,24
app.bookteq.com,The Woodroffe School,FacilityUse,attendeeInstructions,0.0,24
app.bookteq.com,The Woodroffe School,FacilityUse,superEvent,0.0,24
app.bookteq.com,The Woodroffe School,Slot,activity,0.0,766
app.bookteq.com,The Woodroffe School,Slot,category,0.0,766
app.bookteq.com,The Woodroffe School,Slot,organizer,0.0,766
app.bookteq.com,The Woodroffe School,Slot,offers,1.0,766
app.bookteq.com,The Woodroffe School,Slot,location,0.0,766
app.bookteq.com,The Woodroffe School,Slot,name,0.0,766
app.bookteq.com,The Woodroffe School,Slot,description,0.0,766
app.bookteq.com,The Woodroffe School,Slot,eventSchedule,0.0,766
app.bookteq.com,The Woodroffe School,Slot,ageRange,0.0,766
app.bookteq.com,The Woodroffe School,Slot,genderRestriction,0.0,766
app.bookteq.com,The Woodroffe School,Slot,level,0.0,766
app.bookteq.com,The Woodroffe School,Slot,url,0.0,766
app.bookteq.com,The Woodroffe School,Slot,attendeeInstructions,0.0,766
app.bookteq.com,The Woodroffe School,Slot,superEvent,0.0,766
app.bookteq.com,100% TO THE TOP CIC,FacilityUse,activity,0.0,2
app.bookteq.com,100% TO THE TOP CIC,FacilityUse,category,0.0,2
app.bookteq.com,100% TO THE TOP CIC,FacilityUse,organizer,0.0,2
app.bookteq.com,100% TO THE TOP CIC,FacilityUse,offers,0.0,2
app.bookteq.com,100% TO THE TOP CIC,FacilityUse,location,1.0,2
app.bookteq.com,100% TO THE TOP CIC,FacilityUse,name,1.0,2
app.bookteq.com,100% TO THE TOP CIC,FacilityUse,description,0.0,2
app.bookteq.com,100% TO THE TOP CIC,FacilityUse,eventSchedule,0.0,2
app.bookteq.com,100% TO THE TOP CIC,FacilityUse,ageRange,0.0,2
app.bookteq.com,100% TO THE TOP CIC,FacilityUse,genderRestriction,0.0,2
app.bookteq.com,100% TO THE TOP CIC,FacilityUse,level,0.0,2
app.bookteq.com,100% TO THE TOP CIC,FacilityUse,url,1.0,2
app.bookteq.com,100% TO THE TOP CIC,FacilityUse,attendeeInstructions,0.0,2
app.bookteq.com,100% TO THE TOP CIC,FacilityUse,superEvent,0.0,2
app.bookteq.com,100% TO THE TOP CIC,Slot,activity,0.0,46
app.bookteq.com,100% TO THE TOP CIC,Slot,category,0.0,46
app.bookteq.com,100% TO THE TOP CIC,Slot,organizer,0.0,46
app.bookteq.com,100% TO THE TOP CIC,Slot,offers,1.0,46
app.bookteq.com,100% TO THE TOP CIC,Slot,location,0.0,46
app.bookteq.com,100% TO THE TOP CIC,Slot,name,0.0,46
app.bookteq.com,100% TO THE TOP CIC,Slot,description,0.0,46
app.bookteq.com,100% TO THE TOP CIC,Slot,eventSchedule,0.0,46
app.bookteq.com,100% TO THE TOP CIC,Slot,ageRange,0.0,46
app.bookteq.com,100% TO THE TOP CIC,Slot,genderRestriction,0.0,46
app.bookteq.com,100% TO THE TOP CIC,Slot,level,0.0,46
app.bookteq.com,100% TO THE TOP CIC,Slot,url,0.0,46
app.bookteq.com,100% TO THE TOP CIC,Slot,attendeeInstructions,0.0,46
app.bookteq.com,100% TO THE TOP CIC,Slot,superEvent,0.0,46
app.bookteq.com,100% TO THE TOP CIC,Slot,activity,0.0,322
app.bookteq.com,100% TO THE TOP CIC,Slot,category,0.0,322
app.bookteq.com,100% TO THE TOP CIC,Slot,organizer,0.0,322
app.bookteq.com,100% TO THE TOP CIC,Slot,offers,1.0,322
app.bookteq.com,100% TO THE TOP CIC,Slot,location,0.0,322
app.bookteq.com,100% TO THE TOP CIC,Slot,name,0.0,322
app.bookteq.com,100% TO THE TOP CIC,Slot,description,0.0,322
app.bookteq.com,100% TO THE TOP CIC,Slot,eventSchedule,0.0,322
app.bookteq.com,100% TO THE TOP CIC,Slot,ageRange,0.0,322
app.bookteq.com,100% TO THE TOP CIC,Slot,genderRestriction,0.0,322
app.bookteq.com,100% TO THE TOP CIC,Slot,level,0.0,322
app.bookteq.com,100% TO THE TOP CIC,Slot,url,0.0,322
app.bookteq.com,100% TO THE TOP CIC,Slot,attendeeInstructions,0.0,322
app.bookteq.com,100% TO THE TOP CIC,Slot,superEvent,0.0,322
app.bookteq.com,Waltham Forest Council,FacilityUse,activity,0.0,149
app.bookteq.com,Waltham Forest Council,FacilityUse,category,0.0,149
app.bookteq.com,Waltham Forest Council,FacilityUse,organizer,0.0,149
app.bookteq.com,Waltham Forest Council,FacilityUse,offers,0.0,149
app.bookteq.com,Waltham Forest Council,FacilityUse,location,1.0,149
app.bookteq.com,Waltham Forest Council,FacilityUse,name,1.0,149
app.bookteq.com,Waltham Forest Council,FacilityUse,description,0.0,149
app.bookteq.com,Waltham Forest Council,FacilityUse,eventSchedule,0.0,149
app.bookteq.com,Waltham Forest Council,FacilityUse,ageRange,0.0,149
app.bookteq.com,Waltham Forest Council,FacilityUse,genderRestriction,0.0,149
app.bookteq.com,Waltham Forest Council,FacilityUse,level,0.0,149
app.bookteq.com,Waltham Forest Council,FacilityUse,url,1.0,149
app.bookteq.com,Waltham Forest Council,FacilityUse,attendeeInstructions,0.0,149
app.bookteq.com,Waltham Forest Council,FacilityUse,superEvent,0.0,149
app.bookteq.com,Waltham Forest Council,Slot,activity,0.0,1000
app.bookteq.com,Waltham Forest Council,Slot,category,0.0,1000
app.bookteq.com,Waltham Forest Council,Slot,organizer,0.0,1000
app.bookteq.com,Waltham Forest Council,Slot,offers,1.0,1000
app.bookteq.com,Waltham Forest Council,Slot,location,0.0,1000
app.bookteq.com,Waltham Forest Council,Slot,name,0.0,1000
app.bookteq.com,Waltham Forest Council,Slot,description,0.0,1000
app.bookteq.com,Waltham Forest Council,Slot,eventSchedule,0.0,1000
app.bookteq.com,Waltham Forest Council,Slot,ageRange,0.0,1000
app.bookteq.com,Waltham Forest Council,Slot,genderRestriction,0.0,1000
app.bookteq.com,Waltham Forest Council,Slot,level,0.0,1000
app.bookteq.com,Waltham Forest Council,Slot,url,0.0,1000
app.bookteq.com,Waltham Forest Council,Slot,attendeeInstructions,0.0,1000
app.bookteq.com,Waltham Forest Council,Slot,superEvent,0.0,1000
app.bookteq.com,Waltham Forest Council,Slot,activity,0.0,1000
app.bookteq.com,Waltham Forest Council,Slot,category,0.0,1000
app.bookteq.com,Waltham Forest Council,Slot,organizer,0.0,1000
app.bookteq.com,Waltham Forest Council,Slot,offers,1.0,1000
app.bookteq.com,Waltham Forest Council,Slot,location,0.0,1000
app.bookteq.com,Waltham Forest Council,Slot,name,0.0,1000
app.bookteq.com,Waltham Forest Council,Slot,description,0.0,1000
app.bookteq.com,Waltham Forest Council,Slot,eventSchedule,0.0,1000
app.bookteq.com,Waltham Forest Council,Slot,ageRange,0.0,1000
app.bookteq.com,Waltham Forest Council,Slot,genderRestriction,0.0,1000
app.bookteq.com,Waltham Forest Council,Slot,level,0.0,1000
app.bookteq.com,Waltham Forest Council,Slot,url,0.0,1000
app.bookteq.com,Waltham Forest Council,Slot,attendeeInstructions,0.0,1000
app.bookteq.com,Waltham Forest Council,Slot,superEvent,0.0,1000
app.bookteq.com,Water Lilies Swimming School Ltd,FacilityUse,activity,0.0,10
app.bookteq.com,Water Lilies Swimming School Ltd,FacilityUse,category,0.0,10
app.bookteq.com,Water Lilies Swimming School Ltd,FacilityUse,organizer,0.0,10
app.bookteq.com,Water Lilies Swimming School Ltd,FacilityUse,offers,0.0,10
app.bookteq.com,Water Lilies Swimming School Ltd,FacilityUse,location,1.0,10
app.bookteq.com,Water Lilies Swimming School Ltd,FacilityUse,name,1.0,10
app.bookteq.com,Water Lilies Swimming School Ltd,FacilityUse,description,0.0,10
app.bookteq.com,Water Lilies Swimming School Ltd,FacilityUse,eventSchedule,0.0,10
app.bookteq.com,Water Lilies Swimming School Ltd,FacilityUse,ageRange,0.0,10
app.bookteq.com,Water Lilies Swimming School Ltd,FacilityUse,genderRestriction,0.0,10
app.bookteq.com,Water Lilies Swimming School Ltd,FacilityUse,level,0.0,10
app.bookteq.com,Water Lilies Swimming School Ltd,FacilityUse,url,1.0,10
app.bookteq.com,Water Lilies Swimming School Ltd,FacilityUse,attendeeInstructions,0.0,10
app.bookteq.com,Water Lilies Swimming School Ltd,FacilityUse,superEvent,0.0,10
app.bookteq.com,Water Lilies Swimming School Ltd,Slot,activity,0.0,1000
app.bookteq.com,Water Lilies Swimming School Ltd,Slot,category,0.0,1000
app.bookteq.com,Water Lilies Swimming School Ltd,Slot,organizer,0.0,1000
app.bookteq.com,Water Lilies Swimming School Ltd,Slot,offers,1.0,1000
app.bookteq.com,Water Lilies Swimming School Ltd,Slot,location,0.0,1000
app.bookteq.com,Water Lilies Swimming School Ltd,Slot,name,0.0,1000
app.bookteq.com,Water Lilies Swimming School Ltd,Slot,description,0.0,1000
app.bookteq.com,Water Lilies Swimming School Ltd,Slot,eventSchedule,0.0,1000
app.bookteq.com,Water Lilies Swimming School Ltd,Slot,ageRange,0.0,1000
app.bookteq.com,Water Lilies Swimming School Ltd,Slot,genderRestriction,0.0,1000
app.bookteq.com,Water Lilies Swimming School Ltd,Slot,level,0.0,1000
app.bookteq.com,Water Lilies Swimming School Ltd,Slot,url,0.0,1000
app.bookteq.com,Water Lilies Swimming School Ltd,Slot,attendeeInstructions,0.0,1000
app.bookteq.com,Water Lilies Swimming School Ltd,Slot,superEvent,0.0,1000
app.bookteq.com,Water Lilies Swimming School Ltd,Slot,activity,0.0,1000
app.bookteq.com,Water Lilies Swimming School Ltd,Slot,category,0.0,1000
app.bookteq.com,Water Lilies Swimming School Ltd,Slot,organizer,0.0,1000
app.bookteq.com,Water Lilies Swimming School Ltd,Slot,offers,1.0,1000
app.bookteq.com,Water Lilies Swimming School Ltd,Slot,location,0.0,1000
app.bookteq.com,Water Lilies Swimming School Ltd,Slot,name,0.0,1000
app.bookteq.com,Water Lilies Swimming School Ltd,Slot,description,0.0,1000
app.bookteq.com,Water Lilies Swimming School Ltd,Slot,eventSchedule,0.0,1000
app.bookteq.com,Water Lilies Swimming School Ltd,Slot,ageRange,0.0,1000
app.bookteq.com,Water Lilies Swimming School Ltd,Slot,genderRestriction,0.0,1000
app.bookteq.com,Water Lilies Swimming School Ltd,Slot,level,0.0,1000
app.bookteq.com,Water Lilies Swimming School Ltd,Slot,url,0.0,1000
app.bookteq.com,Water Lilies Swimming School Ltd,Slot,attendeeInstructions,0.0,1000
app.bookteq.com,Water Lilies Swimming School Ltd,Slot,superEvent,0.0,1000
app.bookteq.com,Wells Cathedral School,FacilityUse,activity,0.0,41
app.bookteq.com,Wells Cathedral School,FacilityUse,category,0.0,41
app.bookteq.com,Wells Cathedral School,FacilityUse,organizer,0.0,41
app.bookteq.com,Wells Cathedral School,FacilityUse,offers,0.0,41
app.bookteq.com,Wells Cathedral School,FacilityUse,location,1.0,41
app.bookteq.com,Wells Cathedral School,FacilityUse,name,1.0,41
app.bookteq.com,Wells Cathedral School,FacilityUse,description,0.0,41
app.bookteq.com,Wells Cathedral School,FacilityUse,eventSchedule,0.0,41
app.bookteq.com,Wells Cathedral School,FacilityUse,ageRange,0.0,41
app.bookteq.com,Wells Cathedral School,FacilityUse,genderRestriction,0.0,41
app.bookteq.com,Wells Cathedral School,FacilityUse,level,0.0,41
app.bookteq.com,Wells Cathedral School,FacilityUse,url,1.0,41
app.bookteq.com,Wells Cathedral School,FacilityUse,attendeeInstructions,0.0,41
app.bookteq.com,Wells Cathedral School,FacilityUse,superEvent,0.0,41
app.bookteq.com,Wells Cathedral School,Slot,activity,0.0,974
app.bookteq.com,Wells Cathedral School,Slot,category,0.0,974
app.bookteq.com,Wells Cathedral School,Slot,organizer,0.0,974
app.bookteq.com,Wells Cathedral School,Slot,offers,1.0,974
app.bookteq.com,Wells Cathedral School,Slot,location,0.0,974
app.bookteq.com,Wells Cathedral School,Slot,name,0.0,974
app.bookteq.com,Wells Cathedral School,Slot,description,0.0,974
app.bookteq.com,Wells Cathedral School,Slot,eventSchedule,0.0,974
app.bookteq.com,Wells Cathedral School,Slot,ageRange,0.0,974
app.bookteq.com,Wells Cathedral School,Slot,genderRestriction,0.0,974
app.bookteq.com,Wells Cathedral School,Slot,level,0.0,974
app.bookteq.com,Wells Cathedral School,Slot,url,0.0,974
app.bookteq.com,Wells Cathedral School,Slot,attendeeInstructions,0.0,974
app.bookteq.com,Wells Cathedral School,Slot,superEvent,0.0,974
app.bookteq.com,Wells Cathedral School,Slot,activity,0.0,1000
app.bookteq.com,Wells Cathedral School,Slot,category,0.0,1000
app.bookteq.com,Wells Cathedral School,Slot,organizer,0.0,1000
app.bookteq.com,Wells Cathedral School,Slot,offers,1.0,1000
app.bookteq.com,Wells Cathedral School,Slot,location,0.0,1000
app.bookteq.com,Wells Cathedral School,Slot,name,0.0,1000
app.bookteq.com,Wells Cathedral School,Slot,description,0.0,1000
app.bookteq.com,Wells Cathedral School,Slot,eventSchedule,0.0,1000
app.bookteq.com,Wells Cathedral School,Slot,ageRange,0.0,1000
app.bookteq.com,Wells Cathedral School,Slot,genderRestriction,0.0,1000
app.bookteq.com,Wells Cathedral School,Slot,level,0.0,1000
app.bookteq.com,Wells Cathedral School,Slot,url,0.0,1000
app.bookteq.com,Wells Cathedral School,Slot,attendeeInstructions,0.0,1000
app.bookteq.com,Wells Cathedral School,Slot,superEvent,0.0,1000
app.bookteq.com,West Heath Primary School,FacilityUse,activity,0.0,30
app.bookteq.com,West Heath Primary School,FacilityUse,category,0.0,30
app.bookteq.com,West Heath Primary School,FacilityUse,organizer,0.0,30
app.bookteq.com,West Heath Primary School,FacilityUse,offers,0.0,30
app.bookteq.com,West Heath Primary School,FacilityUse,location,1.0,30
app.bookteq.com,West Heath Primary School,FacilityUse,name,1.0,30
app.bookteq.com,West Heath Primary School,FacilityUse,description,0.0,30
app.bookteq.com,West Heath Primary School,FacilityUse,eventSchedule,0.0,30
app.bookteq.com,West Heath Primary School,FacilityUse,ageRange,0.0,30
app.bookteq.com,West Heath Primary School,FacilityUse,genderRestriction,0.0,30
app.bookteq.com,West Heath Primary School,FacilityUse,level,0.0,30
app.bookteq.com,West Heath Primary School,FacilityUse,url,1.0,30
app.bookteq.com,West Heath Primary School,FacilityUse,attendeeInstructions,0.0,30
app.bookteq.com,West Heath Primary School,FacilityUse,superEvent,0.0,30
app.bookteq.com,West Heath Primary School,Slot,activity,0.0,1000
app.bookteq.com,West Heath Primary School,Slot,category,0.0,1000
app.bookteq.com,West Heath Primary School,Slot,organizer,0.0,1000
app.bookteq.com,West Heath Primary School,Slot,offers,1.0,1000
app.bookteq.com,West Heath Primary School,Slot,location,0.0,1000
app.bookteq.com,West Heath Primary School,Slot,name,0.0,1000
app.bookteq.com,West Heath Primary School,Slot,description,0.0,1000
app.bookteq.com,West Heath Primary School,Slot,eventSchedule,0.0,1000
app.bookteq.com,West Heath Primary School,Slot,ageRange,0.0,1000
app.bookteq.com,West Heath Primary School,Slot,genderRestriction,0.0,1000
app.bookteq.com,West Heath Primary School,Slot,level,0.0,1000
app.bookteq.com,West Heath Primary School,Slot,url,0.0,1000
app.bookteq.com,West Heath Primary School,Slot,attendeeInstructions,0.0,1000
app.bookteq.com,West Heath Primary School,Slot,superEvent,0.0,1000
app.bookteq.com,West Heath Primary School,Slot,activity,0.0,1000
app.bookteq.com,West Heath Primary School,Slot,category,0.0,1000
app.bookteq.com,West Heath Primary School,Slot,organizer,0.0,1000
app.bookteq.com,West Heath Primary School,Slot,offers,1.0,1000
app.bookteq.com,West Heath Primary School,Slot,location,0.0,1000
app.bookteq.com,West Heath Primary School,Slot,name,0.0,1000
app.bookteq.com,West Heath Primary School,Slot,description,0.0,1000
app.bookteq.com,West Heath Primary School,Slot,eventSchedule,0.0,1000
app.bookteq.com,West Heath Primary School,Slot,ageRange,0.0,1000
app.bookteq.com,West Heath Primary School,Slot,genderRestriction,0.0,1000
app.bookteq.com,West Heath Primary School,Slot,level,0.0,1000
app.bookteq.com,West Heath Primary School,Slot,url,0.0,1000
app.bookteq.com,West Heath Primary School,Slot,attendeeInstructions,0.0,1000
app.bookteq.com,West Heath Primary School,Slot,superEvent,0.0,1000
app.bookteq.com,Woolmer Hill Sports Association,FacilityUse,activity,0.0,23
app.bookteq.com,Woolmer Hill Sports Association,FacilityUse,category,0.0,23
app.bookteq.com,Woolmer Hill Sports Association,FacilityUse,organizer,0.0,23
app.bookteq.com,Woolmer Hill Sports Association,FacilityUse,offers,0.0,23
app.bookteq.com,Woolmer Hill Sports Association,FacilityUse,location,1.0,23
app.bookteq.com,Woolmer Hill Sports Association,FacilityUse,name,1.0,23
app.bookteq.com,Woolmer Hill Sports Association,FacilityUse,description,0.0,23
app.bookteq.com,Woolmer Hill Sports Association,FacilityUse,eventSchedule,0.0,23
app.bookteq.com,Woolmer Hill Sports Association,FacilityUse,ageRange,0.0,23
app.bookteq.com,Woolmer Hill Sports Association,FacilityUse,genderRestriction,0.0,23
app.bookteq.com,Woolmer Hill Sports Association,FacilityUse,level,0.0,23
app.bookteq.com,Woolmer Hill Sports Association,FacilityUse,url,1.0,23
app.bookteq.com,Woolmer Hill Sports Association,FacilityUse,attendeeInstructions,0.0,23
app.bookteq.com,Woolmer Hill Sports Association,FacilityUse,superEvent,0.0,23
app.bookteq.com,Woolmer Hill Sports Association,Slot,activity,0.0,1000
app.bookteq.com,Woolmer Hill Sports Association,Slot,category,0.0,1000
app.bookteq.com,Woolmer Hill Sports Association,Slot,organizer,0.0,1000
app.bookteq.com,Woolmer Hill Sports Association,Slot,offers,1.0,1000
app.bookteq.com,Woolmer Hill Sports Association,Slot,location,0.0,1000
app.bookteq.com,Woolmer Hill Sports Association,Slot,name,0.0,1000
app.bookteq.com,Woolmer Hill Sports Association,Slot,description,0.0,1000
app.bookteq.com,Woolmer Hill Sports Association,Slot,eventSchedule,0.0,1000
app.bookteq.com,Woolmer Hill Sports Association,Slot,ageRange,0.0,1000
app.bookteq.com,Woolmer Hill Sports Association,Slot,genderRestriction,0.0,1000
app.bookteq.com,Woolmer Hill Sports Association,Slot,level,0.0,1000
app.bookteq.com,Woolmer Hill Sports Association,Slot,url,0.0,1000
app.bookteq.com,Woolmer Hill Sports Association,Slot,attendeeInstructions,0.0,1000
app.bookteq.com,Woolmer Hill Sports Association,Slot,superEvent,0.0,1000
app.bookteq.com,Woolmer Hill Sports Association,Slot,activity,0.0,1000
app.bookteq.com,Woolmer Hill Sports Association,Slot,category,0.0,1000
app.bookteq.com,Woolmer Hill Sports Association,Slot,organizer,0.0,1000
app.bookteq.com,Woolmer Hill Sports Association,Slot,offers,1.0,1000
app.bookteq.com,Woolmer Hill Sports Association,Slot,location,0.0,1000
app.bookteq.com,Woolmer Hill Sports Association,Slot,name,0.0,1000
app.bookteq.com,Woolmer Hill Sports Association,Slot,description,0.0,1000
app.bookteq.com,Woolmer Hill Sports Association,Slot,eventSchedule,0.0,1000
app.bookteq.com,Woolmer Hill Sports Association,Slot,ageRange,0.0,1000
app.bookteq.com,Woolmer Hill Sports Association,Slot,genderRestriction,0.0,1000
app.bookteq.com,Woolmer Hill Sports Association,Slot,level,0.0,1000
app.bookteq.com,Woolmer Hill Sports Association,Slot,url,0.0,1000
app.bookteq.com,Woolmer Hill Sports Association,Slot,attendeeInstructions,0.0,1000
app.bookteq.com,Woolmer Hill Sports Association,Slot,superEvent,0.0,1000
app.bookteq.com,Wycliffe College,FacilityUse,activity,0.0,31
app.bookteq.com,Wycliffe College,FacilityUse,category,0.0,31
app.bookteq.com,Wycliffe College,FacilityUse,organizer,0.0,31
app.bookteq.com,Wycliffe College,FacilityUse,offers,0.0,31
app.bookteq.com,Wycliffe College,FacilityUse,location,1.0,31
app.bookteq.com,Wycliffe College,FacilityUse,name,1.0,31
app.bookteq.com,Wycliffe College,FacilityUse,description,0.0,31
app.bookteq.com,Wycliffe College,FacilityUse,eventSchedule,0.0,31
app.bookteq.com,Wycliffe College,FacilityUse,ageRange,0.0,31
app.bookteq.com,Wycliffe College,FacilityUse,genderRestriction,0.0,31
app.bookteq.com,Wycliffe College,FacilityUse,level,0.0,31
app.bookteq.com,Wycliffe College,FacilityUse,url,1.0,31
app.bookteq.com,Wycliffe College,FacilityUse,attendeeInstructions,0.0,31
app.bookteq.com,Wycliffe College,FacilityUse,superEvent,0.0,31
app.bookteq.com,Wycliffe College,Slot,activity,0.0,1000
app.bookteq.com,Wycliffe College,Slot,category,0.0,1000
app.bookteq.com,Wycliffe College,Slot,organizer,0.0,1000
app.bookteq.com,Wycliffe College,Slot,offers,1.0,1000
app.bookteq.com,Wycliffe College,Slot,location,0.0,1000
app.bookteq.com,Wycliffe College,Slot,name,0.0,1000
app.bookteq.com,Wycliffe College,Slot,description,0.0,1000
app.bookteq.com,Wycliffe College,Slot,eventSchedule,0.0,1000
app.bookteq.com,Wycliffe College,Slot,ageRange,0.0,1000
app.bookteq.com,Wycliffe College,Slot,genderRestriction,0.0,1000
app.bookteq.com,Wycliffe College,Slot,level,0.0,1000
app.bookteq.com,Wycliffe College,Slot,url,0.0,1000
app.bookteq.com,Wycliffe College,Slot,attendeeInstructions,0.0,1000
app.bookteq.com,Wycliffe College,Slot,superEvent,0.0,1000
app.bookteq.com,Wycliffe College,Slot,activity,0.0,1000
app.bookteq.com,Wycliffe College,Slot,category,0.0,1000
app.bookteq.com,Wycliffe College,Slot,organizer,0.0,1000
app.bookteq.com,Wycliffe College,Slot,offers,1.0,1000
app.bookteq.com,Wycliffe College,Slot,location,0.0,1000
app.bookteq.com,Wycliffe College,Slot,name,0.0,1000
app.bookteq.com,Wycliffe College,Slot,description,0.0,1000
app.bookteq.com,Wycliffe College,Slot,eventSchedule,0.0,1000
app.bookteq.com,Wycliffe College,Slot,ageRange,0.0,1000
app.bookteq.com,Wycliffe College,Slot,genderRestriction,0.0,1000
app.bookteq.com,Wycliffe College,Slot,level,0.0,1000
app.bookteq.com,Wycliffe College,Slot,url,0.0,1000
app.bookteq.com,Wycliffe College,Slot,attendeeInstructions,0.0,1000
app.bookteq.com,Wycliffe College,Slot,superEvent,0.0,1000
app.bookteq.com,Wymondham Town United FC,FacilityUse,activity,0.0,27
app.bookteq.com,Wymondham Town United FC,FacilityUse,category,0.0,27
app.bookteq.com,Wymondham Town United FC,FacilityUse,organizer,0.0,27
app.bookteq.com,Wymondham Town United FC,FacilityUse,offers,0.0,27
app.bookteq.com,Wymondham Town United FC,FacilityUse,location,1.0,27
app.bookteq.com,Wymondham Town United FC,FacilityUse,name,1.0,27
app.bookteq.com,Wymondham Town United FC,FacilityUse,description,0.0,27
app.bookteq.com,Wymondham Town United FC,FacilityUse,eventSchedule,0.0,27
app.bookteq.com,Wymondham Town United FC,FacilityUse,ageRange,0.0,27
app.bookteq.com,Wymondham Town United FC,FacilityUse,genderRestriction,0.0,27
app.bookteq.com,Wymondham Town United FC,FacilityUse,level,0.0,27
app.bookteq.com,Wymondham Town United FC,FacilityUse,url,1.0,27
app.bookteq.com,Wymondham Town United FC,FacilityUse,attendeeInstructions,0.0,27
app.bookteq.com,Wymondham Town United FC,FacilityUse,superEvent,0.0,27
app.bookteq.com,Wymondham Town United FC,Slot,activity,0.0,685
app.bookteq.com,Wymondham Town United FC,Slot,category,0.0,685
app.bookteq.com,Wymondham Town United FC,Slot,organizer,0.0,685
app.bookteq.com,Wymondham Town United FC,Slot,offers,1.0,685
app.bookteq.com,Wymondham Town United FC,Slot,location,0.0,685
app.bookteq.com,Wymondham Town United FC,Slot,name,0.0,685
app.bookteq.com,Wymondham Town United FC,Slot,description,0.0,685
app.bookteq.com,Wymondham Town United FC,Slot,eventSchedule,0.0,685
app.bookteq.com,Wymondham Town United FC,Slot,ageRange,0.0,685
app.bookteq.com,Wymondham Town United FC,Slot,genderRestriction,0.0,685
app.bookteq.com,Wymondham Town United FC,Slot,level,0.0,685
app.bookteq.com,Wymondham Town United FC,Slot,url,0.0,685
app.bookteq.com,Wymondham Town United FC,Slot,attendeeInstructions,0.0,685
app.bookteq.com,Wymondham Town United FC,Slot,superEvent,0.0,685
app.bookteq.com,Wymondham Town United FC,Slot,activity,0.0,599
app.bookteq.com,Wymondham Town United FC,Slot,category,0.0,599
app.bookteq.com,Wymondham Town United FC,Slot,organizer,0.0,599
app.bookteq.com,Wymondham Town United FC,Slot,offers,1.0,599
app.bookteq.com,Wymondham Town United FC,Slot,location,0.0,599
app.bookteq.com,Wymondham Town United FC,Slot,name,0.0,599
app.bookteq.com,Wymondham Town United FC,Slot,description,0.0,599
app.bookteq.com,Wymondham Town United FC,Slot,eventSchedule,0.0,599
app.bookteq.com,Wymondham Town United FC,Slot,ageRange,0.0,599
app.bookteq.com,Wymondham Town United FC,Slot,genderRestriction,0.0,599
app.bookteq.com,Wymondham Town United FC,Slot,level,0.0,599
app.bookteq.com,Wymondham Town United FC,Slot,url,0.0,599
app.bookteq.com,Wymondham Town United FC,Slot,attendeeInstructions,0.0,599
app.bookteq.com,Wymondham Town United FC,Slot,superEvent,0.0,599
