provider,provider_url,feed_type,feed_url,feed_id,resume_cursor
100% TO THE TOP CIC,https://topcic.bookteq.com/api/open-active/,facilityUse,https://topcic.bookteq.com/api/open-active/facility-uses,100-to-the-top-cic--facilityuse,https://topcic.bookteq.com/api/open-active/facility-uses?afterTimestamp=1769005762689790&afterId=c696fe58-bb01-4988-bf90-b1b518ba5952
Actihire,https://actihire.bookteq.com/api/open-active/,facilityUse,https://actihire.bookteq.com/api/open-active/facility-uses,actihire--facilityuse,https://actihire.bookteq.com/api/open-active/facility-uses?afterTimestamp=1784003913543217&afterId=37dbd8de-42d7-4c98-83d5-5b44b12f79cf
Active Hartlepool,https://activehartlepool.gs-signature.cloud/OpenActive/,facilityUse,https://opendata.leisurecloud.live/api/feeds/HartlepoolBoroughCouncil-live-facility-uses,active-hartlepool--facilityuse,https://opendata.leisurecloud.live/api/feeds/HartlepoolBoroughCouncil-live-facility-uses?afterTimestamp=5720720&afterId=HSACT0004
Active Leeds,https://activeleeds-oa.leisurecloud.net/OpenActive/,facilityUse,https://opendata.leisurecloud.live/api/feeds/ActiveLeeds-live-facility-uses,active-leeds--facilityuse,https://opendata.leisurecloud.live/api/feeds/ActiveLeeds-live-facility-uses?afterTimestamp=117885627&afterId=MIACT00011
Active Luton,https://activeluton-openactive.legendonlineservices.co.uk/openactive/,facilityUse,https://activeluton-openactive.legendonlineservices.co.uk/api/facility-uses,active-luton--facilityuse,
Active Tameside,https://tameside-openactive.legendonlineservices.co.uk/openactive/,facilityUse,https://tameside-openactive.legendonlineservices.co.uk/api/facility-uses,active-tameside--facilityuse,https://tameside-openactive.legendonlineservices.co.uk/api/facility-uses?afterTimestamp=3372307&afterId=703
activenottingham,https://activenottingham-openactive.legendonlineservices.co.uk/openactive/,facilityUse,https://activenottingham-openactive.legendonlineservices.co.uk/api/facility-uses,activenottingham--facilityuse,
aliveleisure,https://aliveleisure-openactive.legendonlineservices.co.uk/openactive/,facilityUse,https://aliveleisure-openactive.legendonlineservices.co.uk/api/facility-uses,aliveleisure--facilityuse,
ANGUSalive,https://angusalive-openactive.legendonlineservices.co.uk/openactive/,facilityUse,https://angusalive-openactive.legendonlineservices.co.uk/api/facility-uses,angusalive--facilityuse,https://angusalive-openactive.legendonlineservices.co.uk/api/facility-uses?afterTimestamp=0&afterId=0
Appleby Frodingham Sports Club,https://appleby.bookteq.com/api/open-active/,facilityUse,https://appleby.bookteq.com/api/open-active/facility-uses,appleby-frodingham-sports-club--facilityuse,https://appleby.bookteq.com/api/open-active/facility-uses?afterTimestamp=1784109047249267&afterId=504ac51c-759a-4a52-8e9c-6a636bcb4434
Ashmole Trust,https://ashmoletrust.bookteq.com/api/open-active/,facilityUse,https://ashmoletrust.bookteq.com/api/open-active/facility-uses,ashmole-trust--facilityuse,https://ashmoletrust.bookteq.com/api/open-active/facility-uses?afterTimestamp=1783936602069488&afterId=da7d6be2-c2b3-408d-9bda-9b06bdbfa2df
Awesome CIC,https://awesomecic.bookteq.com/api/open-active/,facilityUse,https://awesomecic.bookteq.com/api/open-active/facility-uses,awesome-cic--facilityuse,https://awesomecic.bookteq.com/api/open-active/facility-uses?afterTimestamp=1781772002885881&afterId=3ec89b06-c46b-4ca9-b05a-187e9645de2f
Bangor City Stadium,https://bangorcitystadium.bookteq.com/api/open-active/,facilityUse,https://bangorcitystadium.bookteq.com/api/open-active/facility-uses,bangor-city-stadium--facilityuse,https://bangorcitystadium.bookteq.com/api/open-active/facility-uses?afterTimestamp=1769004698070400&afterId=12da60eb-84a8-4478-bf4c-3c5d0aad9a8d
Barrow Park Leisure Centre,https://barrowcouncil-openactive.legendonlineservices.co.uk/openactive/,facilityUse,https://barrowcouncil-openactive.legendonlineservices.co.uk/api/facility-uses,barrow-park-leisure-centre--facilityuse,https://barrowcouncil-openactive.legendonlineservices.co.uk/api/facility-uses?afterTimestamp=717134&afterId=132
Basingstoke Wellbeing,https://basingstokewellbeing.bookteq.com/api/open-active/,facilityUse,https://basingstokewellbeing.bookteq.com/api/open-active/facility-uses,basingstoke-wellbeing--facilityuse,https://basingstokewellbeing.bookteq.com/api/open-active/facility-uses?afterTimestamp=1739446860985286&afterId=101318ac-aa3f-4e72-963c-65a6625469bb
Be Well - London Borough of Tower Hamlets,https://towerhamletscouncil.gs-signature.cloud/OpenActive/,facilityUse,https://opendata.leisurecloud.live/api/feeds/TowerHamletsCouncil-live-facility-uses,be-well-london-borough-of-tower-hamlets--facilityuse,https://opendata.leisurecloud.live/api/feeds/TowerHamletsCouncil-live-facility-uses?afterTimestamp=149980049&afterId=JACT000030
Bedford Town Football Club,https://bedfordtownfootballclub.bookteq.com/api/open-active/,facilityUse,https://bedfordtownfootballclub.bookteq.com/api/open-active/facility-uses,bedford-town-football-club--facilityuse,https://bedfordtownfootballclub.bookteq.com/api/open-active/facility-uses?afterTimestamp=1769004773837254&afterId=5d80ca27-573e-40e8-87c4-44584c366f77
Better,https://better-admin.org.uk/api/openactive/better,facilityUse,https://better-admin.org.uk/api/openactive/better/facility-uses,better--facilityuse,https://better-admin.org.uk/api/openactive/better/facility-uses?afterTimestamp=1782458715&afterId=activity_recurrence_group%3A8257
Birmingham City Council,https://bccleisure.gs-signature.cloud/OpenActive/,facilityUse,https://opendata.leisurecloud.live/api/feeds/BirminghamCityCouncil-live-facility-uses,birmingham-city-council--facilityuse,https://opendata.leisurecloud.live/api/feeds/BirminghamCityCouncil-live-facility-uses?afterTimestamp=33543621&afterId=SHACT00102
Bishop Challoner Sports Centre,https://bishopchallonersportscentre.bookteq.com/api/open-active/,facilityUse,https://bishopchallonersportscentre.bookteq.com/api/open-active/facility-uses,bishop-challoner-sports-centre--facilityuse,https://bishopchallonersportscentre.bookteq.com/api/open-active/facility-uses?afterTimestamp=1769004784495369&afterId=a912da12-078b-406a-83d5-514fce955f7a
Blue Flames Sporting Club Limited,https://blueflamessportingclublimited.bookteq.com/api/open-active/,facilityUse,https://blueflamessportingclublimited.bookteq.com/api/open-active/facility-uses,blue-flames-sporting-club-limited--facilityuse,https://blueflamessportingclublimited.bookteq.com/api/open-active/facility-uses?afterTimestamp=1769786965742897&afterId=d267686c-3d6e-4120-a22b-6ce5a15d4513
Bolder Academy,https://bolderacademy.bookteq.com/api/open-active/,facilityUse,https://bolderacademy.bookteq.com/api/open-active/facility-uses,bolder-academy--facilityuse,https://bolderacademy.bookteq.com/api/open-active/facility-uses?afterTimestamp=1784447959900356&afterId=ebed158d-665a-442c-8066-5af0ccd2817a
boltonarena,https://boltonarena-openactive.legendonlineservices.co.uk/openactive/,facilityUse,https://boltonarena-openactive.legendonlineservices.co.uk/api/facility-uses,boltonarena--facilityuse,
Brea Avalon LLP,https://ajnstadium.bookteq.com/api/open-active/,facilityUse,https://ajnstadium.bookteq.com/api/open-active/facility-uses,brea-avalon-llp--facilityuse,https://ajnstadium.bookteq.com/api/open-active/facility-uses?afterTimestamp=1772211709134942&afterId=4eb7d255-7665-446f-b00f-708bedaeb91f
bridportleisure,https://bridportleisure-openactive.legendonlineservices.co.uk/openactive/,facilityUse,https://bridportleisure-openactive.legendonlineservices.co.uk/api/facility-uses,bridportleisure--facilityuse,
Brimhams Active,https://brimhamsactive.gs-signature.cloud/OpenActive/,facilityUse,https://opendata.leisurecloud.live/api/feeds/BrimhamsActive-live-facility-uses,brimhams-active--facilityuse,https://opendata.leisurecloud.live/api/feeds/BrimhamsActive-live-facility-uses?afterTimestamp=86548230&afterId=NPACT00103
Broughton Town Council ,https://broughtontowncouncil.bookteq.com/api/open-active/,facilityUse,https://broughtontowncouncil.bookteq.com/api/open-active/facility-uses,broughton-town-council--facilityuse,https://broughtontowncouncil.bookteq.com/api/open-active/facility-uses?afterTimestamp=1783955540855463&afterId=3a1ffe5c-0569-4080-a31a-c8d56753fbb9
Brynteg School,https://bryntegschool.bookteq.com/api/open-active/,facilityUse,https://bryntegschool.bookteq.com/api/open-active/facility-uses,brynteg-school--facilityuse,https://bryntegschool.bookteq.com/api/open-active/facility-uses?afterTimestamp=1781000523871009&afterId=76aabd46-46ca-4a06-b09f-5b90e1229c3c
BwD Leisure,https://blackburnwithdarwen-openactive.legendonlineservices.co.uk/openactive/,facilityUse,https://blackburnwithdarwen-openactive.legendonlineservices.co.uk/api/facility-uses,bwd-leisure--facilityuse,
Castlepoint,https://castlepoint.gs-signature.cloud/OpenActive/,facilityUse,https://opendata.leisurecloud.live/api/feeds/Castlepoint-live-facility-uses,castlepoint--facilityuse,https://opendata.leisurecloud.live/api/feeds/Castlepoint-live-facility-uses?afterTimestamp=80368538&afterId=WMGENIRE1
celticleisure,https://celticleisure-openactive.legendonlineservices.co.uk/openactive/,facilityUse,https://celticleisure-openactive.legendonlineservices.co.uk/api/facility-uses,celticleisure--facilityuse,
Chauncy School,https://chauncyschool.bookteq.com/api/open-active/,facilityUse,https://chauncyschool.bookteq.com/api/open-active/facility-uses,chauncy-school--facilityuse,https://chauncyschool.bookteq.com/api/open-active/facility-uses?afterTimestamp=1772108108399389&afterId=643c7a81-f208-4c34-ae61-aea63f16fbe7
Chelmsford City Sports,https://chelmsfordcitysports.gs-signature.cloud/OpenActive/,facilityUse,https://opendata.leisurecloud.live/api/feeds/ChelmsfordCitySports-live-facility-uses,chelmsford-city-sports--facilityuse,https://opendata.leisurecloud.live/api/feeds/ChelmsfordCitySports-live-facility-uses?afterTimestamp=44726764&afterId=D1TO1SESSION
Chelmsford City Sports,https://chelmsfordcitysports.leisurecloud.net/OpenActive/,facilityUse,https://opendata.leisurecloud.live/api/feeds/ChelmsfordCitySports-live-facility-uses,chelmsford-city-sports--facilityuse,https://opendata.leisurecloud.live/api/feeds/ChelmsfordCitySports-live-facility-uses?afterTimestamp=44726764&afterId=D1TO1SESSION
Colchester Leisure World,https://leisureworldmembership.leisurecloud.net/OpenActive/,facilityUse,https://opendata.leisurecloud.live/api/feeds/ColchesterLeisureWorld-live-facility-uses,colchester-leisure-world--facilityuse,https://opendata.leisurecloud.live/api/feeds/ColchesterLeisureWorld-live-facility-uses?afterTimestamp=88186734&afterId=CACTINTROPT30
Conwy,https://conwy.gs-signature.cloud/OpenActive/,facilityUse,https://opendata.leisurecloud.live/api/feeds/Conwy-live-facility-uses,conwy--facilityuse,https://opendata.leisurecloud.live/api/feeds/Conwy-live-facility-uses?afterTimestamp=35550199&afterId=BIHSQ01
Coram's Fields,https://coramsfields.bookteq.com/api/open-active/,facilityUse,https://coramsfields.bookteq.com/api/open-active/facility-uses,coram-s-fields--facilityuse,https://coramsfieldsindoorspaces.bookteq.com/api/open-active/facility-uses?afterTimestamp=1781092488946393&afterId=748b7aa4-b315-498d-a128-70cf99d55763
Coram's Fields,https://coramsfieldsindoorspaces.bookteq.com/api/open-active/,facilityUse,https://coramsfieldsindoorspaces.bookteq.com/api/open-active/facility-uses,coram-s-fields--facilityuse,https://coramsfieldsindoorspaces.bookteq.com/api/open-active/facility-uses?afterTimestamp=1781092488946393&afterId=748b7aa4-b315-498d-a128-70cf99d55763
Courts Club,https://shikogroupltd.bookteq.com/api/open-active/,facilityUse,https://shikogroupltd.bookteq.com/api/open-active/facility-uses,courts-club--facilityuse,https://shikogroupltd.bookteq.com/api/open-active/facility-uses?afterTimestamp=1780939893635901&afterId=c7b43a4f-c4bb-49d2-a9f5-423079205f9a
Courtside Hubs CIC,https://api.premiertennis.co.uk/openactive,facilityUse,https://api.premiertennis.co.uk/openactive/feed/facility-uses,courtside-hubs-cic--facilityuse,https://api.premiertennis.co.uk/openactive/feed/facility-uses?afterTimestamp=1784101844&afterId=22
Danbury Parish Council,https://danburyparishcouncil.bookteq.com/api/open-active/,facilityUse,https://danburyparishcouncil.bookteq.com/api/open-active/facility-uses,danbury-parish-council--facilityuse,https://danburyparishcouncil.bookteq.com/api/open-active/facility-uses?afterTimestamp=1783676307921750&afterId=b3f7a7b0-60b4-4dce-a392-f21a94123b4c
Debdale Park Sports & Recreation Club,https://debdaleparksports.bookteq.com/api/open-active/,facilityUse,https://debdaleparksports.bookteq.com/api/open-active/facility-uses,debdale-park-sports-recreation-club--facilityuse,https://debdaleparksports.bookteq.com/api/open-active/facility-uses?afterTimestamp=1772140930242036&afterId=691a3b28-abd4-41e1-aa03-a145bcdd5037
Derby Active,https://derbyactive-openactive.legendonlineservices.co.uk/openactive/,facilityUse,https://derbyactive-openactive.legendonlineservices.co.uk/api/facility-uses,derby-active--facilityuse,https://derbyactive-openactive.legendonlineservices.co.uk/api/facility-uses?afterTimestamp=959495&afterId=382
Didcot Town Council,https://didcottowncouncil.bookteq.com/api/open-active/,facilityUse,https://didcottowncouncil.bookteq.com/api/open-active/facility-uses,didcot-town-council--facilityuse,https://didcottowncouncil.bookteq.com/api/open-active/facility-uses?afterTimestamp=1776358764101790&afterId=12cf996d-52ae-447d-bf44-ab5b4d95030a
Earlsdon Rugby Club,https://earlsdon.bookteq.com/api/open-active/,facilityUse,https://earlsdon.bookteq.com/api/open-active/facility-uses,earlsdon-rugby-club--facilityuse,https://earlsdon.bookteq.com/api/open-active/facility-uses?afterTimestamp=1725361882007679&afterId=bcb24fa4-5c39-4c77-a8e5-b09fa35a6866
East Midlands Academy Trust,https://eastmidlandsacademytrust.bookteq.com/api/open-active/,facilityUse,https://eastmidlandsacademytrust.bookteq.com/api/open-active/facility-uses,east-midlands-academy-trust--facilityuse,https://eastmidlandsacademytrust.bookteq.com/api/open-active/facility-uses?afterTimestamp=1778144396622913&afterId=0c34f9c7-e393-4723-8a8e-f9403d2a0edc
Eire Og GAA,https://eireoggaa.bookteq.com/api/open-active/,facilityUse,https://eireoggaa.bookteq.com/api/open-active/facility-uses,eire-og-gaa--facilityuse,https://eireoggaa.bookteq.com/api/open-active/facility-uses?afterTimestamp=1776021450348279&afterId=a6042e1f-7266-4e4e-a8e5-28a43b9d8ebd
Elgar Park Regional Hockey Association,https://elgarparkregionalhockeyassociation.bookteq.com/api/open-active/,facilityUse,https://elgarparkregionalhockeyassociation.bookteq.com/api/open-active/facility-uses,elgar-park-regional-hockey-association--facilityuse,https://elgarparkregionalhockeyassociation.bookteq.com/api/open-active/facility-uses?afterTimestamp=1774964853483103&afterId=815742c2-c4ec-412d-8993-1d59d438f4fa
Enfield Drill Hall Sports Club,https://enfielddrillhallsportsclub.bookteq.com/api/open-active/,facilityUse,https://enfielddrillhallsportsclub.bookteq.com/api/open-active/facility-uses,enfield-drill-hall-sports-club--facilityuse,https://enfielddrillhallsportsclub.bookteq.com/api/open-active/facility-uses?afterTimestamp=1773232517369013&afterId=17d7e831-850e-4cb9-95be-cfe18929e56b
Everyone Active,https://data.everyoneactive.com/OpenActive/,facilityUse,https://opendata.leisurecloud.live/api/feeds/EveryoneActive-live-facility-uses,everyone-active--facilityuse,https://opendata.leisurecloud.live/api/feeds/EveryoneActive-live-facility-uses?afterTimestamp=4820196883&afterId=105STENNIS
Featherstone Sports Centre Trust,https://featherstonesportscentre.bookteq.com/api/open-active/,facilityUse,https://featherstonesportscentre.bookteq.com/api/open-active/facility-uses,featherstone-sports-centre-trust--facilityuse,https://featherstonesportscentre.bookteq.com/api/open-active/facility-uses?afterTimestamp=1769005086995100&afterId=16270320-7f70-4e03-a0b6-e41c2a805409
Football 567,https://football567.bookteq.com/api/open-active/,facilityUse,https://football567.bookteq.com/api/open-active/facility-uses,football-567--facilityuse,https://football567.bookteq.com/api/open-active/facility-uses?afterTimestamp=1768233427326333&afterId=327f281a-90b9-41d0-bf2d-b802f44fcf39
Football Samurai Academy Limited ,https://footballsamuraiacademylimited.bookteq.com/api/open-active/,facilityUse,https://footballsamuraiacademylimited.bookteq.com/api/open-active/facility-uses,football-samurai-academy-limited--facilityuse,https://footballsamuraiacademylimited.bookteq.com/api/open-active/facility-uses?afterTimestamp=1778079857497158&afterId=e75b488f-7180-4a4d-b4e2-c94e1dd3db99
FZ 2024 Ltd,https://fz2024ltd.bookteq.com/api/open-active/,facilityUse,https://fz2024ltd.bookteq.com/api/open-active/facility-uses,fz-2024-ltd--facilityuse,https://fz2024ltd.bookteq.com/api/open-active/facility-uses?afterTimestamp=1783089610180853&afterId=0d4a2e08-b48c-4a00-8359-d4b264af55e3
gll,https://gll-openactive.legendonlineservices.co.uk/openactive/,facilityUse,https://gll-openactive.legendonlineservices.co.uk/api/facility-uses,gll--facilityuse,
gmcommunitylettings,https://gmcommunitylettings.bookteq.com/api/open-active/,facilityUse,https://gmcommunitylettings.bookteq.com/api/open-active/facility-uses,gmcommunitylettings--facilityuse,https://gmcommunitylettings.bookteq.com/api/open-active/facility-uses?afterTimestamp=1783339513126519&afterId=8294e333-c17f-4a4d-a2c0-921d0d9058c5
Gravesham Legend Sports Ltd,https://graveshamlegendsports.bookteq.com/api/open-active/,facilityUse,https://graveshamlegendsports.bookteq.com/api/open-active/facility-uses,gravesham-legend-sports-ltd--facilityuse,https://graveshamlegendsports.bookteq.com/api/open-active/facility-uses?afterTimestamp=1769005212709832&afterId=61458c14-03c3-4568-9fe8-b292d036982d
Halo,https://halo-openactive.legendonlineservices.co.uk/openactive/,facilityUse,https://halo-openactive.legendonlineservices.co.uk/api/facility-uses,halo--facilityuse,https://halo-openactive.legendonlineservices.co.uk/api/facility-uses?afterTimestamp=8619638&afterId=2036
Harborne Cricket Club,https://harbornecricketclub.bookteq.com/api/open-active/,facilityUse,https://harbornecricketclub.bookteq.com/api/open-active/facility-uses,harborne-cricket-club--facilityuse,https://harbornecricketclub.bookteq.com/api/open-active/facility-uses?afterTimestamp=1772718507205799&afterId=36c88323-5373-4a60-b343-32d20ff3c69d
Haringey Council,https://haringeycouncil.bookteq.com/api/open-active/,facilityUse,https://haringeycouncil.bookteq.com/api/open-active/facility-uses,haringey-council--facilityuse,https://haringeycouncil.bookteq.com/api/open-active/facility-uses?afterTimestamp=1781860397980158&afterId=7800e1a5-c0f8-4419-af5e-09197ccb3bdf
Harpur Hill Sports Centre CIC,https://harpurhillsportscentrecic.bookteq.com/api/open-active/,facilityUse,https://harpurhillsportscentrecic.bookteq.com/api/open-active/facility-uses,harpur-hill-sports-centre-cic--facilityuse,https://harpurhillsportscentrecic.bookteq.com/api/open-active/facility-uses?afterTimestamp=1774056116543274&afterId=c3f32b59-4747-4a3a-9d80-af312621805b
hcandl,https://hcandl-openactive.legendonlineservices.co.uk/openactive/,facilityUse,https://hcandl-openactive.legendonlineservices.co.uk/api/facility-uses,hcandl--facilityuse,
horizon,https://horizon-openactive.legendonlineservices.co.uk/openactive/,facilityUse,https://horizon-openactive.legendonlineservices.co.uk/api/facility-uses,horizon--facilityuse,
Huntingdonshire District Council,https://oneleisure.gs-signature.cloud/OpenActive/,facilityUse,https://opendata.leisurecloud.live/api/feeds/OneLeisure-live-facility-uses,huntingdonshire-district-council--facilityuse,https://opendata.leisurecloud.live/api/feeds/OneLeisure-live-facility-uses?afterTimestamp=82104918&afterId=S1011C
Hythe Cricket & Squash Club,https://hythecsc.bookteq.com/api/open-active/,facilityUse,https://hythecsc.bookteq.com/api/open-active/facility-uses,hythe-cricket-squash-club--facilityuse,https://hythecsc.bookteq.com/api/open-active/facility-uses?afterTimestamp=1769005298115559&afterId=716a8eb2-366d-4244-a848-2986d90f7b87
ID Verde Charnwood,https://idverdecharnwood.bookteq.com/api/open-active/,facilityUse,https://idverdecharnwood.bookteq.com/api/open-active/facility-uses,id-verde-charnwood--facilityuse,https://idverdecharnwood.bookteq.com/api/open-active/facility-uses?afterTimestamp=1769005309523583&afterId=718091cb-2e29-4da6-bd0a-300035eaa29a
JMO Sports Limited,https://jmosportslimited.bookteq.com/api/open-active/,facilityUse,https://jmosportslimited.bookteq.com/api/open-active/facility-uses,jmo-sports-limited--facilityuse,https://jmosportslimited.bookteq.com/api/open-active/facility-uses?afterTimestamp=1784197943887629&afterId=0820b475-e247-46ec-b956-1fe62a8c59b7
jubileehall,https://jubileehall-openactive.legendonlineservices.co.uk/openactive/,facilityUse,https://jubileehall-openactive.legendonlineservices.co.uk/api/facility-uses,jubileehall--facilityuse,
Kingsway Park High School,https://kingswayparkhighschool.bookteq.com/api/open-active/,facilityUse,https://kingswayparkhighschool.bookteq.com/api/open-active/facility-uses,kingsway-park-high-school--facilityuse,https://kingswayparkhighschool.bookteq.com/api/open-active/facility-uses?afterTimestamp=1778768839421127&afterId=6fd2a00c-aa08-4bcb-9ace-2dd6268c4f4b
Lampton Leisure,https://lamptonleisure.gs-signature.cloud/OpenActive/,facilityUse,https://opendata.leisurecloud.live/api/feeds/LamptonLeisure-live-facility-uses,lampton-leisure--facilityuse,https://opendata.leisurecloud.live/api/feeds/LamptonLeisure-live-facility-uses?afterTimestamp=71449260&afterId=FALTENNIS
lancaster,https://lancaster-openactive.legendonlineservices.co.uk/openactive/,facilityUse,https://lancaster-openactive.legendonlineservices.co.uk/api/facility-uses,lancaster--facilityuse,https://lancaster-openactive.legendonlineservices.co.uk/api/facility-uses?afterTimestamp=490349&afterId=481
Langley Grange Pool,https://langleygrange.bookteq.com/api/open-active/,facilityUse,https://langleygrange.bookteq.com/api/open-active/facility-uses,langley-grange-pool--facilityuse,https://langleygrange.bookteq.com/api/open-active/facility-uses?afterTimestamp=1781260027870032&afterId=666c03a8-6277-47d7-8318-ad00a169e546
Larkhall Sports Club,https://larkhallsportsclub.bookteq.com/api/open-active/,facilityUse,https://larkhallsportsclub.bookteq.com/api/open-active/facility-uses,larkhall-sports-club--facilityuse,https://larkhallsportsclub.bookteq.com/api/open-active/facility-uses?afterTimestamp=1772465515876486&afterId=c176aa73-b4b5-4fb0-bb54-f6bb8d443c00
LED Community Leisure Ltd,https://ledleisure.gs-signature.cloud/OpenActive/,facilityUse,https://opendata.leisurecloud.live/api/feeds/LEDCommunityLeisureLtd-live-facility-uses,led-community-leisure-ltd--facilityuse,https://opendata.leisurecloud.live/api/feeds/LEDCommunityLeisureLtd-live-facility-uses?afterTimestamp=10339271&afterId=DU40044
Leisure SK,https://leisuresk.leisurecloud.net/OpenActive/,facilityUse,https://opendata.leisurecloud.live/api/feeds/LeisureSK-live-facility-uses,leisure-sk--facilityuse,https://opendata.leisurecloud.live/api/feeds/LeisureSK-live-facility-uses?afterTimestamp=71970604&afterId=SKAFITSESH
leisurefocus,https://leisurefocus-openactive.legendonlineservices.co.uk/openactive/,facilityUse,https://leisurefocus-openactive.legendonlineservices.co.uk/api/facility-uses,leisurefocus--facilityuse,
Liberty Leisure,https://lleisure.gs-signature.cloud/OpenActive/,facilityUse,https://opendata.leisurecloud.live/api/feeds/LibertyLeisure-live-facility-uses,liberty-leisure--facilityuse,https://opendata.leisurecloud.live/api/feeds/LibertyLeisure-live-facility-uses?afterTimestamp=64589558&afterId=CHOSPH0010
lifeleisure,https://lifeleisure-openactive.legendonlineservices.co.uk/openactive/,facilityUse,https://lifeleisure-openactive.legendonlineservices.co.uk/api/facility-uses,lifeleisure--facilityuse,
lincsinspire,https://lincsinspire-openactive.legendonlineservices.co.uk/openactive/,facilityUse,https://lincsinspire-openactive.legendonlineservices.co.uk/api/facility-uses,lincsinspire--facilityuse,
London Borough of Ealing Council,https://ealingboroughcouncil.bookteq.com/api/open-active/,facilityUse,https://ealingboroughcouncil.bookteq.com/api/open-active/facility-uses,london-borough-of-ealing-council--facilityuse,https://ealingboroughcouncil.bookteq.com/api/open-active/facility-uses?afterTimestamp=1769005043025660&afterId=eac8d8b4-0750-405c-9cfd-15662799f02b
Loughborough University,https://loughboroughuniversity-openactive.legendonlineservices.co.uk/openactive/,facilityUse,https://loughboroughuniversity-openactive.legendonlineservices.co.uk/api/facility-uses,loughborough-university--facilityuse,
LRSO,https://lrso.bookteq.com/api/open-active/,facilityUse,https://lrso.bookteq.com/api/open-active/facility-uses,lrso--facilityuse,https://lrso.bookteq.com/api/open-active/facility-uses?afterTimestamp=1783432431885039&afterId=7e38b3db-7767-43f6-917a-5a529e968ab2
lsbuactive,https://lsbuactive-openactive.legendonlineservices.co.uk/openactive/,facilityUse,https://lsbuactive-openactive.legendonlineservices.co.uk/api/facility-uses,lsbuactive--facilityuse,https://lsbuactive-openactive.legendonlineservices.co.uk/api/facility-uses?afterTimestamp=62455&afterId=187
Manchester Communication Academy,https://manchestercommunicationacademy.bookteq.com/api/open-active/,facilityUse,https://manchestercommunicationacademy.bookteq.com/api/open-active/facility-uses,manchester-communication-academy--facilityuse,https://manchestercommunicationacademy.bookteq.com/api/open-active/facility-uses?afterTimestamp=1779278578519256&afterId=945ab566-18e1-4062-8190-731474709372
March was Town FC Estover CIC,https://marchtownfcestovercic.bookteq.com/api/open-active/,facilityUse,https://marchtownfcestovercic.bookteq.com/api/open-active/facility-uses,march-was-town-fc-estover-cic--facilityuse,https://marchtownfcestovercic.bookteq.com/api/open-active/facility-uses?afterTimestamp=1782465285852853&afterId=c0cbe845-3954-4594-97e2-cb24a2c5fc60
Mark Allen,https://fleetcc.bookteq.com/api/open-active/,facilityUse,https://fleetcc.bookteq.com/api/open-active/facility-uses,mark-allen--facilityuse,https://fleetcc.bookteq.com/api/open-active/facility-uses?afterTimestamp=1776361191611562&afterId=847a8c9c-7696-4910-a868-a266cafe82c9
Marston Moretaine Playing Fields,https://marstonmoretaine.bookteq.com/api/open-active/,facilityUse,https://marstonmoretaine.bookteq.com/api/open-active/facility-uses,marston-moretaine-playing-fields--facilityuse,https://marstonmoretaine.bookteq.com/api/open-active/facility-uses?afterTimestamp=1773571149744840&afterId=5fd47046-b46c-4a78-9544-19765f976830
Matthew Arnold Sports Centre,https://lifestylefitness.bookteq.com/api/open-active/,facilityUse,https://lifestylefitness.bookteq.com/api/open-active/facility-uses,matthew-arnold-sports-centre--facilityuse,https://lifestylefitness.bookteq.com/api/open-active/facility-uses?afterTimestamp=1784271948762609&afterId=1465aa26-08a2-4e20-9363-ee0827ee7852
NXT Level Sport & Education Ltd,https://nxtlevelsportandeducation.bookteq.com/api/open-active/,facilityUse,https://nxtlevelsportandeducation.bookteq.com/api/open-active/facility-uses,nxt-level-sport-education-ltd--facilityuse,https://nxtlevelsportandeducation.bookteq.com/api/open-active/facility-uses?afterTimestamp=1784206043050919&afterId=e5dcfc7b-f89a-4450-a1c3-59ff8f9eb431
Old Northamptonians Association,https://oldnorthamptonians.bookteq.com/api/open-active/,facilityUse,https://oldnorthamptonians.bookteq.com/api/open-active/facility-uses,old-northamptonians-association--facilityuse,https://oldnorthamptonians.bookteq.com/api/open-active/facility-uses?afterTimestamp=1779725863909936&afterId=6c861054-3e35-426e-9dd9-574b1a1101e9
Oldham Community Leisure,https://ocll.gs-signature.cloud/OpenActive/,facilityUse,https://opendata.leisurecloud.live/api/feeds/OldhamCommunityLeisure-live-facility-uses,oldham-community-leisure--facilityuse,https://opendata.leisurecloud.live/api/feeds/OldhamCommunityLeisure-live-facility-uses?afterTimestamp=12471326&afterId=OSCTEN
Orchard Learning Alliance,https://orchardlearningalliance.bookteq.com/api/open-active/,facilityUse,https://orchardlearningalliance.bookteq.com/api/open-active/facility-uses,orchard-learning-alliance--facilityuse,https://orchardlearningalliance.bookteq.com/api/open-active/facility-uses?afterTimestamp=1784285558528695&afterId=b55a6d67-0ba7-4595-ad03-aebd9c2d196a
Oxford University,https://oxforduniversity.leisurecloud.net/OpenActive/,facilityUse,https://opendata.leisurecloud.live/api/feeds/OxfordUniversity-live-facility-uses,oxford-university--facilityuse,https://opendata.leisurecloud.live/api/feeds/OxfordUniversity-live-facility-uses?afterTimestamp=86339596&afterId=ACTRFC0001
"Parkwood Leisure Ltd, its subsidiaries and partner organisations",https://leisurecentre-openactive.legendonlineservices.co.uk/openactive/,facilityUse,https://leisurecentre-openactive.legendonlineservices.co.uk/api/facility-uses,parkwood-leisure-ltd-its-subsidiaries-and-partner-organisations--facilityuse,
Pembrokeshire Leisure,https://connect.pembrokeshire.gov.uk/OpenActive/,facilityUse,https://opendata.leisurecloud.live/api/feeds/Pembrokeshire-live-facility-uses,pembrokeshire-leisure--facilityuse,https://opendata.leisurecloud.live/api/feeds/Pembrokeshire-live-facility-uses?afterTimestamp=246717772&afterId=S007
pentest,https://pentest-openactive.legendonlineservices.co.uk/openactive/,facilityUse,https://pentest-openactive.legendonlineservices.co.uk/api/facility-uses,pentest--facilityuse,
Places Leisure,https://placesleisure.gs-signature.cloud/OpenActive/,facilityUse,https://opendata.leisurecloud.live/api/feeds/PlacesLeisure-live-facility-uses,places-leisure--facilityuse,https://opendata.leisurecloud.live/api/feeds/PlacesLeisure-live-facility-uses?afterTimestamp=301030895&afterId=013A010211
Played,https://openactive.played.co/openactive/,facilityUse,https://openactive.played.co/feeds/facility-uses,played--facilityuse,https://openactive.played.co/feeds/facility-uses?afterChangeNumber=18700632
Playfinder,https://ajsports.bookteq.com/api/open-active/,facilityUse,https://ajsports.bookteq.com/api/open-active/facility-uses,playfinder--facilityuse,https://ajsports.bookteq.com/api/open-active/facility-uses
Plymouth Active,https://plymouthcouncil.gs-signature.cloud/OpenActive/,facilityUse,https://opendata.leisurecloud.live/api/feeds/PlymouthCouncil-live-facility-uses,plymouth-active--facilityuse,https://opendata.leisurecloud.live/api/feeds/PlymouthCouncil-live-facility-uses?afterTimestamp=122317621&afterId=PLCLIMBCASUAL
Pomphrey Hill Community Sports Association,https://pomphreyhill.bookteq.com/api/open-active/,facilityUse,https://pomphreyhill.bookteq.com/api/open-active/facility-uses,pomphrey-hill-community-sports-association--facilityuse,https://pomphreyhill.bookteq.com/api/open-active/facility-uses?afterTimestamp=1784546102835150&afterId=6738c168-bc85-4ac2-ae9b-83defecbcc2a
Precision Football Arena,https://precisionfootballarena.bookteq.com/api/open-active/,facilityUse,https://precisionfootballarena.bookteq.com/api/open-active/facility-uses,precision-football-arena--facilityuse,https://precisionfootballarena.bookteq.com/api/open-active/facility-uses?afterTimestamp=1781792739561037&afterId=fad07fff-6844-4478-b87a-d4d5949951e7
Prees Sports and Social Club,https://preessportsclub.bookteq.com/api/open-active/,facilityUse,https://preessportsclub.bookteq.com/api/open-active/facility-uses,prees-sports-and-social-club--facilityuse,https://preessportsclub.bookteq.com/api/open-active/facility-uses?afterTimestamp=1727340774816375&afterId=21689832-e0e4-4de2-bb42-4d85c636184f
Princes Park Youth Football Club,https://princesparkyouthfc.bookteq.com/api/open-active/,facilityUse,https://princesparkyouthfc.bookteq.com/api/open-active/facility-uses,princes-park-youth-football-club--facilityuse,https://princesparkyouthfc.bookteq.com/api/open-active/facility-uses?afterTimestamp=1768231340816281&afterId=2c4521a6-aa9f-4204-af77-72a5199aecf3
Priory Federation of Academies,https://prioryfederation.bookteq.com/api/open-active/,facilityUse,https://prioryfederation.bookteq.com/api/open-active/facility-uses,priory-federation-of-academies--facilityuse,https://prioryfederation.bookteq.com/api/open-active/facility-uses?afterTimestamp=1775375636894942&afterId=125f1773-f4fc-4be0-b8dd-ffe31718f1f5
QH Memorial Sports Ground - River Pitches,https://qhmemorialsportsground.bookteq.com/api/open-active/,facilityUse,https://qhmemorialsportsground.bookteq.com/api/open-active/facility-uses,qh-memorial-sports-ground-river-pitches--facilityuse,https://qhmemorialsportsground.bookteq.com/api/open-active/facility-uses?afterTimestamp=1784547384907088&afterId=5cc0b3a3-c30e-4651-89d9-5d2ad18b2a63
Reading Rugby Club,https://readingrugbyclub.bookteq.com/api/open-active/,facilityUse,https://readingrugbyclub.bookteq.com/api/open-active/facility-uses,reading-rugby-club--facilityuse,https://readingrugbyclub.bookteq.com/api/open-active/facility-uses?afterTimestamp=1769005560322441&afterId=459a64d5-bdac-423c-accb-3815418f1214
Redbridge Sports Centre,https://rslonline.leisurecloud.net/OpenActive/,facilityUse,https://opendata.leisurecloud.live/api/feeds/RedbridgeSportsCentre-live-facility-uses,redbridge-sports-centre--facilityuse,https://opendata.leisurecloud.live/api/feeds/RedbridgeSportsCentre-live-facility-uses?afterTimestamp=36519316&afterId=14055
Rivers Fitness,https://riversfitness.gs-signature.cloud/OpenActive/,facilityUse,https://opendata.leisurecloud.live/api/feeds/WychavonLeisure-live-facility-uses,rivers-fitness--facilityuse,https://opendata.leisurecloud.live/api/feeds/WychavonLeisure-live-facility-uses?afterTimestamp=75310574&afterId=DH20003
salfordcommunityleisure,https://salfordcommunityleisure-openactive.legendonlineservices.co.uk/openactive/,facilityUse,https://salfordcommunityleisure-openactive.legendonlineservices.co.uk/api/facility-uses,salfordcommunityleisure--facilityuse,
School Enterprises Ltd,https://schoolenterprises.bookteq.com/api/open-active/,facilityUse,https://schoolenterprises.bookteq.com/api/open-active/facility-uses,school-enterprises-ltd--facilityuse,https://schoolenterprises.bookteq.com/api/open-active/facility-uses?afterTimestamp=1784035043561070&afterId=983237b3-7d59-4e62-b5f6-854b2f7cb223
Serco Leisure,https://serco-openactive.legendonlineservices.co.uk/openactive/,facilityUse,https://serco-openactive.legendonlineservices.co.uk/api/facility-uses,serco-leisure--facilityuse,
Shirley High School,https://shirleyhighschool.bookteq.com/api/open-active/,facilityUse,https://shirleyhighschool.bookteq.com/api/open-active/facility-uses,shirley-high-school--facilityuse,https://shirleyhighschool.bookteq.com/api/open-active/facility-uses?afterTimestamp=1770802869726491&afterId=332a2909-889f-4894-9910-ae434b495f6d
SLL and InspireAll,https://sllandinspireall-openactive.legendonlineservices.co.uk/openactive/,facilityUse,https://sllandinspireall-openactive.legendonlineservices.co.uk/api/facility-uses,sll-and-inspireall--facilityuse,
Southwark Council,https://southwarkcouncil-oa.leisurecloud.net/OpenActive/,facilityUse,https://opendata.leisurecloud.live/api/feeds/SouthwarkCouncil-live-facility-uses,southwark-council--facilityuse,https://southwarkcouncil.bookteq.com/api/open-active/facility-uses?afterTimestamp=1768231363008851&afterId=bf891236-d13f-4681-aad1-24f98492f8f0
Southwark Council,https://southwarkcouncil.bookteq.com/api/open-active/,facilityUse,https://southwarkcouncil.bookteq.com/api/open-active/facility-uses,southwark-council--facilityuse,https://southwarkcouncil.bookteq.com/api/open-active/facility-uses?afterTimestamp=1768231363008851&afterId=bf891236-d13f-4681-aad1-24f98492f8f0
Spalding United Football Club,https://spaldingunitedfootballclub.bookteq.com/api/open-active/,facilityUse,https://spaldingunitedfootballclub.bookteq.com/api/open-active/facility-uses,spalding-united-football-club--facilityuse,https://spaldingunitedfootballclub.bookteq.com/api/open-active/facility-uses?afterTimestamp=1769005626978982&afterId=1ca09f4b-98d1-47bd-86eb-165befe966e1
Sports IQ LTD,https://sportsiq.bookteq.com/api/open-active/,facilityUse,https://sportsiq.bookteq.com/api/open-active/facility-uses,sports-iq-ltd--facilityuse,https://sportsiq.bookteq.com/api/open-active/facility-uses?afterTimestamp=1778008076770871&afterId=b5b7f656-adf0-41a5-a9ca-188ef72fc0c0
St Cuthbert Mayne School,https://stcuthbertmayneschool.bookteq.com/api/open-active/,facilityUse,https://stcuthbertmayneschool.bookteq.com/api/open-active/facility-uses,st-cuthbert-mayne-school--facilityuse,https://stcuthbertmayneschool.bookteq.com/api/open-active/facility-uses?afterTimestamp=1780668041349083&afterId=8575059c-07f5-42ff-be13-aa35044bf5d7
"St George's School, Harpenden",https://stgeorgesschool.bookteq.com/api/open-active/,facilityUse,https://stgeorgesschool.bookteq.com/api/open-active/facility-uses,st-george-s-school-harpenden--facilityuse,https://stgeorgesschool.bookteq.com/api/open-active/facility-uses?afterTimestamp=1762954686005198&afterId=3513ce0d-b2a0-4713-9cad-3243062f03ad
Stanley Primary School,https://stanleyprimaryschool.bookteq.com/api/open-active/,facilityUse,https://stanleyprimaryschool.bookteq.com/api/open-active/facility-uses,stanley-primary-school--facilityuse,https://stanleyprimaryschool.bookteq.com/api/open-active/facility-uses?afterTimestamp=1769005649091404&afterId=86cc4d3f-42ef-4c4e-9b89-11df673ebdef
Stowe Enterprises Ltd,https://stoweenterprisesltd.bookteq.com/api/open-active/,facilityUse,https://stoweenterprisesltd.bookteq.com/api/open-active/facility-uses,stowe-enterprises-ltd--facilityuse,https://stoweenterprisesltd.bookteq.com/api/open-active/facility-uses?afterTimestamp=1779887868706394&afterId=e9a4577f-f20a-49a2-8f57-530a116b9868
Strikers Indoor Football,https://strikersindoorsports.bookteq.com/api/open-active/,facilityUse,https://strikersindoorsports.bookteq.com/api/open-active/facility-uses,strikers-indoor-football--facilityuse,https://strikersindoorsports.bookteq.com/api/open-active/facility-uses?afterTimestamp=1767392230626241&afterId=80c63671-8a3c-480e-912f-b74dfbc0d736
strouddistrictcouncil,https://strouddistrictcouncil-openactive.legendonlineservices.co.uk/openactive/,facilityUse,https://strouddistrictcouncil-openactive.legendonlineservices.co.uk/api/facility-uses,strouddistrictcouncil--facilityuse,https://strouddistrictcouncil-openactive.legendonlineservices.co.uk/api/facility-uses?afterTimestamp=648635&afterId=138
Sunbury Cricket Club,https://sunburycricketclub.bookteq.com/api/open-active/,facilityUse,https://sunburycricketclub.bookteq.com/api/open-active/facility-uses,sunbury-cricket-club--facilityuse,https://sunburycricketclub.bookteq.com/api/open-active/facility-uses?afterTimestamp=1721325403725510&afterId=5a91dc7d-5e43-47fd-a5c9-5880e7f8cca4
Tendring Leisure,https://tendringcouncil-openactive.legendonlineservices.co.uk/openactive/,facilityUse,https://tendringcouncil-openactive.legendonlineservices.co.uk/api/facility-uses,tendring-leisure--facilityuse,https://tendringcouncil-openactive.legendonlineservices.co.uk/api/facility-uses?afterTimestamp=426181&afterId=104
The Black Prince Trust ,https://theblackprincetrust.bookteq.com/api/open-active/,facilityUse,https://theblackprincetrust.bookteq.com/api/open-active/facility-uses,the-black-prince-trust--facilityuse,https://theblackprincetrust.bookteq.com/api/open-active/facility-uses?afterTimestamp=1775048533488112&afterId=23d4377e-c447-4d2c-8888-8af88e0d5897
The Downside Settlement,https://thedownsidesettlement.bookteq.com/api/open-active/,facilityUse,https://thedownsidesettlement.bookteq.com/api/open-active/facility-uses,the-downside-settlement--facilityuse,https://thedownsidesettlement.bookteq.com/api/open-active/facility-uses?afterTimestamp=1777473299005011&afterId=3989abad-a322-4559-b961-2336a9eee1cb
The Hub - Rise Community,https://risecommunitycic.bookteq.com/api/open-active/,facilityUse,https://risecommunitycic.bookteq.com/api/open-active/facility-uses,the-hub-rise-community--facilityuse,https://risecommunitycic.bookteq.com/api/open-active/facility-uses?afterTimestamp=1769005566542052&afterId=160a70d7-a7bf-4336-8838-3a914e4fa934
The Sports Warehouse (Flint) LTD,https://thesportswarehouseltd.bookteq.com/api/open-active/,facilityUse,https://thesportswarehouseltd.bookteq.com/api/open-active/facility-uses,the-sports-warehouse-flint-ltd--facilityuse,https://thesportswarehouseltd.bookteq.com/api/open-active/facility-uses?afterTimestamp=1778586674250995&afterId=8b576e1a-74f1-4e77-8d8d-dcbd6533d84e
The Woodroffe School,https://thewoodroffeschool.bookteq.com/api/open-active/,facilityUse,https://thewoodroffeschool.bookteq.com/api/open-active/facility-uses,the-woodroffe-school--facilityuse,https://thewoodroffeschool.bookteq.com/api/open-active/facility-uses?afterTimestamp=1769005746761401&afterId=d99c7857-6670-4123-8b39-1c2aed8d6def
Tonbridge and Malling Leisure Trust,https://tma.gs-signature.cloud/OpenActive/,facilityUse,https://opendata.leisurecloud.live/api/feeds/tma-live-facility-uses,tonbridge-and-malling-leisure-trust--facilityuse,https://opendata.leisurecloud.live/api/feeds/tma-live-facility-uses?afterTimestamp=0&afterId=
Trafford Community Leisure Trust,https://traffordleisure.leisurecloud.net/OpenActive/,facilityUse,https://opendata.leisurecloud.live/api/feeds/TraffordCommunityLeisureTrust-live-facility-uses,trafford-community-leisure-trust--facilityuse,https://opendata.leisurecloud.live/api/feeds/TraffordCommunityLeisureTrust-live-facility-uses?afterTimestamp=124833229&afterId=U5ASIDESPHALL50
University of Bristol,https://universityofbristol-openactive.legendonlineservices.co.uk/openactive/,facilityUse,https://universityofbristol-openactive.legendonlineservices.co.uk/api/facility-uses,university-of-bristol--facilityuse,https://universityofbristol-openactive.legendonlineservices.co.uk/api/facility-uses?afterTimestamp=1458010&afterId=1108
Vision Redbridge,https://visionredbridge.gs-signature.cloud/OpenActive/,facilityUse,https://opendata.leisurecloud.live/api/feeds/VisionRedbridge-live-facility-uses,vision-redbridge--facilityuse,https://opendata.leisurecloud.live/api/feeds/VisionRedbridge-live-facility-uses?afterTimestamp=0&afterId=
Waltham Forest Council,https://walthamforestcouncil.bookteq.com/api/open-active/,facilityUse,https://walthamforestcouncil.bookteq.com/api/open-active/facility-uses,waltham-forest-council--facilityuse,https://walthamforestcouncil.bookteq.com/api/open-active/facility-uses?afterTimestamp=1783940324049761&afterId=e35b21d9-1ad1-4a13-8ce1-ba748ad378e9
Wasps FC - Rugby in West London,https://waspsfootballclub.bookteq.com/api/open-active/,facilityUse,https://waspsfootballclub.bookteq.com/api/open-active/facility-uses,wasps-fc-rugby-in-west-london--facilityuse,https://waspsfootballclub.bookteq.com/api/open-active/facility-uses?afterTimestamp=1686307409163329&afterId=592d41b5-7914-4a50-a9f1-62abcb0a3b42
Water Lilies Swimming School Ltd,https://waterliliesswimmingschool.bookteq.com/api/open-active/,facilityUse,https://waterliliesswimmingschool.bookteq.com/api/open-active/facility-uses,water-lilies-swimming-school-ltd--facilityuse,https://waterliliesswimmingschool.bookteq.com/api/open-active/facility-uses?afterTimestamp=1784548615181686&afterId=64e0269f-854d-4743-889a-0fa2a03eb5cf
Wellington College,https://wellingtonclub.gs-signature.cloud/OpenActive/,facilityUse,https://opendata.leisurecloud.live/api/feeds/WellingtonCollege-live-facility-uses,wellington-college--facilityuse,https://opendata.leisurecloud.live/api/feeds/WellingtonCollege-live-facility-uses?afterTimestamp=42078977&afterId=TENNIS1-6
Wells Cathedral School,https://wellscathedral.bookteq.com/api/open-active/,facilityUse,https://wellscathedral.bookteq.com/api/open-active/facility-uses,wells-cathedral-school--facilityuse,https://wellscathedral.bookteq.com/api/open-active/facility-uses?afterTimestamp=1769005805816278&afterId=475f6314-ca9b-4e1c-87e9-f0e088bbc34f
West Heath Primary School,https://westheathprimaryschool.bookteq.com/api/open-active/,facilityUse,https://westheathprimaryschool.bookteq.com/api/open-active/facility-uses,west-heath-primary-school--facilityuse,https://westheathprimaryschool.bookteq.com/api/open-active/facility-uses?afterTimestamp=1747920283442775&afterId=5f0687df-7950-4246-bcd6-be6f2971071e
West Wight Sports and Community,https://westwight.gs-signature.cloud/OpenActive/,facilityUse,https://opendata.leisurecloud.live/api/feeds/WestWightSportsandCommunity-live-facility-uses,west-wight-sports-and-community--facilityuse,https://opendata.leisurecloud.live/api/feeds/WestWightSportsandCommunity-live-facility-uses?afterTimestamp=7723955&afterId=ACT0000127
Wigan Leisure and Culture Trust,https://bewellwigan.gs-signature.cloud/OpenActive/,facilityUse,https://opendata.leisurecloud.live/api/feeds/WiganLeisureandCultureTrust-live-facility-uses,wigan-leisure-and-culture-trust--facilityuse,https://opendata.leisurecloud.live/api/feeds/WiganLeisureandCultureTrust-live-facility-uses?afterTimestamp=63739687&afterId=HLCZTOU002
Woolmer Hill Sports Association,https://woolmerhillsportspark.bookteq.com/api/open-active/,facilityUse,https://woolmerhillsportspark.bookteq.com/api/open-active/facility-uses,woolmer-hill-sports-association--facilityuse,https://woolmerhillsportspark.bookteq.com/api/open-active/facility-uses?afterTimestamp=1775122007693847&afterId=7b0ca0e2-950e-469e-afe6-e26b84b19b8c
WV Active,https://wvactive.leisurecloud.net/OpenActive/,facilityUse,https://opendata.leisurecloud.live/api/feeds/WVActive-live-facility-uses,wv-active--facilityuse,https://opendata.leisurecloud.live/api/feeds/WVActive-live-facility-uses?afterTimestamp=54626489&afterId=BTOUR
Wycliffe College,https://wycliffecollege.bookteq.com/api/open-active/,facilityUse,https://wycliffecollege.bookteq.com/api/open-active/facility-uses,wycliffe-college--facilityuse,https://wycliffecollege.bookteq.com/api/open-active/facility-uses?afterTimestamp=1777980700500270&afterId=554b2b25-1bc1-4942-8bdf-c7fd689f9575
Wymondham Town United FC,https://wymondhamtownunitedfc.bookteq.com/api/open-active/,facilityUse,https://wymondhamtownunitedfc.bookteq.com/api/open-active/facility-uses,wymondham-town-united-fc--facilityuse,https://wymondhamtownunitedfc.bookteq.com/api/open-active/facility-uses?afterTimestamp=1783242845403797&afterId=02fe5474-f1f4-4acc-9554-83595308c7f5
Your Leisure,https://yourleisure.gs-signature.cloud/OpenActive/,facilityUse,https://opendata.leisurecloud.live/api/feeds/YourLeisure-live-facility-uses,your-leisure--facilityuse,https://opendata.leisurecloud.live/api/feeds/YourLeisure-live-facility-uses?afterTimestamp=37631481&afterId=FSDHWB2024
100% TO THE TOP CIC,https://topcic.bookteq.com/api/open-active/,slot,https://topcic.bookteq.com/api/open-active/slots,100-to-the-top-cic--slot,https://topcic.bookteq.com/api/open-active/slots?afterTimestamp=1784548460604561&afterId=fc014a97-30c8-54ba-88f4-841f4b51b160
Actihire,https://actihire.bookteq.com/api/open-active/,slot,https://actihire.bookteq.com/api/open-active/slots,actihire--slot,https://actihire.bookteq.com/api/open-active/slots?afterTimestamp=1784549254051456&afterId=9e29bf1e-ba60-5844-bf69-b949da93ef04
Active Hartlepool,https://activehartlepool.gs-signature.cloud/OpenActive/,slot,https://opendata.leisurecloud.live/api/feeds/HartlepoolBoroughCouncil-live-slots,active-hartlepool--slot,https://opendata.leisurecloud.live/api/feeds/HartlepoolBoroughCouncil-live-slots?afterTimestamp=0&afterId=
Active Leeds,https://activeleeds-oa.leisurecloud.net/OpenActive/,slot,https://opendata.leisurecloud.live/api/feeds/ActiveLeeds-live-slots,active-leeds--slot,https://opendata.leisurecloud.live/api/feeds/ActiveLeeds-live-slots?afterTimestamp=118975306&afterId=MIACT00003_2026-07-22T11-00-00
Active Luton,https://activeluton-openactive.legendonlineservices.co.uk/openactive/,slot,https://activeluton-openactive.legendonlineservices.co.uk/api/facility-uses/events,active-luton--slot,
Active Tameside,https://tameside-openactive.legendonlineservices.co.uk/openactive/,slot,https://tameside-openactive.legendonlineservices.co.uk/api/facility-uses/events,active-tameside--slot,
activenottingham,https://activenottingham-openactive.legendonlineservices.co.uk/openactive/,slot,https://activenottingham-openactive.legendonlineservices.co.uk/api/facility-uses/events,activenottingham--slot,
aliveleisure,https://aliveleisure-openactive.legendonlineservices.co.uk/openactive/,slot,https://aliveleisure-openactive.legendonlineservices.co.uk/api/facility-uses/events,aliveleisure--slot,
ANGUSalive,https://angusalive-openactive.legendonlineservices.co.uk/openactive/,slot,https://angusalive-openactive.legendonlineservices.co.uk/api/facility-uses/events,angusalive--slot,
Appleby Frodingham Sports Club,https://appleby.bookteq.com/api/open-active/,slot,https://appleby.bookteq.com/api/open-active/slots,appleby-frodingham-sports-club--slot,https://appleby.bookteq.com/api/open-active/slots?afterTimestamp=1784549017263380&afterId=e4ef17ac-9f36-588a-9f21-ff500d46d3af
Ashmole Trust,https://ashmoletrust.bookteq.com/api/open-active/,slot,https://ashmoletrust.bookteq.com/api/open-active/slots,ashmole-trust--slot,https://ashmoletrust.bookteq.com/api/open-active/slots?afterTimestamp=1784549091516210&afterId=fef4b43f-db7f-502a-9263-ced591a4438d
Awesome CIC,https://awesomecic.bookteq.com/api/open-active/,slot,https://awesomecic.bookteq.com/api/open-active/slots,awesome-cic--slot,https://awesomecic.bookteq.com/api/open-active/slots?afterTimestamp=1784549055023255&afterId=d101cda2-acbd-5bf4-befc-b5bdc4be9b34
Bangor City Stadium,https://bangorcitystadium.bookteq.com/api/open-active/,slot,https://bangorcitystadium.bookteq.com/api/open-active/slots,bangor-city-stadium--slot,https://bangorcitystadium.bookteq.com/api/open-active/slots?afterTimestamp=1784549035850404&afterId=fa0ffe7a-4d47-5662-90f9-16ac67a602b2
Barrow Park Leisure Centre,https://barrowcouncil-openactive.legendonlineservices.co.uk/openactive/,slot,https://barrowcouncil-openactive.legendonlineservices.co.uk/api/facility-uses/events,barrow-park-leisure-centre--slot,
Basingstoke Wellbeing,https://basingstokewellbeing.bookteq.com/api/open-active/,slot,https://basingstokewellbeing.bookteq.com/api/open-active/slots,basingstoke-wellbeing--slot,https://basingstokewellbeing.bookteq.com/api/open-active/slots
Be Well - London Borough of Tower Hamlets,https://towerhamletscouncil.gs-signature.cloud/OpenActive/,slot,https://opendata.leisurecloud.live/api/feeds/TowerHamletsCouncil-live-slots,be-well-london-borough-of-tower-hamlets--slot,https://opendata.leisurecloud.live/api/feeds/TowerHamletsCouncil-live-slots?afterTimestamp=152309521&afterId=MACT000034_2026-07-25T11-00-00
Bedford Town Football Club,https://bedfordtownfootballclub.bookteq.com/api/open-active/,slot,https://bedfordtownfootballclub.bookteq.com/api/open-active/slots,bedford-town-football-club--slot,https://bedfordtownfootballclub.bookteq.com/api/open-active/slots?afterTimestamp=1784549054592995&afterId=effab29a-5245-5f1d-8e74-26a35f22ba89
Better,https://better-admin.org.uk/api/openactive/better,slot,https://better-admin.org.uk/api/openactive/better/slots,better--slot,https://better-admin.org.uk/api/openactive/better/slots?afterTimestamp=1784543714&afterId=activity%3A92824638
Birmingham City Council,https://bccleisure.gs-signature.cloud/OpenActive/,slot,https://opendata.leisurecloud.live/api/feeds/BirminghamCityCouncil-live-slots,birmingham-city-council--slot,https://opendata.leisurecloud.live/api/feeds/BirminghamCityCouncil-live-slots?afterTimestamp=42194902&afterId=HWACT00001_2026-07-20T15-00-00
Bishop Challoner Sports Centre,https://bishopchallonersportscentre.bookteq.com/api/open-active/,slot,https://bishopchallonersportscentre.bookteq.com/api/open-active/slots,bishop-challoner-sports-centre--slot,https://bishopchallonersportscentre.bookteq.com/api/open-active/slots?afterTimestamp=1784549656092495&afterId=f0ce5dcc-7555-5f87-a189-be28b6e0a6a3
Blue Flames Sporting Club Limited,https://blueflamessportingclublimited.bookteq.com/api/open-active/,slot,https://blueflamessportingclublimited.bookteq.com/api/open-active/slots,blue-flames-sporting-club-limited--slot,https://blueflamessportingclublimited.bookteq.com/api/open-active/slots?afterTimestamp=1784549972181178&afterId=af27cc12-2f05-5aa4-8b0e-11cd2b7f87e0
Bolder Academy,https://bolderacademy.bookteq.com/api/open-active/,slot,https://bolderacademy.bookteq.com/api/open-active/slots,bolder-academy--slot,https://bolderacademy.bookteq.com/api/open-active/slots?afterTimestamp=1784549646231715&afterId=edfc2517-2549-5c39-b36c-936740f88077
boltonarena,https://boltonarena-openactive.legendonlineservices.co.uk/openactive/,slot,https://boltonarena-openactive.legendonlineservices.co.uk/api/facility-uses/events,boltonarena--slot,
Brea Avalon LLP,https://ajnstadium.bookteq.com/api/open-active/,slot,https://ajnstadium.bookteq.com/api/open-active/slots,brea-avalon-llp--slot,https://ajnstadium.bookteq.com/api/open-active/slots?afterTimestamp=1784549666009204&afterId=f8f1b036-f430-5b0c-a992-c0d9641443ec
bridportleisure,https://bridportleisure-openactive.legendonlineservices.co.uk/openactive/,slot,https://bridportleisure-openactive.legendonlineservices.co.uk/api/facility-uses/events,bridportleisure--slot,
Brimhams Active,https://brimhamsactive.gs-signature.cloud/OpenActive/,slot,https://opendata.leisurecloud.live/api/feeds/BrimhamsActive-live-slots,brimhams-active--slot,
Broughton Town Council ,https://broughtontowncouncil.bookteq.com/api/open-active/,slot,https://broughtontowncouncil.bookteq.com/api/open-active/slots,broughton-town-council--slot,https://broughtontowncouncil.bookteq.com/api/open-active/slots?afterTimestamp=1784549644120368&afterId=f11fa06d-c482-51be-9ccb-a67f87c52167
Brynteg School,https://bryntegschool.bookteq.com/api/open-active/,slot,https://bryntegschool.bookteq.com/api/open-active/slots,brynteg-school--slot,https://bryntegschool.bookteq.com/api/open-active/slots?afterTimestamp=1784549633340801&afterId=fc79f17e-5425-5336-99cf-320d5518733e
BwD Leisure,https://blackburnwithdarwen-openactive.legendonlineservices.co.uk/openactive/,slot,https://blackburnwithdarwen-openactive.legendonlineservices.co.uk/api/facility-uses/events,bwd-leisure--slot,
Castlepoint,https://castlepoint.gs-signature.cloud/OpenActive/,slot,https://opendata.leisurecloud.live/api/feeds/Castlepoint-live-slots,castlepoint--slot,https://opendata.leisurecloud.live/api/feeds/Castlepoint-live-slots?afterTimestamp=110522900&afterId=WMGENIRE6_2026-07-20T15-30-00
celticleisure,https://celticleisure-openactive.legendonlineservices.co.uk/openactive/,slot,https://celticleisure-openactive.legendonlineservices.co.uk/api/facility-uses/events,celticleisure--slot,https://celticleisure-openactive.legendonlineservices.co.uk/api/facility-uses/events?afterTimestamp=0&afterId=0
Chauncy School,https://chauncyschool.bookteq.com/api/open-active/,slot,https://chauncyschool.bookteq.com/api/open-active/slots,chauncy-school--slot,https://chauncyschool.bookteq.com/api/open-active/slots?afterTimestamp=1784549617874038&afterId=fa8fe53d-46c3-5ff0-a70a-7989652b1ca9
Chelmsford City Sports,https://chelmsfordcitysports.gs-signature.cloud/OpenActive/,slot,https://opendata.leisurecloud.live/api/feeds/ChelmsfordCitySports-live-slots,chelmsford-city-sports--slot,https://opendata.leisurecloud.live/api/feeds/ChelmsfordCitySports-live-slots?afterTimestamp=45148824&afterId=DSQUASH1_2026-07-20T17-40-00
Chelmsford City Sports,https://chelmsfordcitysports.leisurecloud.net/OpenActive/,slot,https://opendata.leisurecloud.live/api/feeds/ChelmsfordCitySports-live-slots,chelmsford-city-sports--slot,https://opendata.leisurecloud.live/api/feeds/ChelmsfordCitySports-live-slots?afterTimestamp=45148824&afterId=DSQUASH1_2026-07-20T17-40-00
Colchester Leisure World,https://leisureworldmembership.leisurecloud.net/OpenActive/,slot,https://opendata.leisurecloud.live/api/feeds/ColchesterLeisureWorld-live-slots,colchester-leisure-world--slot,https://opendata.leisurecloud.live/api/feeds/ColchesterLeisureWorld-live-slots?afterTimestamp=91553212&afterId=NPICKLETBALL_2026-07-20T21-00-00
Conwy,https://conwy.gs-signature.cloud/OpenActive/,slot,https://opendata.leisurecloud.live/api/feeds/Conwy-live-slots,conwy--slot,https://opendata.leisurecloud.live/api/feeds/Conwy-live-slots?afterTimestamp=42028272&afterId=TIHTN20_2026-07-20T14-00-00
Coram's Fields,https://coramsfields.bookteq.com/api/open-active/,slot,https://coramsfields.bookteq.com/api/open-active/slots,coram-s-fields--slot,https://coramsfieldsindoorspaces.bookteq.com/api/open-active/slots?afterTimestamp=1784549635706820&afterId=d6a8d079-3631-5dcd-b15d-4bdfd01ad2f0
Coram's Fields,https://coramsfieldsindoorspaces.bookteq.com/api/open-active/,slot,https://coramsfieldsindoorspaces.bookteq.com/api/open-active/slots,coram-s-fields--slot,https://coramsfieldsindoorspaces.bookteq.com/api/open-active/slots?afterTimestamp=1784549635706820&afterId=d6a8d079-3631-5dcd-b15d-4bdfd01ad2f0
Courts Club,https://shikogroupltd.bookteq.com/api/open-active/,slot,https://shikogroupltd.bookteq.com/api/open-active/slots,courts-club--slot,https://shikogroupltd.bookteq.com/api/open-active/slots?afterTimestamp=1784549644043990&afterId=ee90bb4f-9770-5629-a30a-7a1322a09289
Courtside Hubs CIC,https://api.premiertennis.co.uk/openactive,slot,https://api.premiertennis.co.uk/openactive/feed/individual-facility-use-slots,courtside-hubs-cic--slot,https://api.premiertennis.co.uk/openactive/feed/individual-facility-use-slots?afterTimestamp=1784550294&afterId=2206268
Danbury Parish Council,https://danburyparishcouncil.bookteq.com/api/open-active/,slot,https://danburyparishcouncil.bookteq.com/api/open-active/slots,danbury-parish-council--slot,https://danburyparishcouncil.bookteq.com/api/open-active/slots?afterTimestamp=1784550221549204&afterId=fdf8868c-6eca-5394-baa3-bf22512e8850
Debdale Park Sports & Recreation Club,https://debdaleparksports.bookteq.com/api/open-active/,slot,https://debdaleparksports.bookteq.com/api/open-active/slots,debdale-park-sports-recreation-club--slot,https://debdaleparksports.bookteq.com/api/open-active/slots?afterTimestamp=1784550227670359&afterId=f0779840-e0ec-503e-b676-1a15d2e54849
Derby Active,https://derbyactive-openactive.legendonlineservices.co.uk/openactive/,slot,https://derbyactive-openactive.legendonlineservices.co.uk/api/facility-uses/events,derby-active--slot,
Didcot Town Council,https://didcottowncouncil.bookteq.com/api/open-active/,slot,https://didcottowncouncil.bookteq.com/api/open-active/slots,didcot-town-council--slot,https://didcottowncouncil.bookteq.com/api/open-active/slots?afterTimestamp=1784550268843977&afterId=fd7c915b-6218-59c8-9aa0-a9dd23e968b0
Earlsdon Rugby Club,https://earlsdon.bookteq.com/api/open-active/,slot,https://earlsdon.bookteq.com/api/open-active/slots,earlsdon-rugby-club--slot,https://earlsdon.bookteq.com/api/open-active/slots?afterTimestamp=1784550231785911&afterId=d3ad32cd-7e4e-5b49-9cd8-5e5230e59ed3
East Midlands Academy Trust,https://eastmidlandsacademytrust.bookteq.com/api/open-active/,slot,https://eastmidlandsacademytrust.bookteq.com/api/open-active/slots,east-midlands-academy-trust--slot,https://eastmidlandsacademytrust.bookteq.com/api/open-active/slots?afterTimestamp=1784550250903889&afterId=f499e5c3-a264-5f21-89fd-14bd264aff97
Eire Og GAA,https://eireoggaa.bookteq.com/api/open-active/,slot,https://eireoggaa.bookteq.com/api/open-active/slots,eire-og-gaa--slot,https://eireoggaa.bookteq.com/api/open-active/slots?afterTimestamp=1784550245751339&afterId=f2a1f1e1-5d43-54b2-8fe1-bc6bc6d2cc7f
Elgar Park Regional Hockey Association,https://elgarparkregionalhockeyassociation.bookteq.com/api/open-active/,slot,https://elgarparkregionalhockeyassociation.bookteq.com/api/open-active/slots,elgar-park-regional-hockey-association--slot,https://elgarparkregionalhockeyassociation.bookteq.com/api/open-active/slots?afterTimestamp=1784550276714527&afterId=f1f8f750-2904-54e5-91a2-d682e379a5e1
Enfield Drill Hall Sports Club,https://enfielddrillhallsportsclub.bookteq.com/api/open-active/,slot,https://enfielddrillhallsportsclub.bookteq.com/api/open-active/slots,enfield-drill-hall-sports-club--slot,https://enfielddrillhallsportsclub.bookteq.com/api/open-active/slots?afterTimestamp=1784550263342812&afterId=f558cd69-89b5-5f2f-a3e0-53306c6056c7
Everyone Active,https://data.everyoneactive.com/OpenActive/,slot,https://opendata.leisurecloud.live/api/feeds/EveryoneActive-live-slots,everyone-active--slot,https://opendata.leisurecloud.live/api/feeds/EveryoneActive-live-slots?afterTimestamp=0&afterId=
Featherstone Sports Centre Trust,https://featherstonesportscentre.bookteq.com/api/open-active/,slot,https://featherstonesportscentre.bookteq.com/api/open-active/slots,featherstone-sports-centre-trust--slot,https://featherstonesportscentre.bookteq.com/api/open-active/slots?afterTimestamp=1784550226648261&afterId=e92f7a2a-aa6b-5ae5-b7da-68657a48b132
Football 567,https://football567.bookteq.com/api/open-active/,slot,https://football567.bookteq.com/api/open-active/slots,football-567--slot,https://football567.bookteq.com/api/open-active/slots?afterTimestamp=1784550253901055&afterId=42161034-0323-5b95-97ef-3eb617719b8c
Football Samurai Academy Limited ,https://footballsamuraiacademylimited.bookteq.com/api/open-active/,slot,https://footballsamuraiacademylimited.bookteq.com/api/open-active/slots,football-samurai-academy-limited--slot,https://footballsamuraiacademylimited.bookteq.com/api/open-active/slots
FZ 2024 Ltd,https://fz2024ltd.bookteq.com/api/open-active/,slot,https://fz2024ltd.bookteq.com/api/open-active/slots,fz-2024-ltd--slot,https://fz2024ltd.bookteq.com/api/open-active/slots?afterTimestamp=1784550210247747&afterId=fdb26441-d3b1-5a33-93a9-0bc86813c686
gll,https://gll-openactive.legendonlineservices.co.uk/openactive/,slot,https://gll-openactive.legendonlineservices.co.uk/api/facility-uses/events,gll--slot,
gmcommunitylettings,https://gmcommunitylettings.bookteq.com/api/open-active/,slot,https://gmcommunitylettings.bookteq.com/api/open-active/slots,gmcommunitylettings--slot,https://gmcommunitylettings.bookteq.com/api/open-active/slots?afterTimestamp=1784550235338748&afterId=ed1b4cf8-228c-5fbc-bb59-b7211d9e1656
Gravesham Legend Sports Ltd,https://graveshamlegendsports.bookteq.com/api/open-active/,slot,https://graveshamlegendsports.bookteq.com/api/open-active/slots,gravesham-legend-sports-ltd--slot,https://graveshamlegendsports.bookteq.com/api/open-active/slots?afterTimestamp=1784550255520281&afterId=f7fd2fa7-fbda-53e6-a36f-8a211f55fc0b
Halo,https://halo-openactive.legendonlineservices.co.uk/openactive/,slot,https://halo-openactive.legendonlineservices.co.uk/api/facility-uses/events,halo--slot,
Harborne Cricket Club,https://harbornecricketclub.bookteq.com/api/open-active/,slot,https://harbornecricketclub.bookteq.com/api/open-active/slots,harborne-cricket-club--slot,https://harbornecricketclub.bookteq.com/api/open-active/slots?afterTimestamp=1784550230146907&afterId=eee310a8-4554-57ef-83e4-1ccd78b109f8
Haringey Council,https://haringeycouncil.bookteq.com/api/open-active/,slot,https://haringeycouncil.bookteq.com/api/open-active/slots,haringey-council--slot,https://haringeycouncil.bookteq.com/api/open-active/slots?afterTimestamp=1784550234100536&afterId=f18776a0-16d2-59b8-970f-e4f0bcf571b1
Harpur Hill Sports Centre CIC,https://harpurhillsportscentrecic.bookteq.com/api/open-active/,slot,https://harpurhillsportscentrecic.bookteq.com/api/open-active/slots,harpur-hill-sports-centre-cic--slot,https://harpurhillsportscentrecic.bookteq.com/api/open-active/slots?afterTimestamp=1784550286719726&afterId=e60da5ac-dae6-56ac-8387-bc8d573cefa1
hcandl,https://hcandl-openactive.legendonlineservices.co.uk/openactive/,slot,https://hcandl-openactive.legendonlineservices.co.uk/api/facility-uses/events,hcandl--slot,
horizon,https://horizon-openactive.legendonlineservices.co.uk/openactive/,slot,https://horizon-openactive.legendonlineservices.co.uk/api/facility-uses/events,horizon--slot,
Huntingdonshire District Council,https://oneleisure.gs-signature.cloud/OpenActive/,slot,https://opendata.leisurecloud.live/api/feeds/OneLeisure-live-slots,huntingdonshire-district-council--slot,https://opendata.leisurecloud.live/api/feeds/OneLeisure-live-slots?afterTimestamp=82405711&afterId=I3154A_2026-07-23T13-00-00
Hythe Cricket & Squash Club,https://hythecsc.bookteq.com/api/open-active/,slot,https://hythecsc.bookteq.com/api/open-active/slots,hythe-cricket-squash-club--slot,https://hythecsc.bookteq.com/api/open-active/slots?afterTimestamp=1784550279255838&afterId=f2c622ed-7ff8-554d-a122-8a070333e0e4
ID Verde Charnwood,https://idverdecharnwood.bookteq.com/api/open-active/,slot,https://idverdecharnwood.bookteq.com/api/open-active/slots,id-verde-charnwood--slot,https://idverdecharnwood.bookteq.com/api/open-active/slots?afterTimestamp=1784550255428486&afterId=a21bd90e-7d19-5a3d-b8f3-bea1bd2cf94e
JMO Sports Limited,https://jmosportslimited.bookteq.com/api/open-active/,slot,https://jmosportslimited.bookteq.com/api/open-active/slots,jmo-sports-limited--slot,https://jmosportslimited.bookteq.com/api/open-active/slots?afterTimestamp=1784550263466670&afterId=de97ac0e-96eb-5d7c-8889-bf5c461d710e
jubileehall,https://jubileehall-openactive.legendonlineservices.co.uk/openactive/,slot,https://jubileehall-openactive.legendonlineservices.co.uk/api/facility-uses/events,jubileehall--slot,
Kingsway Park High School,https://kingswayparkhighschool.bookteq.com/api/open-active/,slot,https://kingswayparkhighschool.bookteq.com/api/open-active/slots,kingsway-park-high-school--slot,https://kingswayparkhighschool.bookteq.com/api/open-active/slots?afterTimestamp=1784550254727523&afterId=e00c744e-35a2-50c6-b5ae-3e7225d2f2f8
Lampton Leisure,https://lamptonleisure.gs-signature.cloud/OpenActive/,slot,https://opendata.leisurecloud.live/api/feeds/LamptonLeisure-live-slots,lampton-leisure--slot,https://opendata.leisurecloud.live/api/feeds/LamptonLeisure-live-slots?afterTimestamp=72598798&afterId=BFLSQUASH60_2026-07-20T19-00-00
lancaster,https://lancaster-openactive.legendonlineservices.co.uk/openactive/,slot,https://lancaster-openactive.legendonlineservices.co.uk/api/facility-uses/events,lancaster--slot,
Langley Grange Pool,https://langleygrange.bookteq.com/api/open-active/,slot,https://langleygrange.bookteq.com/api/open-active/slots,langley-grange-pool--slot,https://langleygrange.bookteq.com/api/open-active/slots?afterTimestamp=1784550236086992&afterId=fe76eb98-e4a3-5615-bd44-3454c1c55cc3
Larkhall Sports Club,https://larkhallsportsclub.bookteq.com/api/open-active/,slot,https://larkhallsportsclub.bookteq.com/api/open-active/slots,larkhall-sports-club--slot,https://larkhallsportsclub.bookteq.com/api/open-active/slots?afterTimestamp=1784550276013986&afterId=df380e16-f65b-5d48-9ea5-fcba61d42e98
LED Community Leisure Ltd,https://ledleisure.gs-signature.cloud/OpenActive/,slot,https://opendata.leisurecloud.live/api/feeds/LEDCommunityLeisureLtd-live-slots,led-community-leisure-ltd--slot,https://opendata.leisurecloud.live/api/feeds/LEDCommunityLeisureLtd-live-slots?afterTimestamp=10347679&afterId=E1040_2026-07-20T16-00-00
Leisure SK,https://leisuresk.leisurecloud.net/OpenActive/,slot,https://opendata.leisurecloud.live/api/feeds/LeisureSK-live-slots,leisure-sk--slot,https://opendata.leisurecloud.live/api/feeds/LeisureSK-live-slots?afterTimestamp=78948942&afterId=SKAFITSESH_2026-07-20T13-50-00
leisurefocus,https://leisurefocus-openactive.legendonlineservices.co.uk/openactive/,slot,https://leisurefocus-openactive.legendonlineservices.co.uk/api/facility-uses/events,leisurefocus--slot,
Liberty Leisure,https://lleisure.gs-signature.cloud/OpenActive/,slot,https://opendata.leisurecloud.live/api/feeds/LibertyLeisure-live-slots,liberty-leisure--slot,https://opendata.leisurecloud.live/api/feeds/LibertyLeisure-live-slots?afterTimestamp=70187599&afterId=CHOSPH0001_2026-07-25T15-00-00
lifeleisure,https://lifeleisure-openactive.legendonlineservices.co.uk/openactive/,slot,https://lifeleisure-openactive.legendonlineservices.co.uk/api/facility-uses/events,lifeleisure--slot,
lincsinspire,https://lincsinspire-openactive.legendonlineservices.co.uk/openactive/,slot,https://lincsinspire-openactive.legendonlineservices.co.uk/api/facility-uses/events,lincsinspire--slot,
London Borough of Ealing Council,https://ealingboroughcouncil.bookteq.com/api/open-active/,slot,https://ealingboroughcouncil.bookteq.com/api/open-active/slots,london-borough-of-ealing-council--slot,https://ealingboroughcouncil.bookteq.com/api/open-active/slots?afterTimestamp=1784501629529178&afterId=660368c7-78d5-5a67-943c-e174008e648d
Loughborough University,https://loughboroughuniversity-openactive.legendonlineservices.co.uk/openactive/,slot,https://loughboroughuniversity-openactive.legendonlineservices.co.uk/api/facility-uses/events,loughborough-university--slot,
LRSO,https://lrso.bookteq.com/api/open-active/,slot,https://lrso.bookteq.com/api/open-active/slots,lrso--slot,https://lrso.bookteq.com/api/open-active/slots?afterTimestamp=1784550301789739&afterId=cb0ccb6b-e1f7-58e1-81ec-0431d2d95635
lsbuactive,https://lsbuactive-openactive.legendonlineservices.co.uk/openactive/,slot,https://lsbuactive-openactive.legendonlineservices.co.uk/api/facility-uses/events,lsbuactive--slot,
Manchester Communication Academy,https://manchestercommunicationacademy.bookteq.com/api/open-active/,slot,https://manchestercommunicationacademy.bookteq.com/api/open-active/slots,manchester-communication-academy--slot,https://manchestercommunicationacademy.bookteq.com/api/open-active/slots?afterTimestamp=1784550273442819&afterId=db1e274f-9c85-580c-978e-bd20a3586728
March was Town FC Estover CIC,https://marchtownfcestovercic.bookteq.com/api/open-active/,slot,https://marchtownfcestovercic.bookteq.com/api/open-active/slots,march-was-town-fc-estover-cic--slot,https://marchtownfcestovercic.bookteq.com/api/open-active/slots?afterTimestamp=1784550228886729&afterId=b5d0f1f2-1bc3-50bd-85ca-6b1a9165b8f6
Mark Allen,https://fleetcc.bookteq.com/api/open-active/,slot,https://fleetcc.bookteq.com/api/open-active/slots,mark-allen--slot,https://fleetcc.bookteq.com/api/open-active/slots?afterTimestamp=1784550816279549&afterId=fd600753-07cb-5224-9197-ec19edcf5143
Marston Moretaine Playing Fields,https://marstonmoretaine.bookteq.com/api/open-active/,slot,https://marstonmoretaine.bookteq.com/api/open-active/slots,marston-moretaine-playing-fields--slot,https://marstonmoretaine.bookteq.com/api/open-active/slots?afterTimestamp=1784550828837490&afterId=f23ae38f-adc0-5cdb-a40c-79570ca3b2a7
Matthew Arnold Sports Centre,https://lifestylefitness.bookteq.com/api/open-active/,slot,https://lifestylefitness.bookteq.com/api/open-active/slots,matthew-arnold-sports-centre--slot,https://lifestylefitness.bookteq.com/api/open-active/slots?afterTimestamp=1784550900825189&afterId=cc99798e-ff68-5fff-a4c6-4d849154ab1b
NXT Level Sport & Education Ltd,https://nxtlevelsportandeducation.bookteq.com/api/open-active/,slot,https://nxtlevelsportandeducation.bookteq.com/api/open-active/slots,nxt-level-sport-education-ltd--slot,https://nxtlevelsportandeducation.bookteq.com/api/open-active/slots?afterTimestamp=1784550892185088&afterId=f2a8a191-600f-5d3b-b841-676eb678d9af
Old Northamptonians Association,https://oldnorthamptonians.bookteq.com/api/open-active/,slot,https://oldnorthamptonians.bookteq.com/api/open-active/slots,old-northamptonians-association--slot,https://oldnorthamptonians.bookteq.com/api/open-active/slots?afterTimestamp=1784550821857085&afterId=c949fa06-2607-5c5b-8bcb-eac37546e560
Oldham Community Leisure,https://ocll.gs-signature.cloud/OpenActive/,slot,https://opendata.leisurecloud.live/api/feeds/OldhamCommunityLeisure-live-slots,oldham-community-leisure--slot,https://opendata.leisurecloud.live/api/feeds/OldhamCommunityLeisure-live-slots?afterTimestamp=13162533&afterId=RADBADMINT_2026-07-20T20-00-00
Orchard Learning Alliance,https://orchardlearningalliance.bookteq.com/api/open-active/,slot,https://orchardlearningalliance.bookteq.com/api/open-active/slots,orchard-learning-alliance--slot,https://orchardlearningalliance.bookteq.com/api/open-active/slots?afterTimestamp=1784550863511404&afterId=fa52c72a-f8ba-5151-b419-68164ef67c67
Oxford University,https://oxforduniversity.leisurecloud.net/OpenActive/,slot,https://opendata.leisurecloud.live/api/feeds/OxfordUniversity-live-slots,oxford-university--slot,https://opendata.leisurecloud.live/api/feeds/OxfordUniversity-live-slots?afterTimestamp=86355060&afterId=UCACTGYM0000001_2026-07-20T13-30-00
"Parkwood Leisure Ltd, its subsidiaries and partner organisations",https://leisurecentre-openactive.legendonlineservices.co.uk/openactive/,slot,https://leisurecentre-openactive.legendonlineservices.co.uk/api/facility-uses/events,parkwood-leisure-ltd-its-subsidiaries-and-partner-organisations--slot,
Pembrokeshire Leisure,https://connect.pembrokeshire.gov.uk/OpenActive/,slot,https://opendata.leisurecloud.live/api/feeds/Pembrokeshire-live-slots,pembrokeshire-leisure--slot,https://opendata.leisurecloud.live/api/feeds/Pembrokeshire-live-slots?afterTimestamp=247842667&afterId=FW0001_2026-07-22T19-00-00
pentest,https://pentest-openactive.legendonlineservices.co.uk/openactive/,slot,https://pentest-openactive.legendonlineservices.co.uk/api/facility-uses/events,pentest--slot,
Places Leisure,https://placesleisure.gs-signature.cloud/OpenActive/,slot,https://opendata.leisurecloud.live/api/feeds/PlacesLeisure-live-slots,places-leisure--slot,https://opendata.leisurecloud.live/api/feeds/PlacesLeisure-live-slots?afterTimestamp=301124520&afterId=033ACT0006_2026-07-22T13-30-00
Playfinder,https://ajsports.bookteq.com/api/open-active/,slot,https://ajsports.bookteq.com/api/open-active/slots,playfinder--slot,https://ajsports.bookteq.com/api/open-active/slots
Plymouth Active,https://plymouthcouncil.gs-signature.cloud/OpenActive/,slot,https://opendata.leisurecloud.live/api/feeds/PlymouthCouncil-live-slots,plymouth-active--slot,https://opendata.leisurecloud.live/api/feeds/PlymouthCouncil-live-slots?afterTimestamp=123237788&afterId=PLBOWLS2HR_2026-07-20T12-30-00
Pomphrey Hill Community Sports Association,https://pomphreyhill.bookteq.com/api/open-active/,slot,https://pomphreyhill.bookteq.com/api/open-active/slots,pomphrey-hill-community-sports-association--slot,https://pomphreyhill.bookteq.com/api/open-active/slots?afterTimestamp=1784550992355035&afterId=a51c4938-cb4f-5fe2-b4ec-5da8b25e1a27
Precision Football Arena,https://precisionfootballarena.bookteq.com/api/open-active/,slot,https://precisionfootballarena.bookteq.com/api/open-active/slots,precision-football-arena--slot,https://precisionfootballarena.bookteq.com/api/open-active/slots?afterTimestamp=1784550810636209&afterId=fa7257bc-a2bf-51c2-9e25-871c089bbffd
Prees Sports and Social Club,https://preessportsclub.bookteq.com/api/open-active/,slot,https://preessportsclub.bookteq.com/api/open-active/slots,prees-sports-and-social-club--slot,https://preessportsclub.bookteq.com/api/open-active/slots?afterTimestamp=1784550833610589&afterId=d131fa0d-2bc9-525e-9230-a1fd0219b33f
Princes Park Youth Football Club,https://princesparkyouthfc.bookteq.com/api/open-active/,slot,https://princesparkyouthfc.bookteq.com/api/open-active/slots,princes-park-youth-football-club--slot,https://princesparkyouthfc.bookteq.com/api/open-active/slots?afterTimestamp=1784550840469368&afterId=e886e98e-738b-593d-a522-96dc59294a1c
Priory Federation of Academies,https://prioryfederation.bookteq.com/api/open-active/,slot,https://prioryfederation.bookteq.com/api/open-active/slots,priory-federation-of-academies--slot,https://prioryfederation.bookteq.com/api/open-active/slots?afterTimestamp=1784550866300693&afterId=ead176b4-f23d-59c7-a216-1b2afc3be247
QH Memorial Sports Ground - River Pitches,https://qhmemorialsportsground.bookteq.com/api/open-active/,slot,https://qhmemorialsportsground.bookteq.com/api/open-active/slots,qh-memorial-sports-ground-river-pitches--slot,https://qhmemorialsportsground.bookteq.com/api/open-active/slots?afterTimestamp=1784550846500012&afterId=e9801716-4f1e-5cd2-a768-d47e88cf147a
Reading Rugby Club,https://readingrugbyclub.bookteq.com/api/open-active/,slot,https://readingrugbyclub.bookteq.com/api/open-active/slots,reading-rugby-club--slot,https://readingrugbyclub.bookteq.com/api/open-active/slots?afterTimestamp=1784550823936103&afterId=f7c9cbe7-fe77-5712-a7e7-73f2ca7c2c33
Redbridge Sports Centre,https://rslonline.leisurecloud.net/OpenActive/,slot,https://opendata.leisurecloud.live/api/feeds/RedbridgeSportsCentre-live-slots,redbridge-sports-centre--slot,https://opendata.leisurecloud.live/api/feeds/RedbridgeSportsCentre-live-slots?afterTimestamp=0&afterId=
Rivers Fitness,https://riversfitness.gs-signature.cloud/OpenActive/,slot,https://opendata.leisurecloud.live/api/feeds/WychavonLeisure-live-slots,rivers-fitness--slot,https://opendata.leisurecloud.live/api/feeds/WychavonLeisure-live-slots?afterTimestamp=79862229&afterId=PH20003_2026-07-21T10-00-00
salfordcommunityleisure,https://salfordcommunityleisure-openactive.legendonlineservices.co.uk/openactive/,slot,https://salfordcommunityleisure-openactive.legendonlineservices.co.uk/api/facility-uses/events,salfordcommunityleisure--slot,
School Enterprises Ltd,https://schoolenterprises.bookteq.com/api/open-active/,slot,https://schoolenterprises.bookteq.com/api/open-active/slots,school-enterprises-ltd--slot,https://schoolenterprises.bookteq.com/api/open-active/slots?afterTimestamp=1784550914936442&afterId=fa6e412a-66ef-5aa9-8de3-ce2b4812365d
Serco Leisure,https://serco-openactive.legendonlineservices.co.uk/openactive/,slot,https://serco-openactive.legendonlineservices.co.uk/api/facility-uses/events,serco-leisure--slot,
Shirley High School,https://shirleyhighschool.bookteq.com/api/open-active/,slot,https://shirleyhighschool.bookteq.com/api/open-active/slots,shirley-high-school--slot,https://shirleyhighschool.bookteq.com/api/open-active/slots?afterTimestamp=1784550841250273&afterId=b7604122-30db-5f49-8ce7-b94fd2f8d8c1
SLL and InspireAll,https://sllandinspireall-openactive.legendonlineservices.co.uk/openactive/,slot,https://sllandinspireall-openactive.legendonlineservices.co.uk/api/facility-uses/events,sll-and-inspireall--slot,
Southwark Council,https://southwarkcouncil-oa.leisurecloud.net/OpenActive/,slot,https://opendata.leisurecloud.live/api/feeds/SouthwarkCouncil-live-slots,southwark-council--slot,https://southwarkcouncil.bookteq.com/api/open-active/slots?afterTimestamp=1784550811394352&afterId=dcd3b75b-daab-53b8-8fcd-536784f7694d
Southwark Council,https://southwarkcouncil.bookteq.com/api/open-active/,slot,https://southwarkcouncil.bookteq.com/api/open-active/slots,southwark-council--slot,https://southwarkcouncil.bookteq.com/api/open-active/slots?afterTimestamp=1784550811394352&afterId=dcd3b75b-daab-53b8-8fcd-536784f7694d
Spalding United Football Club,https://spaldingunitedfootballclub.bookteq.com/api/open-active/,slot,https://spaldingunitedfootballclub.bookteq.com/api/open-active/slots,spalding-united-football-club--slot,https://spaldingunitedfootballclub.bookteq.com/api/open-active/slots?afterTimestamp=1784550814205537&afterId=c4b6ffcb-3e46-5f51-9494-7e5260f06c6d
Sports IQ LTD,https://sportsiq.bookteq.com/api/open-active/,slot,https://sportsiq.bookteq.com/api/open-active/slots,sports-iq-ltd--slot,https://sportsiq.bookteq.com/api/open-active/slots?afterTimestamp=1784550830560129&afterId=d6e5afcf-247d-5431-a68a-2cddc4462aef
St Cuthbert Mayne School,https://stcuthbertmayneschool.bookteq.com/api/open-active/,slot,https://stcuthbertmayneschool.bookteq.com/api/open-active/slots,st-cuthbert-mayne-school--slot,https://stcuthbertmayneschool.bookteq.com/api/open-active/slots?afterTimestamp=1784550836959628&afterId=b93bf28e-728a-55b4-881b-f50135164de3
"St George's School, Harpenden",https://stgeorgesschool.bookteq.com/api/open-active/,slot,https://stgeorgesschool.bookteq.com/api/open-active/slots,st-george-s-school-harpenden--slot,https://stgeorgesschool.bookteq.com/api/open-active/slots?afterTimestamp=1784550819690971&afterId=c5385fb1-d55f-5a86-8376-8be4ac6e2acb
Stanley Primary School,https://stanleyprimaryschool.bookteq.com/api/open-active/,slot,https://stanleyprimaryschool.bookteq.com/api/open-active/slots,stanley-primary-school--slot,https://stanleyprimaryschool.bookteq.com/api/open-active/slots?afterTimestamp=1784550815128214&afterId=f0283de9-53f2-5d63-8d49-c72e4a409792
Stowe Enterprises Ltd,https://stoweenterprisesltd.bookteq.com/api/open-active/,slot,https://stoweenterprisesltd.bookteq.com/api/open-active/slots,stowe-enterprises-ltd--slot,https://stoweenterprisesltd.bookteq.com/api/open-active/slots?afterTimestamp=1784550828039502&afterId=bda30b87-e167-51ee-aeb0-d221fe91c075
Strikers Indoor Football,https://strikersindoorsports.bookteq.com/api/open-active/,slot,https://strikersindoorsports.bookteq.com/api/open-active/slots,strikers-indoor-football--slot,https://strikersindoorsports.bookteq.com/api/open-active/slots?afterTimestamp=1784550847290814&afterId=fc9ae234-f3d8-517b-90c3-829294c36f49
strouddistrictcouncil,https://strouddistrictcouncil-openactive.legendonlineservices.co.uk/openactive/,slot,https://strouddistrictcouncil-openactive.legendonlineservices.co.uk/api/facility-uses/events,strouddistrictcouncil--slot,
Sunbury Cricket Club,https://sunburycricketclub.bookteq.com/api/open-active/,slot,https://sunburycricketclub.bookteq.com/api/open-active/slots,sunbury-cricket-club--slot,https://sunburycricketclub.bookteq.com/api/open-active/slots?afterTimestamp=1784550877659181&afterId=fdd9c60c-176e-5074-8b63-2ff54dd80dfa
Tendring Leisure,https://tendringcouncil-openactive.legendonlineservices.co.uk/openactive/,slot,https://tendringcouncil-openactive.legendonlineservices.co.uk/api/facility-uses/events,tendring-leisure--slot,
The Black Prince Trust ,https://theblackprincetrust.bookteq.com/api/open-active/,slot,https://theblackprincetrust.bookteq.com/api/open-active/slots,the-black-prince-trust--slot,https://theblackprincetrust.bookteq.com/api/open-active/slots?afterTimestamp=1784550825846789&afterId=f115c173-e922-569b-bc39-02343bb5b136
The Downside Settlement,https://thedownsidesettlement.bookteq.com/api/open-active/,slot,https://thedownsidesettlement.bookteq.com/api/open-active/slots,the-downside-settlement--slot,https://thedownsidesettlement.bookteq.com/api/open-active/slots?afterTimestamp=1784550825817983&afterId=bc3a7604-e6a2-5e47-b2c1-2cdce974291e
The Hub - Rise Community,https://risecommunitycic.bookteq.com/api/open-active/,slot,https://risecommunitycic.bookteq.com/api/open-active/slots,the-hub-rise-community--slot,https://risecommunitycic.bookteq.com/api/open-active/slots?afterTimestamp=1784550859314889&afterId=c8a1679d-aae3-526c-abe8-a203bd8ebafd
The Sports Warehouse (Flint) LTD,https://thesportswarehouseltd.bookteq.com/api/open-active/,slot,https://thesportswarehouseltd.bookteq.com/api/open-active/slots,the-sports-warehouse-flint-ltd--slot,https://thesportswarehouseltd.bookteq.com/api/open-active/slots?afterTimestamp=1784550810814162&afterId=e590cc14-06cf-5846-9da7-f28b4edfad43
The Woodroffe School,https://thewoodroffeschool.bookteq.com/api/open-active/,slot,https://thewoodroffeschool.bookteq.com/api/open-active/slots,the-woodroffe-school--slot,https://thewoodroffeschool.bookteq.com/api/open-active/slots?afterTimestamp=1784550841665513&afterId=bda4c841-514a-5cc3-a365-18cf09a9a956
Tonbridge and Malling Leisure Trust,https://tma.gs-signature.cloud/OpenActive/,slot,https://opendata.leisurecloud.live/api/feeds/tma-live-slots,tonbridge-and-malling-leisure-trust--slot,https://opendata.leisurecloud.live/api/feeds/tma-live-slots?afterTimestamp=0&afterId=
Trafford Community Leisure Trust,https://traffordleisure.leisurecloud.net/OpenActive/,slot,https://opendata.leisurecloud.live/api/feeds/TraffordCommunityLeisureTrust-live-slots,trafford-community-leisure-trust--slot,https://opendata.leisurecloud.live/api/feeds/TraffordCommunityLeisureTrust-live-slots?afterTimestamp=128903501&afterId=MPICKLE_2026-07-20T15-00-00
University of Bristol,https://universityofbristol-openactive.legendonlineservices.co.uk/openactive/,slot,https://universityofbristol-openactive.legendonlineservices.co.uk/api/facility-uses/events,university-of-bristol--slot,
Vision Redbridge,https://visionredbridge.gs-signature.cloud/OpenActive/,slot,https://opendata.leisurecloud.live/api/feeds/VisionRedbridge-live-slots,vision-redbridge--slot,https://opendata.leisurecloud.live/api/feeds/VisionRedbridge-live-slots?afterTimestamp=0&afterId=
Waltham Forest Council,https://walthamforestcouncil.bookteq.com/api/open-active/,slot,https://walthamforestcouncil.bookteq.com/api/open-active/slots,waltham-forest-council--slot,https://walthamforestcouncil.bookteq.com/api/open-active/slots?afterTimestamp=1784550853392473&afterId=f6bc77cf-0d6f-5ac2-9e94-5fb66db62ba6
Wasps FC - Rugby in West London,https://waspsfootballclub.bookteq.com/api/open-active/,slot,https://waspsfootballclub.bookteq.com/api/open-active/slots,wasps-fc-rugby-in-west-london--slot,https://waspsfootballclub.bookteq.com/api/open-active/slots
Water Lilies Swimming School Ltd,https://waterliliesswimmingschool.bookteq.com/api/open-active/,slot,https://waterliliesswimmingschool.bookteq.com/api/open-active/slots,water-lilies-swimming-school-ltd--slot,https://waterliliesswimmingschool.bookteq.com/api/open-active/slots?afterTimestamp=1784550811555749&afterId=dc3e4399-f785-5595-b8be-df076d17303e
Wellington College,https://wellingtonclub.gs-signature.cloud/OpenActive/,slot,https://opendata.leisurecloud.live/api/feeds/WellingtonCollege-live-slots,wellington-college--slot,https://opendata.leisurecloud.live/api/feeds/WellingtonCollege-live-slots?afterTimestamp=47474861&afterId=TENNIS1-6_2026-07-20T14-00-00
Wells Cathedral School,https://wellscathedral.bookteq.com/api/open-active/,slot,https://wellscathedral.bookteq.com/api/open-active/slots,wells-cathedral-school--slot,https://wellscathedral.bookteq.com/api/open-active/slots?afterTimestamp=1784550836451441&afterId=d67efe76-09eb-57e0-97dc-7f1303b9ab02
West Heath Primary School,https://westheathprimaryschool.bookteq.com/api/open-active/,slot,https://westheathprimaryschool.bookteq.com/api/open-active/slots,west-heath-primary-school--slot,https://westheathprimaryschool.bookteq.com/api/open-active/slots?afterTimestamp=1784550831611875&afterId=f6a96aba-8794-5337-89c7-3e253bc83342
West Wight Sports and Community,https://westwight.gs-signature.cloud/OpenActive/,slot,https://opendata.leisurecloud.live/api/feeds/WestWightSportsandCommunity-live-slots,west-wight-sports-and-community--slot,https://opendata.leisurecloud.live/api/feeds/WestWightSportsandCommunity-live-slots?afterTimestamp=7934741&afterId=ACT0000014_2026-07-20T14-00-00
Wigan Leisure and Culture Trust,https://bewellwigan.gs-signature.cloud/OpenActive/,slot,https://opendata.leisurecloud.live/api/feeds/WiganLeisureandCultureTrust-live-slots,wigan-leisure-and-culture-trust--slot,https://opendata.leisurecloud.live/api/feeds/WiganLeisureandCultureTrust-live-slots?afterTimestamp=64029021&afterId=ALCACT0201_2026-07-20T14-00-00
Woolmer Hill Sports Association,https://woolmerhillsportspark.bookteq.com/api/open-active/,slot,https://woolmerhillsportspark.bookteq.com/api/open-active/slots,woolmer-hill-sports-association--slot,https://woolmerhillsportspark.bookteq.com/api/open-active/slots?afterTimestamp=1784550832578278&afterId=f8dfd626-6a3b-551d-91c5-eae94aeab6b6
WV Active,https://wvactive.leisurecloud.net/OpenActive/,slot,https://opendata.leisurecloud.live/api/feeds/WVActive-live-slots,wv-active--slot,https://opendata.leisurecloud.live/api/feeds/WVActive-live-slots?afterTimestamp=55416476&afterId=BPICKLEBALL_2026-07-20T14-00-00
Wycliffe College,https://wycliffecollege.bookteq.com/api/open-active/,slot,https://wycliffecollege.bookteq.com/api/open-active/slots,wycliffe-college--slot,https://wycliffecollege.bookteq.com/api/open-active/slots?afterTimestamp=1784550816023484&afterId=efc8a543-ee90-5346-ae4c-cb06417bc2a8
Wymondham Town United FC,https://wymondhamtownunitedfc.bookteq.com/api/open-active/,slot,https://wymondhamtownunitedfc.bookteq.com/api/open-active/slots,wymondham-town-united-fc--slot,https://wymondhamtownunitedfc.bookteq.com/api/open-active/slots?afterTimestamp=1784550866944573&afterId=e0a6d693-f123-57d7-bb4c-494968345f33
Your Leisure,https://yourleisure.gs-signature.cloud/OpenActive/,slot,https://opendata.leisurecloud.live/api/feeds/YourLeisure-live-slots,your-leisure--slot,https://opendata.leisurecloud.live/api/feeds/YourLeisure-live-slots?afterTimestamp=39151380&afterId=HAACT00206_2026-07-20T13-25-00
Active Hartlepool,https://activehartlepool.gs-signature.cloud/OpenActive/,sessionSeries,https://opendata.leisurecloud.live/api/feeds/HartlepoolBoroughCouncil-live-session-series,active-hartlepool--sessionseries,https://opendata.leisurecloud.live/api/feeds/HartlepoolBoroughCouncil-live-session-series?afterTimestamp=6099212&afterId=1H1730BSFFS2627
Active Leeds,https://activeleeds-oa.leisurecloud.net/OpenActive/,sessionSeries,https://opendata.leisurecloud.live/api/feeds/ActiveLeeds-live-session-series,active-leeds--sessionseries,https://opendata.leisurecloud.live/api/feeds/ActiveLeeds-live-session-series?afterTimestamp=118971724&afterId=RO4BKPH1425826
Active Luton,https://activeluton-openactive.legendonlineservices.co.uk/openactive/,sessionSeries,https://activeluton-openactive.legendonlineservices.co.uk/api/sessions,active-luton--sessionseries,
Active Tameside,https://tameside-openactive.legendonlineservices.co.uk/openactive/,sessionSeries,https://tameside-openactive.legendonlineservices.co.uk/api/sessions,active-tameside--sessionseries,
activenottingham,https://activenottingham-openactive.legendonlineservices.co.uk/openactive/,sessionSeries,https://activenottingham-openactive.legendonlineservices.co.uk/api/sessions,activenottingham--sessionseries,
aliveleisure,https://aliveleisure-openactive.legendonlineservices.co.uk/openactive/,sessionSeries,https://aliveleisure-openactive.legendonlineservices.co.uk/api/sessions,aliveleisure--sessionseries,
ANGUSalive,https://angusalive-openactive.legendonlineservices.co.uk/openactive/,sessionSeries,https://angusalive-openactive.legendonlineservices.co.uk/api/sessions,angusalive--sessionseries,
Barrow Park Leisure Centre,https://barrowcouncil-openactive.legendonlineservices.co.uk/openactive/,sessionSeries,https://barrowcouncil-openactive.legendonlineservices.co.uk/api/sessions,barrow-park-leisure-centre--sessionseries,
Be Well - London Borough of Tower Hamlets,https://towerhamletscouncil.gs-signature.cloud/OpenActive/,sessionSeries,https://opendata.leisurecloud.live/api/feeds/TowerHamletsCouncil-live-session-series,be-well-london-borough-of-tower-hamlets--sessionseries,https://opendata.leisurecloud.live/api/feeds/TowerHamletsCouncil-live-session-series?afterTimestamp=152311775&afterId=Y11800SWASP726
Better,https://better-admin.org.uk/api/openactive/better,sessionSeries,https://better-admin.org.uk/api/openactive/better/session-series,better--sessionseries,https://better-admin.org.uk/api/openactive/better/session-series?afterTimestamp=1784550620&afterId=activity_recurrence_group%3A9793
Birmingham City Council,https://bccleisure.gs-signature.cloud/OpenActive/,sessionSeries,https://opendata.leisurecloud.live/api/feeds/BirminghamCityCouncil-live-session-series,birmingham-city-council--sessionseries,https://opendata.leisurecloud.live/api/feeds/BirminghamCityCouncil-live-session-series?afterTimestamp=42133778&afterId=HW7CLSC10301022
boltonarena,https://boltonarena-openactive.legendonlineservices.co.uk/openactive/,sessionSeries,https://boltonarena-openactive.legendonlineservices.co.uk/api/sessions,boltonarena--sessionseries,https://boltonarena-openactive.legendonlineservices.co.uk/api/sessions?afterTimestamp=1038451&afterId=1142459
Bookwhen,https://data.bookwhen.com/,sessionSeries,https://bookwhen.com/api/openactive/sessionseries,bookwhen--sessionseries,https://bookwhen.com/api/openactive/sessionseries?afterId=k0bl49cb56dw&afterTimestamp=1784550146
bridportleisure,https://bridportleisure-openactive.legendonlineservices.co.uk/openactive/,sessionSeries,https://bridportleisure-openactive.legendonlineservices.co.uk/api/sessions,bridportleisure--sessionseries,
Brimhams Active,https://brimhamsactive.gs-signature.cloud/OpenActive/,sessionSeries,https://opendata.leisurecloud.live/api/feeds/BrimhamsActive-live-session-series,brimhams-active--sessionseries,https://opendata.leisurecloud.live/api/feeds/BrimhamsActive-live-session-series?afterTimestamp=88176485&afterId=FW1CLMS14300825
BwD Leisure,https://blackburnwithdarwen-openactive.legendonlineservices.co.uk/openactive/,sessionSeries,https://blackburnwithdarwen-openactive.legendonlineservices.co.uk/api/sessions,bwd-leisure--sessionseries,
Castlepoint,https://castlepoint.gs-signature.cloud/OpenActive/,sessionSeries,https://opendata.leisurecloud.live/api/feeds/Castlepoint-live-session-series,castlepoint--sessionseries,https://opendata.leisurecloud.live/api/feeds/Castlepoint-live-session-series?afterTimestamp=110498452&afterId=R4CL1830S0922
celticleisure,https://celticleisure-openactive.legendonlineservices.co.uk/openactive/,sessionSeries,https://celticleisure-openactive.legendonlineservices.co.uk/api/sessions,celticleisure--sessionseries,
Chelmsford City Sports,https://chelmsfordcitysports.gs-signature.cloud/OpenActive/,sessionSeries,https://opendata.leisurecloud.live/api/feeds/ChelmsfordCitySports-live-session-series,chelmsford-city-sports--sessionseries,https://opendata.leisurecloud.live/api/feeds/ChelmsfordCitySports-live-session-series?afterTimestamp=45148437&afterId=R3CLGRC09350621
Chelmsford City Sports,https://chelmsfordcitysports.leisurecloud.net/OpenActive/,sessionSeries,https://opendata.leisurecloud.live/api/feeds/ChelmsfordCitySports-live-session-series,chelmsford-city-sports--sessionseries,https://opendata.leisurecloud.live/api/feeds/ChelmsfordCitySports-live-session-series?afterTimestamp=45148437&afterId=R3CLGRC09350621
Colchester Leisure World,https://leisureworldmembership.leisurecloud.net/OpenActive/,sessionSeries,https://opendata.leisurecloud.live/api/feeds/ColchesterLeisureWorld-live-session-series,colchester-leisure-world--sessionseries,https://opendata.leisurecloud.live/api/feeds/ColchesterLeisureWorld-live-session-series?afterTimestamp=91534236&afterId=N1CLBDP12000726
Conwy,https://conwy.gs-signature.cloud/OpenActive/,sessionSeries,https://opendata.leisurecloud.live/api/feeds/Conwy-live-session-series,conwy--sessionseries,https://opendata.leisurecloud.live/api/feeds/Conwy-live-session-series?afterTimestamp=42021812&afterId=C1ER2FS14150825
Courtside Hubs CIC,https://api.premiertennis.co.uk/openactive,sessionSeries,https://api.premiertennis.co.uk/openactive/feed/session-series,courtside-hubs-cic--sessionseries,https://api.premiertennis.co.uk/openactive/feed/session-series?afterTimestamp=1784551510&afterId=13123
Derby Active,https://derbyactive-openactive.legendonlineservices.co.uk/openactive/,sessionSeries,https://derbyactive-openactive.legendonlineservices.co.uk/api/sessions,derby-active--sessionseries,
Everyone Active,https://data.everyoneactive.com/OpenActive/,sessionSeries,https://opendata.leisurecloud.live/api/feeds/EveryoneActive-live-session-series,everyone-active--sessionseries,https://opendata.leisurecloud.live/api/feeds/EveryoneActive-live-session-series?afterTimestamp=4820181681&afterId=3535WSSLM194575
Exercise Anywhere,https://opendata.exercise-anywhere.com/,sessionSeries,https://opendata.exercise-anywhere.com/api/rpde/session-series,exercise-anywhere--sessionseries,https://opendata.exercise-anywhere.com/api/rpde/session-series?afterTimestamp=1773743401&afterId=12658
Find My Facility,https://api.findmyfacility.com/v1/openactive,sessionSeries,https://api.findmyfacility.com/v1/openactive/sessionSeries,find-my-facility--sessionseries,https://api.findmyfacility.com/v1/openactive/sessionSeries?afterTimestamp=1770397691&afterId=9831197d-4d20-473c-9fcd-ce97b1bea55c
gll,https://gll-openactive.legendonlineservices.co.uk/openactive/,sessionSeries,https://gll-openactive.legendonlineservices.co.uk/api/sessions,gll--sessionseries,
Halo,https://halo-openactive.legendonlineservices.co.uk/openactive/,sessionSeries,https://halo-openactive.legendonlineservices.co.uk/api/sessions,halo--sessionseries,
hcandl,https://hcandl-openactive.legendonlineservices.co.uk/openactive/,sessionSeries,https://hcandl-openactive.legendonlineservices.co.uk/api/sessions,hcandl--sessionseries,
horizon,https://horizon-openactive.legendonlineservices.co.uk/openactive/,sessionSeries,https://horizon-openactive.legendonlineservices.co.uk/api/sessions,horizon--sessionseries,
Huntingdonshire District Council,https://oneleisure.gs-signature.cloud/OpenActive/,sessionSeries,https://opendata.leisurecloud.live/api/feeds/OneLeisure-live-session-series,huntingdonshire-district-council--sessionseries,https://opendata.leisurecloud.live/api/feeds/OneLeisure-live-session-series?afterTimestamp=82301231&afterId=SN1GLL1630FEB25
jubileehall,https://jubileehall-openactive.legendonlineservices.co.uk/openactive/,sessionSeries,https://jubileehall-openactive.legendonlineservices.co.uk/api/sessions,jubileehall--sessionseries,
Lampton Leisure,https://lamptonleisure.gs-signature.cloud/OpenActive/,sessionSeries,https://opendata.leisurecloud.live/api/feeds/LamptonLeisure-live-session-series,lampton-leisure--sessionseries,https://opendata.leisurecloud.live/api/feeds/LamptonLeisure-live-session-series?afterTimestamp=72510082&afterId=IL7CLJG10000824
lancaster,https://lancaster-openactive.legendonlineservices.co.uk/openactive/,sessionSeries,https://lancaster-openactive.legendonlineservices.co.uk/api/sessions,lancaster--sessionseries,
LED Community Leisure Ltd,https://ledleisure.gs-signature.cloud/OpenActive/,sessionSeries,https://opendata.leisurecloud.live/api/feeds/LEDCommunityLeisureLtd-live-session-series,led-community-leisure-ltd--sessionseries,https://opendata.leisurecloud.live/api/feeds/LEDCommunityLeisureLtd-live-session-series?afterTimestamp=10346951&afterId=SPSWIM4FOLK3
Leisure SK,https://leisuresk.leisurecloud.net/OpenActive/,sessionSeries,https://opendata.leisurecloud.live/api/feeds/LeisureSK-live-session-series,leisure-sk--sessionseries,https://opendata.leisurecloud.live/api/feeds/LeisureSK-live-session-series?afterTimestamp=78948943&afterId=DA7H9DM4SQ1X03I
leisurefocus,https://leisurefocus-openactive.legendonlineservices.co.uk/openactive/,sessionSeries,https://leisurefocus-openactive.legendonlineservices.co.uk/api/sessions,leisurefocus--sessionseries,
Liberty Leisure,https://lleisure.gs-signature.cloud/OpenActive/,sessionSeries,https://opendata.leisurecloud.live/api/feeds/LibertyLeisure-live-session-series,liberty-leisure--sessionseries,https://opendata.leisurecloud.live/api/feeds/LibertyLeisure-live-session-series?afterTimestamp=69898813&afterId=B5CLFLF17001022
lifeleisure,https://lifeleisure-openactive.legendonlineservices.co.uk/openactive/,sessionSeries,https://lifeleisure-openactive.legendonlineservices.co.uk/api/sessions,lifeleisure--sessionseries,
lincsinspire,https://lincsinspire-openactive.legendonlineservices.co.uk/openactive/,sessionSeries,https://lincsinspire-openactive.legendonlineservices.co.uk/api/sessions,lincsinspire--sessionseries,
Loughborough University,https://loughboroughuniversity-openactive.legendonlineservices.co.uk/openactive/,sessionSeries,https://loughboroughuniversity-openactive.legendonlineservices.co.uk/api/sessions,loughborough-university--sessionseries,
lsbuactive,https://lsbuactive-openactive.legendonlineservices.co.uk/openactive/,sessionSeries,https://lsbuactive-openactive.legendonlineservices.co.uk/api/sessions,lsbuactive--sessionseries,
Oldham Community Leisure,https://ocll.gs-signature.cloud/OpenActive/,sessionSeries,https://opendata.leisurecloud.live/api/feeds/OldhamCommunityLeisure-live-session-series,oldham-community-leisure--sessionseries,https://opendata.leisurecloud.live/api/feeds/OldhamCommunityLeisure-live-session-series?afterTimestamp=13163439&afterId=ZMQALUF1GZYE6D8
Open Sessions,https://openactive.opensessions.io/,sessionSeries,https://opensessions.io/api/rpde/session-series,open-sessions--sessionseries,https://opensessions.io/api/rpde/session-series?afterTimestamp=1784550620&afterId=22477
Oxford University,https://oxforduniversity.leisurecloud.net/OpenActive/,sessionSeries,https://opendata.leisurecloud.live/api/feeds/OxfordUniversity-live-session-series,oxford-university--sessionseries,https://opendata.leisurecloud.live/api/feeds/OxfordUniversity-live-session-series?afterTimestamp=86096909&afterId=3PHYFOL11000126
"Parkwood Leisure Ltd, its subsidiaries and partner organisations",https://leisurecentre-openactive.legendonlineservices.co.uk/openactive/,sessionSeries,https://leisurecentre-openactive.legendonlineservices.co.uk/api/sessions,parkwood-leisure-ltd-its-subsidiaries-and-partner-organisations--sessionseries,
Pembrokeshire Leisure,https://connect.pembrokeshire.gov.uk/OpenActive/,sessionSeries,https://opendata.leisurecloud.live/api/feeds/Pembrokeshire-live-session-series,pembrokeshire-leisure--sessionseries,https://opendata.leisurecloud.live/api/feeds/Pembrokeshire-live-session-series?afterTimestamp=247845627&afterId=STDBELLCHARL
pentest,https://pentest-openactive.legendonlineservices.co.uk/openactive/,sessionSeries,https://pentest-openactive.legendonlineservices.co.uk/api/sessions,pentest--sessionseries,https://pentest-openactive.legendonlineservices.co.uk/api/sessions?afterTimestamp=0&afterId=0
Places Leisure,https://placesleisure.gs-signature.cloud/OpenActive/,sessionSeries,https://opendata.leisurecloud.live/api/feeds/PlacesLeisure-live-session-series,places-leisure--sessionseries,https://opendata.leisurecloud.live/api/feeds/PlacesLeisure-live-session-series?afterTimestamp=301128765&afterId=10111315CAH0526
Played,https://openactive.played.co/openactive/,sessionSeries,https://openactive.played.co/feeds/session-series,played--sessionseries,https://openactive.played.co/feeds/session-series?afterChangeNumber=18834687
Playwaze,https://playwaze.com/opendata/openactive,sessionSeries,https://playwaze.com/feeds/session-series,playwaze--sessionseries,
Plymouth Active,https://plymouthcouncil.gs-signature.cloud/OpenActive/,sessionSeries,https://opendata.leisurecloud.live/api/feeds/PlymouthCouncil-live-session-series,plymouth-active--sessionseries,https://opendata.leisurecloud.live/api/feeds/PlymouthCouncil-live-session-series?afterTimestamp=123236386&afterId=PL1FAM1508426
Redbridge Sports Centre,https://rslonline.leisurecloud.net/OpenActive/,sessionSeries,https://opendata.leisurecloud.live/api/feeds/RedbridgeSportsCentre-live-session-series,redbridge-sports-centre--sessionseries,https://opendata.leisurecloud.live/api/feeds/RedbridgeSportsCentre-live-session-series?afterTimestamp=0&afterId=
Rivers Fitness,https://riversfitness.gs-signature.cloud/OpenActive/,sessionSeries,https://opendata.leisurecloud.live/api/feeds/WychavonLeisure-live-session-series,rivers-fitness--sessionseries,https://opendata.leisurecloud.live/api/feeds/WychavonLeisure-live-session-series?afterTimestamp=79857913&afterId=E1ACGSW14000625
salfordcommunityleisure,https://salfordcommunityleisure-openactive.legendonlineservices.co.uk/openactive/,sessionSeries,https://salfordcommunityleisure-openactive.legendonlineservices.co.uk/api/sessions,salfordcommunityleisure--sessionseries,
Serco Leisure,https://serco-openactive.legendonlineservices.co.uk/openactive/,sessionSeries,https://serco-openactive.legendonlineservices.co.uk/api/sessions,serco-leisure--sessionseries,
SLL and InspireAll,https://sllandinspireall-openactive.legendonlineservices.co.uk/openactive/,sessionSeries,https://sllandinspireall-openactive.legendonlineservices.co.uk/api/sessions,sll-and-inspireall--sessionseries,
Southwark Council,https://southwarkcouncil-oa.leisurecloud.net/OpenActive/,sessionSeries,https://opendata.leisurecloud.live/api/feeds/SouthwarkCouncil-live-session-series,southwark-council--sessionseries,https://opendata.leisurecloud.live/api/feeds/SouthwarkCouncil-live-session-series?afterTimestamp=137331798&afterId=SD1RO1200MG0826
strouddistrictcouncil,https://strouddistrictcouncil-openactive.legendonlineservices.co.uk/openactive/,sessionSeries,https://strouddistrictcouncil-openactive.legendonlineservices.co.uk/api/sessions,strouddistrictcouncil--sessionseries,
TeamUp,https://goteamup.com/api/openactive/v1/,sessionSeries,https://goteamup.com/api/openactive/v1/sessionseries,teamup--sessionseries,https://goteamup.com/api/openactive/v1/sessionseries?afterId=2275299&afterTimestamp=1784536849
Tendring Leisure,https://tendringcouncil-openactive.legendonlineservices.co.uk/openactive/,sessionSeries,https://tendringcouncil-openactive.legendonlineservices.co.uk/api/sessions,tendring-leisure--sessionseries,
Tonbridge and Malling Leisure Trust,https://tma.gs-signature.cloud/OpenActive/,sessionSeries,https://opendata.leisurecloud.live/api/feeds/tma-live-session-series,tonbridge-and-malling-leisure-trust--sessionseries,https://opendata.leisurecloud.live/api/feeds/tma-live-session-series?afterTimestamp=0&afterId=
Trafford Community Leisure Trust,https://traffordleisure.leisurecloud.net/OpenActive/,sessionSeries,https://opendata.leisurecloud.live/api/feeds/TraffordCommunityLeisureTrust-live-session-series,trafford-community-leisure-trust--sessionseries,https://opendata.leisurecloud.live/api/feeds/TraffordCommunityLeisureTrust-live-session-series?afterTimestamp=128903907&afterId=S3AQLAN19300725
University of Bristol,https://universityofbristol-openactive.legendonlineservices.co.uk/openactive/,sessionSeries,https://universityofbristol-openactive.legendonlineservices.co.uk/api/sessions,university-of-bristol--sessionseries,
Vision Redbridge,https://visionredbridge.gs-signature.cloud/OpenActive/,sessionSeries,https://opendata.leisurecloud.live/api/feeds/VisionRedbridge-live-session-series,vision-redbridge--sessionseries,https://opendata.leisurecloud.live/api/feeds/VisionRedbridge-live-session-series?afterTimestamp=114721585&afterId=EC2CLZU09300323
Wellington College,https://wellingtonclub.gs-signature.cloud/OpenActive/,sessionSeries,https://opendata.leisurecloud.live/api/feeds/WellingtonCollege-live-session-series,wellington-college--sessionseries,https://opendata.leisurecloud.live/api/feeds/WellingtonCollege-live-session-series?afterTimestamp=47268361&afterId=SMSALKY13WAMGVX
West Wight Sports and Community,https://westwight.gs-signature.cloud/OpenActive/,sessionSeries,https://opendata.leisurecloud.live/api/feeds/WestWightSportsandCommunity-live-session-series,west-wight-sports-and-community--sessionseries,https://opendata.leisurecloud.live/api/feeds/WestWightSportsandCommunity-live-session-series?afterTimestamp=7924276&afterId=1PUSWMP17100626
Wigan Leisure and Culture Trust,https://bewellwigan.gs-signature.cloud/OpenActive/,sessionSeries,https://opendata.leisurecloud.live/api/feeds/WiganLeisureandCultureTrust-live-session-series,wigan-leisure-and-culture-trust--sessionseries,https://opendata.leisurecloud.live/api/feeds/WiganLeisureandCultureTrust-live-session-series?afterTimestamp=64022274&afterId=COM1CLR14310526
WV Active,https://wvactive.leisurecloud.net/OpenActive/,sessionSeries,https://opendata.leisurecloud.live/api/feeds/WVActive-live-session-series,wv-active--sessionseries,https://opendata.leisurecloud.live/api/feeds/WVActive-live-session-series?afterTimestamp=55412625&afterId=B1CLBDP06300525
Your Leisure,https://yourleisure.gs-signature.cloud/OpenActive/,sessionSeries,https://opendata.leisurecloud.live/api/feeds/YourLeisure-live-session-series,your-leisure--sessionseries,https://opendata.leisurecloud.live/api/feeds/YourLeisure-live-session-series?afterTimestamp=39132244&afterId=RA1CPBL09300726
Active Hartlepool,https://activehartlepool.gs-signature.cloud/OpenActive/,scheduledSession,https://opendata.leisurecloud.live/api/feeds/HartlepoolBoroughCouncil-live-scheduled-sessions,active-hartlepool--scheduledsession,https://opendata.leisurecloud.live/api/feeds/HartlepoolBoroughCouncil-live-scheduled-sessions?afterTimestamp=6099531&afterId=00000000000050091624
Active Leeds,https://activeleeds-oa.leisurecloud.net/OpenActive/,scheduledSession,https://opendata.leisurecloud.live/api/feeds/ActiveLeeds-live-scheduled-sessions,active-leeds--scheduledsession,https://opendata.leisurecloud.live/api/feeds/ActiveLeeds-live-scheduled-sessions?afterTimestamp=118978722&afterId=00000000000130071719
Be Well - London Borough of Tower Hamlets,https://towerhamletscouncil.gs-signature.cloud/OpenActive/,scheduledSession,https://opendata.leisurecloud.live/api/feeds/TowerHamletsCouncil-live-scheduled-sessions,be-well-london-borough-of-tower-hamlets--scheduledsession,https://opendata.leisurecloud.live/api/feeds/TowerHamletsCouncil-live-scheduled-sessions?afterTimestamp=152317866&afterId=00000000000030028879
Better,https://better-admin.org.uk/api/openactive/better,scheduledSession,https://better-admin.org.uk/api/openactive/better/scheduled-sessions,better--scheduledsession,https://better-admin.org.uk/api/openactive/better/scheduled-sessions?afterTimestamp=1784553028&afterId=activity%3A92901827
Birmingham City Council,https://bccleisure.gs-signature.cloud/OpenActive/,scheduledSession,https://opendata.leisurecloud.live/api/feeds/BirminghamCityCouncil-live-scheduled-sessions,birmingham-city-council--scheduledsession,https://opendata.leisurecloud.live/api/feeds/BirminghamCityCouncil-live-scheduled-sessions?afterTimestamp=42198298&afterId=00000000000050063845
Bookwhen,https://data.bookwhen.com/,scheduledSession,https://bookwhen.com/api/openactive/scheduledsessions,bookwhen--scheduledsession,https://bookwhen.com/api/openactive/scheduledsessions?afterId=10culqoi3te5&afterTimestamp=1784553654
Brimhams Active,https://brimhamsactive.gs-signature.cloud/OpenActive/,scheduledSession,https://opendata.leisurecloud.live/api/feeds/BrimhamsActive-live-scheduled-sessions,brimhams-active--scheduledsession,https://opendata.leisurecloud.live/api/feeds/BrimhamsActive-live-scheduled-sessions?afterTimestamp=88182035&afterId=00000000000010088448
Castlepoint,https://castlepoint.gs-signature.cloud/OpenActive/,scheduledSession,https://opendata.leisurecloud.live/api/feeds/Castlepoint-live-scheduled-sessions,castlepoint--scheduledsession,https://opendata.leisurecloud.live/api/feeds/Castlepoint-live-scheduled-sessions?afterTimestamp=110530635&afterId=00000000000050594353
Chelmsford City Sports,https://chelmsfordcitysports.gs-signature.cloud/OpenActive/,scheduledSession,https://opendata.leisurecloud.live/api/feeds/ChelmsfordCitySports-live-scheduled-sessions,chelmsford-city-sports--scheduledsession,https://opendata.leisurecloud.live/api/feeds/ChelmsfordCitySports-live-scheduled-sessions?afterTimestamp=45154855&afterId=00000000000010683990
Chelmsford City Sports,https://chelmsfordcitysports.leisurecloud.net/OpenActive/,scheduledSession,https://opendata.leisurecloud.live/api/feeds/ChelmsfordCitySports-live-scheduled-sessions,chelmsford-city-sports--scheduledsession,https://opendata.leisurecloud.live/api/feeds/ChelmsfordCitySports-live-scheduled-sessions?afterTimestamp=45154855&afterId=00000000000010683990
Colchester Leisure World,https://leisureworldmembership.leisurecloud.net/OpenActive/,scheduledSession,https://opendata.leisurecloud.live/api/feeds/ColchesterLeisureWorld-live-scheduled-sessions,colchester-leisure-world--scheduledsession,https://opendata.leisurecloud.live/api/feeds/ColchesterLeisureWorld-live-scheduled-sessions?afterTimestamp=91559517&afterId=00000000000050279753
Conwy,https://conwy.gs-signature.cloud/OpenActive/,scheduledSession,https://opendata.leisurecloud.live/api/feeds/Conwy-live-scheduled-sessions,conwy--scheduledsession,https://opendata.leisurecloud.live/api/feeds/Conwy-live-scheduled-sessions?afterTimestamp=42035938&afterId=00000000000010710710
Courtside Hubs CIC,https://api.premiertennis.co.uk/openactive,scheduledSession,https://api.premiertennis.co.uk/openactive/feed/scheduled-sessions,courtside-hubs-cic--scheduledsession,https://api.premiertennis.co.uk/openactive/feed/scheduled-sessions?afterTimestamp=1784552244&afterId=131956
Everyone Active,https://data.everyoneactive.com/OpenActive/,scheduledSession,https://opendata.leisurecloud.live/api/feeds/EveryoneActive-live-scheduled-sessions,everyone-active--scheduledsession,https://opendata.leisurecloud.live/api/feeds/EveryoneActive-live-scheduled-sessions?afterTimestamp=470997825&afterId=00000000000330080999
Huntingdonshire District Council,https://oneleisure.gs-signature.cloud/OpenActive/,scheduledSession,https://opendata.leisurecloud.live/api/feeds/OneLeisure-live-scheduled-sessions,huntingdonshire-district-council--scheduledsession,https://opendata.leisurecloud.live/api/feeds/OneLeisure-live-scheduled-sessions?afterTimestamp=82409768&afterId=00000000000103326490
Lampton Leisure,https://lamptonleisure.gs-signature.cloud/OpenActive/,scheduledSession,https://opendata.leisurecloud.live/api/feeds/LamptonLeisure-live-scheduled-sessions,lampton-leisure--scheduledsession,https://opendata.leisurecloud.live/api/feeds/LamptonLeisure-live-scheduled-sessions?afterTimestamp=72602909&afterId=00000000000030130162
LED Community Leisure Ltd,https://ledleisure.gs-signature.cloud/OpenActive/,scheduledSession,https://opendata.leisurecloud.live/api/feeds/LEDCommunityLeisureLtd-live-scheduled-sessions,led-community-leisure-ltd--scheduledsession,https://opendata.leisurecloud.live/api/feeds/LEDCommunityLeisureLtd-live-scheduled-sessions?afterTimestamp=10351814&afterId=00000000000060797497
Leisure SK,https://leisuresk.leisurecloud.net/OpenActive/,scheduledSession,https://opendata.leisurecloud.live/api/feeds/LeisureSK-live-scheduled-sessions,leisure-sk--scheduledsession,https://opendata.leisurecloud.live/api/feeds/LeisureSK-live-scheduled-sessions?afterTimestamp=78951115&afterId=00000000000010083528
Liberty Leisure,https://lleisure.gs-signature.cloud/OpenActive/,scheduledSession,https://opendata.leisurecloud.live/api/feeds/LibertyLeisure-live-scheduled-sessions,liberty-leisure--scheduledsession,https://opendata.leisurecloud.live/api/feeds/LibertyLeisure-live-scheduled-sessions?afterTimestamp=70189584&afterId=00000000000040090342
Oldham Community Leisure,https://ocll.gs-signature.cloud/OpenActive/,scheduledSession,https://opendata.leisurecloud.live/api/feeds/OldhamCommunityLeisure-live-scheduled-sessions,oldham-community-leisure--scheduledsession,https://opendata.leisurecloud.live/api/feeds/OldhamCommunityLeisure-live-scheduled-sessions?afterTimestamp=13164819&afterId=00000000000010578969
Oxford University,https://oxforduniversity.leisurecloud.net/OpenActive/,scheduledSession,https://opendata.leisurecloud.live/api/feeds/OxfordUniversity-live-scheduled-sessions,oxford-university--scheduledsession,https://opendata.leisurecloud.live/api/feeds/OxfordUniversity-live-scheduled-sessions?afterTimestamp=86358318&afterId=00000000000011271163
Pembrokeshire Leisure,https://connect.pembrokeshire.gov.uk/OpenActive/,scheduledSession,https://opendata.leisurecloud.live/api/feeds/Pembrokeshire-live-scheduled-sessions,pembrokeshire-leisure--scheduledsession,https://opendata.leisurecloud.live/api/feeds/Pembrokeshire-live-scheduled-sessions?afterTimestamp=247848101&afterId=00000000000900023515
Places Leisure,https://placesleisure.gs-signature.cloud/OpenActive/,scheduledSession,https://opendata.leisurecloud.live/api/feeds/PlacesLeisure-live-scheduled-sessions,places-leisure--scheduledsession,https://opendata.leisurecloud.live/api/feeds/PlacesLeisure-live-scheduled-sessions?afterTimestamp=301145835&afterId=00000000000340034077
Played,https://openactive.played.co/openactive/,scheduledSession,https://openactive.played.co/feeds/scheduled-sessions,played--scheduledsession,https://openactive.played.co/feeds/scheduled-sessions?afterChangeNumber=18840175
Playwaze,https://playwaze.com/opendata/openactive,scheduledSession,https://playwaze.com/feeds/scheduled-sessions,playwaze--scheduledsession,
Plymouth Active,https://plymouthcouncil.gs-signature.cloud/OpenActive/,scheduledSession,https://opendata.leisurecloud.live/api/feeds/PlymouthCouncil-live-scheduled-sessions,plymouth-active--scheduledsession,https://opendata.leisurecloud.live/api/feeds/PlymouthCouncil-live-scheduled-sessions?afterTimestamp=123242508&afterId=00000000000030461157
Redbridge Sports Centre,https://rslonline.leisurecloud.net/OpenActive/,scheduledSession,https://opendata.leisurecloud.live/api/feeds/RedbridgeSportsCentre-live-scheduled-sessions,redbridge-sports-centre--scheduledsession,https://opendata.leisurecloud.live/api/feeds/RedbridgeSportsCentre-live-scheduled-sessions?afterTimestamp=0&afterId=
Rivers Fitness,https://riversfitness.gs-signature.cloud/OpenActive/,scheduledSession,https://opendata.leisurecloud.live/api/feeds/WychavonLeisure-live-scheduled-sessions,rivers-fitness--scheduledsession,https://opendata.leisurecloud.live/api/feeds/WychavonLeisure-live-scheduled-sessions?afterTimestamp=79868193&afterId=00000000000001346080
Southwark Council,https://southwarkcouncil-oa.leisurecloud.net/OpenActive/,scheduledSession,https://opendata.leisurecloud.live/api/feeds/SouthwarkCouncil-live-scheduled-sessions,southwark-council--scheduledsession,https://opendata.leisurecloud.live/api/feeds/SouthwarkCouncil-live-scheduled-sessions?afterTimestamp=137359860&afterId=00000000000010142404
TeamUp,https://goteamup.com/api/openactive/v1/,scheduledSession,https://goteamup.com/api/openactive/v1/scheduledsessions,teamup--scheduledsession,https://goteamup.com/api/openactive/v1/scheduledsessions?afterId=98779903&afterTimestamp=1784561534
Tonbridge and Malling Leisure Trust,https://tma.gs-signature.cloud/OpenActive/,scheduledSession,https://opendata.leisurecloud.live/api/feeds/tma-live-scheduled-sessions,tonbridge-and-malling-leisure-trust--scheduledsession,https://opendata.leisurecloud.live/api/feeds/tma-live-scheduled-sessions?afterTimestamp=0&afterId=
Trafford Community Leisure Trust,https://traffordleisure.leisurecloud.net/OpenActive/,scheduledSession,https://opendata.leisurecloud.live/api/feeds/TraffordCommunityLeisureTrust-live-scheduled-sessions,trafford-community-leisure-trust--scheduledsession,
Vision Redbridge,https://visionredbridge.gs-signature.cloud/OpenActive/,scheduledSession,https://opendata.leisurecloud.live/api/feeds/VisionRedbridge-live-scheduled-sessions,vision-redbridge--scheduledsession,https://opendata.leisurecloud.live/api/feeds/VisionRedbridge-live-scheduled-sessions?afterTimestamp=114721970&afterId=00000000000010273799
Wellington College,https://wellingtonclub.gs-signature.cloud/OpenActive/,scheduledSession,https://opendata.leisurecloud.live/api/feeds/WellingtonCollege-live-scheduled-sessions,wellington-college--scheduledsession,https://opendata.leisurecloud.live/api/feeds/WellingtonCollege-live-scheduled-sessions?afterTimestamp=47481338&afterId=00000000000010766658
West Wight Sports and Community,https://westwight.gs-signature.cloud/OpenActive/,scheduledSession,https://opendata.leisurecloud.live/api/feeds/WestWightSportsandCommunity-live-scheduled-sessions,west-wight-sports-and-community--scheduledsession,
Wigan Leisure and Culture Trust,https://bewellwigan.gs-signature.cloud/OpenActive/,scheduledSession,https://opendata.leisurecloud.live/api/feeds/WiganLeisureandCultureTrust-live-scheduled-sessions,wigan-leisure-and-culture-trust--scheduledsession,
WV Active,https://wvactive.leisurecloud.net/OpenActive/,scheduledSession,https://opendata.leisurecloud.live/api/feeds/WVActive-live-scheduled-sessions,wv-active--scheduledsession,https://opendata.leisurecloud.live/api/feeds/WVActive-live-scheduled-sessions?afterTimestamp=55422404&afterId=00000000000030367548
Your Leisure,https://yourleisure.gs-signature.cloud/OpenActive/,scheduledSession,https://opendata.leisurecloud.live/api/feeds/YourLeisure-live-scheduled-sessions,your-leisure--scheduledsession,https://opendata.leisurecloud.live/api/feeds/YourLeisure-live-scheduled-sessions?afterTimestamp=39162040&afterId=00000000000002239923
Bookwhen,https://data.bookwhen.com/,event,https://bookwhen.com/api/openactive/events,bookwhen--event,https://bookwhen.com/api/openactive/events?afterId=ba40gdosnic9&afterTimestamp=1784561664
Exercise Anywhere,https://opendata.exercise-anywhere.com/,event,https://opendata.exercise-anywhere.com/api/rpde/events,exercise-anywhere--event,https://opendata.exercise-anywhere.com/api/rpde/events?afterTimestamp=1784559622&afterId=356467
Find My Facility,https://api.findmyfacility.com/v1/openactive,event,https://api.findmyfacility.com/v1/openactive/events,find-my-facility--event,https://api.findmyfacility.com/v1/openactive/events?afterTimestamp=1759760847&afterId=2a9ce9e5-cd05-4de5-803a-ac45816f2ded
Good Gym,https://www.goodgym.org/api/openactive/,event,https://www.goodgym.org/api/openactive/events,good-gym--event,https://www.goodgym.org/api/openactive/events?afterId=128449&afterTimestamp=1784561525&asOf=1784561671&limit=500
Open Sessions,https://openactive.opensessions.io/,event,https://opensessions.io/api/rpde/events,open-sessions--event,https://opensessions.io/api/rpde/events?afterTimestamp=1784505117&afterId=22248
Our Parks,https://ourparks.org.uk/openactive,event,https://ourparks.org.uk/api/events,our-parks--event,https://ourparks.org.uk/api/events?afterTimestamp=1784547173&afterId=105387
Playwaze,https://playwaze.com/opendata/openactive,event,https://playwaze.com/feeds/events,playwaze--event,
TeamUp,https://goteamup.com/api/openactive/v1/,event,https://goteamup.com/api/openactive/v1/events,teamup--event,https://goteamup.com/api/openactive/v1/events?afterId=106016237&afterTimestamp=1784562536
British Cycling,http://data.letsride.co.uk/,unnamedFeed,http://api.letsride.co.uk/public/v1/rides,british-cycling--unnamedfeed,
British Orienteering,http://data.britishorienteering.org.uk/,unnamedFeed,https://www.britishorienteering.org.uk/fullfixturesjson.php,british-orienteering--unnamedfeed,https://www.britishorienteering.org.uk/fullfixturesjson.php?afterTimestamp=1784569196&afterId=E88657
British Triathlon,http://data.britishtriathlon.org/,unnamedFeed,https://api.britishtriathlon.org/openactive/v1/events,british-triathlon--unnamedfeed,https://api.britishtriathlon.org/openactive/v1/events?afterTimestamp=1784568037&afterId=17115
England Netball,https://data.englandnetball.co.uk/,unnamedFeed,https://api.englandnetball.co.uk/api/openactive/sessions,england-netball--unnamedfeed,https://api.englandnetball.co.uk/api/openactive/sessions?afterId=256380&afterTimestamp=1784557208
GLL,http://data.better.org.uk/,unnamedFeed,https://www.better.org.uk/odi/sessions.json,gll--unnamedfeed,https://www.better.org.uk/odi/sessions.json?afterTimestamp=1784569034&afterId=85694556
GO Mammoth,http://data.gomammoth.co.uk/,unnamedFeed,https://reports.gomammoth.co.uk/api/OpenData/Leagues?afterTimestamp=0,go-mammoth--unnamedfeed,https://reports.gomammoth.co.uk/api/OpenData/Leagues?afterTimestamp=58709890587
Lawn Tennis Association,https://lawntennisassociation.github.io/,unnamedFeed,https://api.clubspark.uk/odi/public/courses,lawn-tennis-association--unnamedfeed,
SportStarta.com,https://sportstarta.github.io/,unnamedFeed,http://www.devapi.lewishamparklife.co.uk/api/games/get_active_single_game,sportstarta-com--unnamedfeed,
Upshot,https://openactive.upshot.org.uk/,unnamedFeed,https://app.upshot.org.uk/api/v0/openactive/v1.0/,upshot--unnamedfeed,https://app.upshot.org.uk/api/v0/openactive/v1.0/?afterTimestamp=1784571296529027&afterId=55746a72a8369d93
